일시,평균기온(°C),최저기온(°C),최고기온(°C),일강수량(mm),최대 순간 풍속(m/s),최대 풍속(m/s),평균 풍속(m/s),최소 상대습도(%),평균 증기압(hPa),평균 현지기압(hPa),최저 해면기압(hPa),일 최심신적설(cm),평균 지면온도(°C)
2026-01-01,8.698493650793646,5.989795238095238,11.273413492063485,0.08440634920634922,9.548773015873019,5.9677158730158775,2.5687341269841273,54.15001587301586,7.639962698412702,1021.0857650793655,1024.8949095238097,0.0,8.011707936507937
2026-01-02,9.530992460317458,6.652239285714287,13.494735714285714,0.0010158730158730158,7.3354857142857135,4.604421428571431,2.199291666666666,52.439515873015864,8.120599206349207,1017.1207599206354,1020.046078571428,0.0,8.204731349206353
2026-01-03,8.456334523809526,6.756160317460316,10.561741269841272,1.3885257936507938,15.444962301587305,10.112903571428564,5.434150396825398,41.5807380952381,6.676057539682539,1015.018267857143,1017.7592734126979,0.0,7.639718650793645
2026-01-04,7.826564357864357,4.460643001443002,12.044658658008652,0.0,10.84167435064935,6.79538726551227,3.207242965367965,43.95358946608946,6.435656313131313,1018.1082104978367,1022.3062181457431,0.0,6.699263383838386
2026-01-05,10.925007503607501,6.049189826839828,15.056830122655123,0.17350000000000002,9.856355844155845,6.440272510822512,3.766350216450217,48.536803751803745,8.166782034632034,1016.8957304473311,1020.1476174242423,0.0,8.596596103896104
2026-01-06,8.992114285714285,6.275919047619047,12.052364285714287,0.0,10.91335952380953,6.403498809523813,3.779611904761906,37.71110714285715,6.723058333333333,1017.0107499999993,1020.1934833333332,0.0,8.732332142857144
2026-01-07,5.8921099206349234,4.239468253968256,8.215586904761905,0.0052,14.957297619047617,8.46809126984127,5.782899603174602,41.37535317460315,5.146538492063493,1020.7106051587303,1023.3946142857137,0.0,6.231445634920635
2026-01-08,4.394085317460318,2.2988738095238106,6.890984920634919,0.0,9.926513888888895,6.2843845238095195,2.7663123015873,52.91944047619047,5.532859126984127,1020.9469246031738,1024.175525396825,0.0,5.287659523809524
2026-01-09,8.213470238095232,2.5358666666666676,11.476074999999994,2.1517047619047616,10.861173809523809,7.889328571428573,2.88455119047619,60.876523809523796,8.347291666666665,1014.798426190476,1016.7131261904765,0.0,6.267355952380954
2026-01-10,6.867747619047618,4.3613035714285715,10.431454761904766,0.6877690476190478,14.14282857142857,9.034954761904764,5.483478571428573,48.43604761904762,6.503525,1013.7960833333336,1015.6766214285715,0.0,6.701859523809524
2026-01-11,6.865904365079363,3.197308730158731,10.838581746031746,0.0,10.611598809523807,6.645606349206349,4.183495634920636,47.5790992063492,6.200052380952382,1014.9761198412692,1018.5719210317459,0.0,6.166761507936509
2026-01-12,9.753113492063493,6.008683730158731,13.08505277777777,0.0,10.37181468253968,6.199790476190474,3.624110714285715,47.85941666666667,7.649930952380954,1014.3697706349204,1017.9569519841269,0.0,7.8731769841269825
2026-01-13,7.13916666666667,4.1710809523809536,11.286880952380947,0.0,9.407447619047618,5.496733333333334,2.8617285714285714,34.68471428571428,5.55889285714286,1019.5415976190483,1021.1018928571436,0.0,6.06192857142857
2026-01-14,11.118307142857141,4.035969047619049,16.579208730158726,0.07151309523809521,13.808087301587298,8.818293650793652,4.401444047619052,44.86396825396826,8.977905555555559,1017.5762865079373,1019.6194646825398,0.0,8.523980952380954
2026-01-15,6.397513186813187,4.443902380952381,9.265576923076928,0.0,13.185412820512818,7.8197765567765565,5.080199450549451,40.77294780219781,5.420434798534801,1021.5694614468858,1021.1163736263741,0.0,6.800487545787546
2026-01-16,7.76190173160173,3.3521130952380944,11.806130411255408,0.0,9.460874025974029,6.135157467532468,2.8426678571428567,43.41186147186148,6.085385173160173,1025.4472079004329,1028.3485658008653,0.0,6.930738311688309
2026-01-17,13.733323015873008,8.165534523809523,17.463334776334776,0.0,9.346133152958153,6.338280483405483,3.5282174603174594,51.605190836940835,10.314262157287162,1020.2887317099568,1021.9571503246754,0.0,11.585908549783548
2026-01-18,13.518923015873021,10.526613492063493,16.581846428571428,5.1121876984127,9.33015436507937,5.9127797619047655,3.2593261904761897,69.21022222222224,12.961958333333332,1016.3826380952381,1019.4176472222217,0.0,12.698118650793651
2026-01-19,11.588335714285716,10.360899206349206,12.8882753968254,13.586732539682544,12.16023888888889,6.650346031746029,3.743760317460318,79.05743650793649,11.821970634920639,1017.6498460317462,1021.377023809524,0.0,11.346418253968253
2026-01-20,11.507346031746032,9.256611507936507,12.635988492063488,32.92444722222221,13.721131746031752,7.642323809523809,4.249767857142858,78.53419047619046,12.12146071428571,1013.4987115079363,1015.5801805555561,0.0,11.295859126984135
2026-01-21,8.722967207792207,6.591710317460313,10.49860815295815,5.302862373737373,13.918173412698408,8.623591666666671,4.4007587301587305,70.09865079365078,9.34156277056277,1018.2049085137082,1018.0037285714288,0.0,9.043670238095238
2026-01-22,2.152685461760462,-0.5971976551226551,6.747251406926409,0.47905443722943736,19.695768073593072,11.976208405483405,8.001025505050507,51.99766810966812,4.77830284992785,1022.0095017676772,1025.3475047619052,0.2010961038961039,3.2769785714285704
2026-01-23,0.19816706349206342,-1.438542857142858,2.0691960317460327,4.128542857142855,19.630013095238102,12.115840873015877,8.612598412698413,52.11251587301588,4.42094365079365,1021.4294083333328,1024.8472059523804,0.9692876984126982,1.6293253968253962
2026-01-24,2.849584920634918,-0.3037464285714287,4.7315968253968235,1.37046626984127,19.19067222222222,11.907513888888882,7.957039682539682,54.4710396825397,5.073880952380953,1020.9509678571424,1024.5406329365085,0.17373253968253963,2.4076063492063495
2026-01-25,4.105949062049062,2.7462662337662347,5.9994786435786445,0.0,13.121209956709961,8.154254978354977,5.172837662337665,57.20068686868686,5.384029725829723,1023.2820803751804,1027.1323044733044,0.0,3.5890581529581533
2026-01-26,5.554184126984127,4.060154761904762,8.161290476190473,0.0,11.391363095238093,7.546949206349207,4.116257936507934,50.17618253968256,5.5617551587301595,1023.9290452380947,1027.8941222222224,0.0,5.059571031746032
2026-01-27,6.656541269841267,4.111096825396825,9.688599206349206,0.0,10.283340476190478,6.503325396825399,3.6705865079365076,45.9583253968254,5.6224746031746005,1022.0078031746032,1025.3762650793653,0.0,5.9594769841269875
2026-01-28,5.95329087301587,3.312553174603175,8.351758730158735,0.10588134920634917,14.206395634920632,8.640526984126984,4.690008333333335,44.55568650793653,5.415185714285716,1023.5871880952378,1025.532981349207,0.006,5.693991269841268
2026-01-29,5.787633333333335,2.221995634920636,9.912120238095236,0.0,7.609351587301588,4.827072222222224,2.658511904761905,52.18969841269842,6.026710317460319,1025.4405817460322,1029.318697619048,0.0,5.395640476190478
2026-01-30,7.9262523809523815,3.7406226190476177,10.432773809523814,2.604804761904763,9.833995000000003,5.595189285714286,2.7788004761904763,65.79752380952378,8.587857142857144,1022.218353571428,1023.9245738095236,0.0,6.638216666666669
2026-01-31,12.427326190476183,9.923932142857142,15.715247619047618,3.3399714285714284,8.768141666666665,5.358489285714284,2.222941666666667,74.02646428571427,12.559199999999999,1017.3059035714292,1020.2273190476194,0.0,12.414908333333331
2026-02-01,9.904080952380953,8.846379365079365,11.909319047619048,16.519801190476187,10.726219444444444,6.471586904761903,3.8794432539682533,84.18953571428573,11.200680555555559,1016.8570166666667,1019.734830555555,0.0,10.190369047619049
2026-02-02,9.26771309523809,8.650070238095243,9.825067857142857,5.984379761904763,10.298292857142856,6.271772619047619,3.4868642857142844,81.62870238095239,10.131213095238092,1020.6001726190476,1022.9162226190475,0.0,9.45407976190476
2026-02-03,9.888003571428571,9.286033333333334,10.89435,11.825059523809522,10.765685476190477,6.01109119047619,3.2411070238095254,75.58832142857142,10.623161904761908,1018.9070499999997,1021.5806404761906,0.0,9.639467857142858
2026-02-04,11.240962698412694,9.675650793650787,13.64613174603174,14.93466031746031,11.457646825396825,6.767642063492068,3.810746825396826,70.57024603174602,11.049327777777776,1016.4247476190474,1017.7418571428567,0.0,10.7800126984127
2026-02-05,10.081076190476189,7.678178571428569,13.698080952380963,15.625280952380951,16.383430063492064,12.217357936507936,5.723719428571432,68.72911904761905,10.35352380952381,1012.3145285714286,1011.8861373015873,0.0,10.159971428571428
2026-02-06,7.867298629148628,6.861246176046173,9.564436652236651,0.48903542568542574,10.682704761904763,6.861499350649349,4.158407142857142,58.6891536796537,7.344846753246753,1018.8705765512262,1022.8894860028864,0.0,7.89601443001443
2026-02-07,5.900978571428574,4.1466047619047615,8.370159523809521,0.0161,11.687995238095233,7.129830952380952,4.547692857142856,53.46388095238095,5.841242857142856,1017.6057380952377,1020.9389285714288,0.0,6.349647619047618
2026-02-08,5.376896031746029,3.515168253968254,7.427953174603174,0.0,10.764030158730158,6.6710416666666665,4.016718650793652,53.17221428571428,5.630982142857139,1016.544384920635,1019.8660960317465,0.0,5.614740873015875
2026-02-09,6.211753063603067,4.033545862470862,9.092177997002999,0.05566666666666666,11.90021794039294,7.312046312021312,4.2163598901098895,46.640122211122225,5.488700974025973,1017.8717541874789,1020.985522252747,0.0,6.3531678238428215
2026-02-10,7.042966847041848,4.138787337662339,10.670033333333333,0.42110764790764776,11.286348484848483,7.391976839826844,3.6782693722943725,50.18812301587302,6.605747763347766,1019.7508019841268,1023.2557748196248,0.0,6.447225685425686
2026-02-11,8.269788095238091,5.178885714285717,12.120659523809518,0.1425,14.8688880952381,9.94742857142857,5.485821428571428,36.72609523809523,5.707830952380952,1020.9854238095244,1024.5510690476199,0.0,6.612954761904761
2026-02-12,8.859322619047617,3.3809130952380957,13.584650793650788,0.0,7.927491666666664,5.53498134920635,2.627121825396825,40.08627777777778,6.7087277777777805,1025.3871980158729,1028.4104238095242,0.0,7.8500646825396805
2026-02-13,13.341479365079367,8.072149603174603,17.943727380952375,0.0,11.945932936507937,7.569455952380951,3.8782992063492077,44.36955555555554,10.08137261904762,1022.7663666666667,1025.2728353174602,0.0,11.363396825396826
2026-02-14,15.110279761904758,13.572804761904754,16.72677500000001,4.855769047619046,9.60188690476191,6.005869047619047,2.9906845238095245,70.58904761904759,14.708446428571424,1017.4065309523805,1020.2180273809529,0.0,13.826765476190472
2026-02-15,10.762793742368743,6.34932142857143,17.20741746031746,0.09149999999999998,16.311576984126983,9.316355158730163,4.510331746031745,48.20363888888889,10.221219444444447,1014.4372115079361,1016.3450928571426,0.0,10.979651984126985
2026-02-16,7.58754365079365,3.6973746031746035,11.120717460317453,0.0,10.77130476190476,6.042861507936506,2.978982539682541,52.81017063492063,6.900823412698411,1019.0748099206352,1022.0977349206344,0.0,7.984886904761902
2026-02-17,9.768406349206348,4.329027777777779,14.884965873015869,0.0,7.368237301587302,4.9203119047619035,2.7172115079365073,48.401892857142855,8.045129365079363,1016.9725666666669,1020.4292650793647,0.0,9.670582539682536
2026-02-18,14.765480952380956,9.8314630952381,17.42357619047619,23.320991666666664,15.855739285714282,10.431536904761902,4.843792857142857,68.74619047619046,14.587939285714283,1012.2534154761909,1012.9320250000004,0.0,12.628947619047619
2026-02-19,15.155797222222217,11.100718253968253,19.352449603174612,7.822782539682539,17.84548690476191,11.763802777777771,6.150083730158732,77.46819047619047,15.445788888888892,1009.0794789682543,1010.1626408730158,0.0,15.708012301587305
2026-02-20,11.748912445887445,9.40074718614719,14.071243290043292,10.28402554112554,12.901450865800864,8.00177976190476,3.331530411255412,83.4942911255411,12.788591450216439,1013.5496323593071,1016.4161084415587,0.0,11.983863528138526
2026-02-21,12.840301190476191,12.106313492063494,14.280807539682543,23.396778174603178,11.911872619047616,6.486476587301587,4.148523015873014,86.38836111111112,13.604463888888889,1010.4718484126989,1012.7143373015875,0.0,12.896979365079362
2026-02-22,9.54895476190476,8.427663492063493,12.19676349206349,17.014001587301586,13.95401349206349,8.35757420634921,4.704248809523811,86.21586904761905,10.73205476190476,1016.2128884920638,1016.2761242063491,0.0,10.37322976190476
2026-02-23,7.921352777777779,7.216450396825397,8.617403174603176,10.846056746031747,11.838799603174605,6.7419571428571405,3.9483285714285703,78.79219047619048,9.019107936507938,1020.8379559523813,1022.9877559523808,0.0,8.392026984126982
2026-02-24,8.063580952380955,6.715633333333334,9.403210714285716,8.270529761904758,10.360190476190471,6.064596428571427,3.5968916666666666,69.02619047619048,8.856860714285709,1019.4968690476189,1020.8112523809524,0.0,8.030438095238095
2026-02-25,8.327350000000001,6.777635714285712,9.868348809523807,6.102172619047621,11.756384523809526,7.563192857142858,4.55332976190476,67.52371428571429,8.61899166666667,1016.2452273809517,1018.4477523809524,0.0,8.760017857142858
2026-02-26,7.518275793650794,5.684276984126985,9.876190873015876,0.13064285714285717,10.507773809523812,6.745205952380953,3.876101190476191,51.542464285714296,6.774792063492059,1020.8203444444442,1024.4057162698414,0.0,8.685399603174602
2026-02-27,9.242859523809521,7.355951587301591,12.295837698412695,0.022122222222222234,12.369760714285711,7.002929365079366,3.7549055555555544,47.709686507936496,7.235955158730158,1023.084975793651,1026.3062317460322,0.0,9.354389682539681
2026-02-28,10.119260533910532,7.594203932178934,12.462280375180372,0.6601422438672434,11.482480627705622,6.42785847763348,3.555984920634919,49.694441919191924,7.605518578643577,1021.5296830808078,1023.7791419552667,0.0,9.096540043290041
2026-03-01,3.6411321428571433,0.9597202380952381,7.929713095238096,0.21,18.07580119047619,10.46594523809524,6.559285714285718,45.337142857142865,4.774532142857143,1018.3972023809532,1020.5739619047622,0.0,4.766346428571428
2026-03-02,4.218447130647131,1.0514118742368737,7.782382997557999,0.0,13.887085592185588,8.16234102564102,4.376572100122097,39.06594566544567,4.4599439255189255,1018.5131899572646,1021.1935251831501,0.0,5.452604914529915
2026-03-03,8.060701984126982,4.006861111111111,11.787241666666665,0.0,11.058258730158727,7.444365079365076,4.46417380952381,44.94088492063491,5.984005952380955,1016.5849329365079,1019.8620063492064,0.0,6.740064682539683
2026-03-04,9.761828571428575,5.723053968253968,14.26560515873016,11.936795238095238,11.914491269841267,6.801315476190475,3.4471638888888885,46.86861507936509,8.395395634920636,1014.2797158730162,1014.197240079365,0.0,8.352361904761903
2026-03-05,11.10475952380953,9.542914285714282,12.343153968253969,11.439315873015873,12.70155317460317,7.392694444444442,4.2402555555555566,79.89899206349207,11.782484920634918,1004.4133753968257,1006.1970960317458,0.0,10.687044444444439
2026-03-06,9.96135624098124,7.957097907647909,11.67399581529582,0.0,12.175251551226554,7.121926659451658,4.052067857142856,60.23200108225108,8.78844783549784,1010.0748752525247,1009.3737968253969,0.0,9.44287326839827
2026-03-07,8.101363888888887,5.652755158730158,11.60407142857143,0.0,13.079995634920635,8.224336111111112,4.334779365079367,35.98375793650794,6.246618650793652,1013.251102380952,1016.1629087301588,0.0,8.694906746031748
2026-03-08,7.400999999999999,5.220840476190475,10.444461904761907,0.0,14.502767857142858,9.209136904761905,5.548097619047622,32.243571428571435,5.047904761904763,1015.099885714286,1017.865357142857,0.0,7.849534523809521
2026-03-09,6.362892857142856,3.8053309523809524,9.536776190476191,0.0,13.379778571428579,8.408707142857146,4.574554761904763,41.12978571428571,5.159330952380952,1019.7293857142856,1022.3058357142858,0.0,8.723997619047621
2026-03-10,7.736913492063491,2.8540222222222225,12.077335317460324,0.0,8.900748015873019,5.429312590187589,2.8007599206349196,36.83582142857144,5.51366150793651,1023.2850214285711,1026.5625940476195,0.0,9.429796428571434
2026-03-11,9.631460173160173,4.945259199134201,14.371448051948049,12.783110822510821,12.260681601731603,7.876196320346317,2.8521335497835496,53.42090151515153,9.212423809523807,1015.1719896103896,1015.5047628787876,0.0,8.610817640692638
2026-03-12,9.654497222222226,6.284719047619046,14.074486080586084,0.13283397435897434,13.89951626984127,8.518352777777773,4.232983333333334,49.48729365079366,8.472011904761901,1011.5370309523804,1014.0376011904766,0.0,9.77396111111111
2026-03-13,9.343641666666663,5.623452380952384,13.41472261904761,0.0,11.519215476190473,8.155910714285715,3.885713095238096,34.155678571428574,6.213058333333334,1017.7719059523811,1020.2496321428573,0.0,10.213276190476192
2026-03-14,10.42987857142857,6.387122619047625,14.560351190476194,0.0,6.6553380952380925,4.546558333333332,2.3008964285714284,41.02308333333333,7.38364642857143,1018.2473726190477,1021.963846428571,0.0,11.131503571428578
2026-03-15,11.615107142857148,5.874895238095237,16.633602380952382,0.0,6.256583333333338,4.239345238095239,2.2317333333333345,34.50002380952381,7.532638095238098,1020.1896452380948,1023.6372785714287,0.0,12.447073809523806
2026-03-16,13.471554365079363,8.288280158730156,17.715503174603178,0.7208134920634919,6.820117460317461,5.018630555555556,2.4529119047619052,28.07927777777778,10.019751190476189,1016.6690904761904,1018.3510650793654,0.0,13.085849603174603
2026-03-17,12.224185317460318,8.599342460317459,15.549046428571437,2.178665873015873,13.086899206349203,8.21899206349206,4.133241666666668,38.812083333333334,10.918510714285715,1011.8563134920637,1014.3012182539683,0.0,13.3195369047619
2026-03-18,11.212139682539688,7.032842460317461,14.638746825396812,0.307,11.427832539682536,6.894890079365078,3.1942055555555533,37.74214682539682,7.89306746031746,1016.8581916666667,1019.0135253968252,0.0,13.036764285714288
2026-03-19,11.627072222222218,7.870649206349205,16.34845000000001,0.030599999999999995,17.019282539682543,11.308755555555557,5.578590476190475,33.300174603174604,7.557961111111107,1015.0478833333334,1017.1955912698412,0.0,14.38077777777778
2026-03-20,8.004775000000004,5.773633333333334,10.757173809523811,0.21571428571428572,16.86941309523809,10.796048809523803,6.5302261904761885,32.88715476190477,5.141036904761907,1017.486628571428,1020.668844047619,0.0,11.095890476190474
2026-03-21,7.9503932539682545,3.5952956349206344,12.00475634920635,0.0,10.22490396825396,6.496780555555555,3.240393650793651,34.45202777777778,5.730579365079365,1015.0074543650794,1017.7806797619049,0.0,12.281300000000003
2026-03-22,13.741560073260075,6.417745054945053,18.05053565323565,0.11465879120879117,16.689458394383408,11.18506114163614,5.725512118437117,45.151141330891335,10.603087881562884,1010.0290934065936,1011.4850147435895,0.0,14.398018925518928
2026-03-23,16.272865476190482,14.885544047619053,18.748296428571425,1.2467273809523811,11.400492857142854,7.428252380952382,3.0708333333333333,67.00774206349206,15.37105595238095,1009.4417642857143,1011.7329738095235,0.0,19.40678452380952
2026-03-24,14.715654761904762,13.33785476190476,16.44026626984128,14.796418253968254,11.314151984126987,6.46227658730159,3.620124206349207,82.37784523809525,14.936111111111106,1009.490609126984,1012.9400035714281,0.0,15.273469841269845
2026-03-25,14.218088888888888,13.121886111111111,15.316650000000006,11.522044444444441,15.236202777777782,8.921513888888892,4.222980555555555,80.85019444444448,14.336216666666658,1006.8378888888891,1008.7046472222223,0.0,14.599138888888888
2026-03-26,11.111865079365081,9.048213492063494,14.607765873015875,8.806230952380956,17.725753571428573,11.61817142857143,5.2813710317460325,66.48795634920633,10.654045634920637,1012.306174206349,1006.5936273809523,0.0,12.726967063492065
2026-03-27,12.7163,8.112042857142859,17.43192857142858,0.17311428571428567,9.415964285714292,6.036107142857144,2.894857142857144,48.80611904761905,9.979361904761907,1017.9253666666668,1018.3372976190477,0.0,14.309490476190463
2026-03-28,13.432102380952374,11.48419642857143,15.67707500000001,37.999997222222234,13.980028174603182,9.546451587301592,4.992001587301587,71.01115476190475,13.46461111111111,1004.9114555555559,1004.0471694444443,0.0,13.378846031746034
2026-03-29,13.532822222222226,8.423277777777773,17.673015079365072,0.0,14.05914246031747,9.299655952380954,4.40020238095238,57.61392063492065,11.994428571428568,1006.8358329365078,1009.1995638888885,0.0,14.859736904761906
2026-03-30,15.648986904761905,11.10878849206349,20.88971111111111,0.0,12.155223412698408,7.935813095238095,3.44630238095238,56.39583730158731,13.70253373015874,1008.0463313492064,1009.9926869047616,0.0,17.14810595238095
2026-03-31,14.075884126984127,11.11476468253968,17.16604603174604,0.0,7.6381531746031746,5.00211865079365,2.276268253968254,48.97824206349206,12.470406349206346,1006.1052869047614,1007.7674019841268,0.0,14.547219444444433
2026-04-01,15.117194047619053,10.286095238095236,19.901295238095233,0.4700714285714286,6.527564285714284,4.411194047619046,2.2710321428571425,30.68184523809524,11.053627380952378,1010.069241666666,1011.7394119047617,0.0,17.90196785714286
2026-04-02,16.266157142857143,13.038786904761894,18.314550000000008,42.46870119047619,12.952226190476193,7.8099178571428585,3.6559928571428566,61.21441666666665,15.622849999999996,1006.4508464285711,1004.7474261904763,0.0,15.614390476190467
2026-04-03,15.63796587301587,13.759556746031748,17.86156746031746,7.292422222222221,11.20222658730159,7.979554365079367,3.6129198412698402,91.49758333333334,17.006902777777775,999.8458960317462,1001.559303571428,0.0,16.409262698412697
2026-04-04,13.967267460317457,12.65696309523809,15.069935714285714,1.8659698412698413,7.855303571428575,5.383531349206346,2.320758333333334,84.58107936507933,14.526404365079372,1009.9628876984133,1009.9423202380954,0.0,15.706635317460318
2026-04-05,14.530563203463203,12.074986832611836,17.54069902597403,1.3886666666666667,9.139186038961043,5.2316012626262625,2.714977236652237,55.39836219336218,12.126097835497841,1013.6095211038964,1017.0910972943725,0.0,16.607030158730154
2026-04-06,13.943760714285718,11.32244126984127,16.9297753968254,0.11413333333333332,7.333373412698413,4.9663682539682545,2.687682142857142,58.75367460317462,11.656426587301578,1013.5087531746027,1016.37581984127,0.0,14.967727777777782
2026-04-07,15.535491269841273,11.09687420634921,19.53819880952382,0.006999999999999999,7.23309603174603,5.098393253968253,2.271266269841269,44.779388888888896,11.627021825396831,1012.1706313492064,1015.1873456349198,0.0,17.23181984126984
2026-04-08,15.714204761904764,13.68277619047619,18.59497857142857,1.6623476190476194,9.015676190476187,5.340597619047619,2.011840476190476,46.16861904761906,11.64030476190476,1010.9132166666668,1014.6015000000001,0.0,15.127857142857145
2026-04-09,14.800829761904758,11.233819444444443,19.027706349206348,0.014500000000000002,10.090703968253969,6.2519126984126965,3.100972619047619,55.14434126984128,11.524638492063493,1016.3500198412698,1015.7744142857143,0.0,16.896905158730164
2026-04-10,14.493979365079365,11.028156746031746,18.177688095238086,0.0,10.209708333333337,6.036281746031746,3.4584242063492066,50.40109126984128,10.748456746031746,1019.5236484126982,1022.9912841269839,0.0,18.178984920634925
2026-04-11,15.976118253968247,12.988038888888891,19.25627539682539,1.321227777777778,7.2156920634920665,4.80472142857143,2.2557079365079375,53.80731746031747,13.442926190476198,1016.2382134920637,1019.3129206349213,0.0,15.811580952380952
2026-04-12,16.884546031746034,13.405952380952376,20.515051984126977,0.044030158730158725,8.584996428571428,5.374287698412697,2.496056349206349,55.887948412698385,14.377397222222221,1012.8515230158728,1015.8848039682542,0.0,19.409680555555557
2026-04-13,17.57920432900432,14.5210784992785,21.553449819624824,1.594418939393939,7.286461291486293,4.604914682539684,2.0879020562770574,53.06263564213563,15.048657215007216,1012.6513893217892,1016.4978351370852,0.0,22.26064321789322
2026-04-14,18.644356746031743,14.263669444444451,21.47570476190476,0.9156666666666666,14.473808333333329,8.012598015873014,4.2305,58.695031746031745,16.041134523809525,1011.0330055555554,1012.9539575396828,0.0,19.632521031746034
2026-04-15,17.46290833333333,14.751541666666666,22.32272023809524,22.623646428571455,14.399138095238094,9.2510369047619,4.398394047619047,70.56035714285714,17.190390476190476,1006.3867416666667,1008.5550976190477,0.0,19.719
2026-04-16,16.482980952380956,13.766344841269847,20.912831349206343,0.0,8.567893253968252,5.265986507936508,2.6333432539682535,47.86498015873015,14.237519047619045,1008.9830730158726,1011.884364285714,0.0,20.304822619047624
2026-04-17,14.826618253968245,11.530248412698413,18.23486388888889,0.0,5.875319444444444,3.985482936507939,2.037328968253967,46.45022619047619,12.027250396825405,1006.7955333333335,1009.6249051587296,0.0,16.553411507936513
2026-04-18,16.25261944444445,12.05529563492064,20.38956666666666,0.0,9.199884126984122,5.903259523809528,2.9864369047619044,40.86549603174603,11.001583333333336,1006.1282876984135,1008.6982051587306,0.0,19.89626507936508
2026-04-19,17.668820346320345,12.613916125541135,22.516372619047615,0.0,7.1578099206349215,5.0048090909090925,2.5513702380952377,37.832297619047615,11.856112481962487,1008.3765941558443,1011.3818953463203,0.0,19.891842316017325
2026-04-20,16.62750952380953,14.063569047619051,19.72028571428572,22.814758333333334,15.49747619047619,9.319384523809527,4.208621428571426,57.24070238095237,15.978323809523815,1002.5176428571427,1004.4904904761902,0.0,17.318615476190473
2026-04-21,15.095717460317458,13.612322222222222,16.405874603174595,0.5768571428571437,7.488829365079366,5.043165873015875,2.397725396825397,83.30931746031747,15.525814285714283,1004.4558539682542,1007.1414833333334,0.0,16.25614761904762
2026-04-22,16.156581746031744,15.285344444444442,17.947976190476194,0.9486007936507937,8.99365714285714,4.993755158730158,2.684353571428572,79.86069444444443,16.18808492063492,1007.03464484127,1010.3851222222224,0.0,17.004134523809523
2026-04-23,15.603148412698417,14.629342063492063,17.601547619047633,3.517511904761905,9.753584126984128,5.846064285714285,3.240758730158731,73.6835238095238,15.143655555555556,1005.4940992063493,1008.5935738095238,0.0,16.72456666666666
2026-04-24,16.021277597402598,12.26387922077922,19.89136082251082,0.0395,12.727300432900432,8.298995454545459,3.888862445887446,49.155612554112565,13.181685389610385,1005.2698607142858,1008.0835287878795,0.0,19.4507248917749
2026-04-25,15.777979365079364,11.561238095238092,20.2453996031746,0.0,8.296297222222217,5.6048757936507965,2.5948821428571422,52.18415079365079,12.924427380952379,1006.8986051587303,1010.7177857142855,0.0,20.469076190476198
2026-04-26,16.663209920634923,14.140739285714288,19.802270634920635,1.3152547619047616,6.070540873015873,4.071998809523809,1.8218369047619052,60.099281746031735,14.374219047619052,1005.666351984127,1008.9485285714287,0.0,19.18351071428572
2026-04-27,18.170947222222217,15.1809238095238,22.413087301587304,0.0,7.263153968253964,5.44275396825397,2.22014007936508,48.1900634920635,15.13599722222223,1006.4514904761897,1009.8085650793654,0.0,23.9987626984127
2026-04-28,19.018606746031747,13.90793928571429,23.05000873015873,7.961175396825403,7.887802380952381,5.228996031746034,2.402012301587301,50.68984523809524,15.466278174603172,1007.5752420634917,1009.6358753968256,0.0,21.84330714285714
2026-04-29,18.00248928571429,15.729572619047621,20.27255119047619,53.400008333333325,11.537357142857143,6.800309523809524,3.0281845238095246,85.71326190476191,19.29091785714287,1000.9884952380951,1003.4270261904762,0.0,19.099655952380953
2026-04-30,16.72247976190476,14.753116269841273,20.18113214285714,0.8034964285714286,8.937057539682543,5.905882936507935,3.0842476190476185,69.69509523809523,15.851637301587298,1002.2757543650796,1005.799872222222,0.0,19.427403968253973
2026-05-01,15.539116666666667,13.749523809523815,17.866691666666668,1.6100428571428567,11.223051190476191,6.4013488095238085,3.266317857142857,62.28316666666669,13.362264285714286,1006.5881333333334,1007.6432702380948,0.0,16.49733928571429
2026-05-02,15.979190476190475,12.29527698412698,20.041210317460326,0.3899999999999999,10.717669841269844,6.483232539682542,3.193161111111112,41.58578174603174,11.381139682539681,1013.4505349206347,1015.674121031746,0.0,18.632867063492068
2026-05-03,16.834257142857133,13.014026190476194,20.99260198412698,0.0,8.384072619047616,5.121323412698411,2.7273904761904766,43.56211904761906,13.114519841269841,1013.382,1016.3011825396828,0.0,21.26890436507936
2026-05-04,19.932950793650797,14.885806746031744,22.949883730158735,0.5447571428571433,11.562042857142856,7.488609523809522,3.625013888888889,59.42863492063492,18.010839285714283,1010.8896126984126,1013.9687892857143,0.0,20.813562698412703
2026-05-05,19.768263131313137,17.65973935786437,21.56277665945166,68.03897077922078,16.44054848484848,10.39515093795094,6.115070238095241,85.80420959595962,21.18493802308802,1005.4151050505047,1007.3246133838383,0.0,19.809710858585852
2026-05-06,17.497660714285715,15.243963095238103,21.095813492063503,0.3239107142857144,11.362166666666667,7.773446825396826,4.237510317460317,60.998829365079374,16.285700000000002,1006.0131115079355,1008.5801769841274,0.0,20.60824722222222
2026-05-07,17.45093113275613,14.234246500721506,21.76807651515152,0.31200000000000006,13.740421681096686,9.34383203463203,5.725326803751802,51.162954184704176,13.739302236652236,1008.3098560245312,1011.7577663780663,0.0,20.383617027417017
2026-05-08,14.768319047619057,13.103020238095242,17.166107142857147,1.3977369047619053,13.697115476190477,9.071232142857138,3.977865476190476,62.25159523809524,12.843417857142857,1011.3933500000006,1012.9656547619048,0.0,16.296128571428575
2026-05-09,16.169661724386728,11.401498124098126,20.954795815295828,0.0,8.279519336219337,5.490244300144298,2.7193138528138507,41.7173686868687,11.949277597402592,1015.3055204545452,1019.028144119769,0.0,20.834353463203456
2026-05-10,17.32939920634921,11.63068333333333,21.359249999999996,0.0,8.554146031746033,5.92773015873016,3.127006349206348,43.24454761904762,13.23734325396825,1014.7524460317463,1017.9461587301587,0.0,21.917296825396814
2026-05-11,19.3534996031746,16.478591269841267,23.23498452380953,27.4956734126984,10.863261507936505,6.8357575396825405,4.143478174603175,64.40097222222225,18.138092460317463,1009.6730321428574,1011.4639777777776,0.0,20.428754761904766
2026-05-12,17.071461904761907,14.747507142857136,18.759209523809524,6.468304761904759,11.54302142857143,6.781054761904761,3.9717190476190463,48.6577857142857,14.20819761904762,1005.9528119047623,1009.4718500000007,0.0,17.367266666666673
2026-05-13,17.651844841269845,13.610582539682543,21.520877777777777,0.09866666666666665,11.172075793650786,6.628834523809522,3.348068253968253,42.96748015873014,11.853980555555559,1009.6061769841269,1012.061026190476,0.0,20.373246428571424
2026-05-14,18.019238095238087,13.472079761904766,22.396172619047608,0.0,6.056603571428573,4.16107142857143,2.374183333333332,35.38519047619047,11.919369047619048,1011.3133726190474,1015.4777452380956,0.0,22.469108333333335
2026-05-15,17.106387301587294,12.966380952380959,23.242787301587295,0.0,17.064309523809527,11.274074603174604,5.013674603174604,26.94701587301587,10.574485714285712,1009.7616634920629,1012.3639238095237,0.0,21.564739682539688
2026-05-16,18.129749603174602,13.655628968253971,22.304478968253967,0.0,17.519555555555556,12.030358333333332,7.439010714285711,28.785249999999998,9.261053571428569,1009.2864968253972,1012.4207650793651,0.0,22.15536865079366
2026-05-17,19.083659523809505,14.004693253968247,23.29156349206348,0.0007500000000000001,12.199401984126983,8.100119047619048,4.166429761904763,32.26733333333333,12.48339682539683,1011.4815341269845,1014.8931714285717,0.0,23.906531349206357
2026-05-18,19.76196190476191,15.69079642857143,24.536947619047613,0.5933333333333334,6.852669841269842,4.515994444444444,2.5637210317460326,44.746825396825386,15.48995952380953,1011.830934920635,1015.3298329365083,0.0,26.312843650793642
2026-05-19,20.074284523809528,14.966401984126989,24.988916269841276,0.0,5.592898809523808,3.9792658730158728,2.025875793650793,32.6134126984127,12.927128174603174,1010.387608333333,1013.7911781746027,0.0,26.883319047619057
2026-05-20,20.71026951659451,16.39136273448773,24.838093939393953,0.2685,7.108631204906208,4.321922799422798,1.918355447330447,33.33580735930735,13.427894191919192,1011.0911582251076,1013.5964834415587,0.0,25.481582287157288
2026-05-21,19.582848701298698,16.244139935064933,23.62555335497836,0.0,10.000068614718613,6.06435692640693,3.0516074675324685,53.53577813852814,16.203216341991343,1013.0650020562772,1016.3879879870127,0.0,25.903693506493514
2026-05-22,19.472360173160176,17.39097088744589,22.306840259740262,0.00875,8.205357142857146,5.161828463203464,2.2296090909090913,67.49034090909089,18.02429880952381,1010.7584268398268,1013.790178463203,0.0,24.13031471861473
2026-05-23,20.42308134920636,17.48839801587302,24.209976984127003,0.0,5.879359126984127,4.082713888888889,1.8706996031746033,50.78793253968254,17.62192023809524,1006.4854349206352,1009.8731226190478,0.0,28.505697222222224
2026-05-24,20.71083095238094,17.33194642857143,24.75699087301587,0.0,8.515623809523811,5.426985714285717,2.66292380952381,44.172658730158716,16.126356746031757,1007.7459865079364,1010.3307337301597,0.0,28.657832539682534
2026-05-25,20.720995238095234,17.818639682539683,24.389647619047608,0.0,11.278468253968251,6.762826587301588,3.545257936507935,49.95232936507938,17.12105714285714,1009.9103003968252,1013.5468500000005,0.0,29.322429365079362
2026-05-26,21.18599365079366,18.43278650793651,23.67502777777777,16.454768253968254,10.25162539682539,6.015229365079367,2.835748412698413,68.88668253968255,21.542238095238094,1003.1535293650796,1003.2733563492061,0.0,23.384352380952393
2026-05-27,19.77953174603175,17.789646031746038,23.08635396825397,0.18794285714285716,10.96801428571428,6.602242857142854,3.357993650793651,38.51668253968255,16.393150000000016,1000.4162007936508,1003.3311896825397,0.0,21.316754761904743
2026-05-28,19.560082539682522,16.32229047619047,23.267872619047616,0.08491666666666665,10.686015873015876,6.791780952380959,3.4762888888888885,46.50880952380953,14.355403174603175,1001.0472031746032,1002.4015666666664,0.0,23.13627736507937
2026-05-29,19.40952301587302,15.519975000000004,23.397188095238096,1.17625,7.272023412698411,5.255282936507934,2.1638091269841273,54.49912698412698,15.766148412698412,1008.1879404761905,1010.5258123015873,0.0,23.642806587301596
2026-05-30,20.04146904761905,16.2896130952381,23.876161904761897,1.9631916666666678,6.190771428571429,4.133879761904762,1.9461214285714283,45.971440476190494,16.641727380952382,1006.693598809524,1010.0479226190479,0.0,23.737364285714293
2026-05-31,18.667859920634925,16.157336111111114,22.414457539682534,3.331872619047618,7.434200396825397,4.905238492063493,2.038423015873016,63.75247222222223,17.207642857142858,1006.1527873015874,1009.62983531746,0.0,22.31925119047618
2026-06-01,19.717762301587296,17.344969047619053,22.61141230158729,0.4875,9.969528571428572,6.663301190476187,3.903926984126984,56.37108333333334,16.038784920634924,1007.4303738095243,1010.8072750000002,0.0,24.329673809523815
2026-06-02,20.386118253968263,17.44238333333334,24.455976190476175,0.003666666666666667,10.838819047619047,7.181155158730157,3.628110714285715,41.73981746031746,13.897555555555554,1006.7033686507935,1009.9370785714292,0.0,23.967944444444438
2026-06-03,20.829160317460314,18.09122579365079,23.949106746031745,0.0,8.804619444444445,5.946348809523811,2.9106325396825388,38.23236904761905,15.571696428571435,1006.6051234126987,1009.825742063492,0.0,26.72710436507937
2026-06-04,19.88525396825397,16.964088492063482,23.919945634920627,0.00025,9.53139365079365,5.5535976190476175,2.764692063492063,53.906702380952375,15.981584523809527,1010.9520734126985,1013.2528170634919,0.0,27.17512222222224
2026-06-05,19.583424206349214,16.086057142857143,22.59759365079365,0.06711111111111111,10.416536904761909,6.3671265873015885,2.958050396825397,58.94813888888888,16.32728412698413,1013.4445583333331,1016.6770956349203,0.0,23.272746031746024
2026-06-06,19.796302380952394,18.190246428571434,22.358972619047616,3.1389714285714274,7.944705952380954,5.006241666666665,2.2929488095238098,64.24335714285715,18.596623809523816,1012.1063095238095,1015.529467857143,0.0,21.841253571428567
2026-06-07,21.398760714285718,18.18911904761904,24.243339285714296,0.19075000000000003,8.919088095238097,5.2910119047619055,2.7353642857142857,62.157416666666656,19.151894047619056,1008.6648176190477,1011.8088095238094,0.0,24.051110476190487
2026-06-08,21.01417857142857,19.42041071428572,23.067957142857143,34.996277380952385,7.302613095238094,4.866561904761906,2.4306642857142857,82.02917857142855,22.98596428571428,1003.1598345238093,1005.3854833333331,0.0,23.07184404761904
2026-06-09,20.91341944444444,18.6162130952381,24.75471984126984,0.38105515873015866,9.752153571428572,6.4759496031746036,3.087811111111111,70.48642857142858,21.3381126984127,1003.5020884920636,1005.4028809523807,0.0,24.394340079365076
2026-06-10,21.85388214285714,18.071603571428575,26.309377380952373,0.004800000000000001,7.492386904761905,4.9032750000000025,2.3440214285714283,53.84127380952379,19.75219166666667,1004.8068202380953,1008.0676773809523,0.0,26.45546071428571
2026-06-11,21.165800793650796,17.82195595238095,24.499783333333333,0.0,5.087621428571429,3.491344047619048,1.6419599206349207,65.13515476190477,20.450467063492066,1003.9062674603182,1007.0632503968253,0.0,25.884548412698404
2026-06-12,22.22527023809524,18.547270238095244,26.021142857142856,0.0,6.130039285714287,3.6847130952380955,1.6230130952380954,67.21615476190478,21.563559523809523,1001.4501226190482,1004.6272107142853,0.0,25.494088492063486
2026-06-13,23.441920634920635,19.84979206349206,27.408436507936507,0.0,6.985234126984126,4.2233388888888905,2.012557142857142,57.565257936507926,21.618241269841278,1000.2322369047616,1004.312703174603,0.0,29.318296825396832
2026-06-14,24.12001825396824,20.85064761904762,28.259248412698415,0.15351111111111115,7.008387698412698,4.547980555555555,1.983313888888889,61.81615873015874,23.391217460317467,1000.9498658730159,1004.4779095238099,0.0,28.44884285714285
2026-06-15,24.422902777777786,21.89901785714285,27.107935317460313,0.960396825396825,6.004975793650795,4.021251984126984,1.9706206349206348,70.23731746031747,25.11545627705628,999.7170988095237,1002.8824786435789,0.0,30.343947222222223
2026-06-16,24.22810988455989,21.30647171717171,28.087800072150074,0.035250000000000004,6.961832683982681,4.747127777777778,2.5983166666666673,60.113675324675306,23.140708658008663,1003.2021326118329,1005.267515945166,0.0,31.72362821067821
2026-06-17,21.24391136363636,18.880047835497837,23.44406471861472,1.9735490259740263,6.270632900432898,4.264533008658009,1.7347783549783549,65.14353896103894,19.77431284271285,1003.7369980519486,1006.6263927489177,0.0,22.779279870129873
2026-06-18,23.751476984126985,17.587478174603174,29.045028968253963,0.030750000000000003,7.812911904761907,4.726016666666666,2.5310996031746025,34.51613888888889,16.898216269841267,1003.3595992063496,1006.384097619048,0.0,28.81478492063492
2026-06-19,23.592248809523817,20.55046071428572,28.49805119047619,0.0,8.83810396825397,5.64200873015873,2.788357936507937,41.701813492063486,19.561230158730158,1004.4304936507936,1007.9831746031741,0.0,27.525551984126988
2026-06-20,21.75316984126984,20.65599047619047,23.20794444444445,142.37589444444444,13.459625396825402,8.198546031746028,3.6524134920634936,74.79603174603174,23.645427777777783,998.8067230158734,998.8721460317461,0.0,22.160464285714287
2026-06-21,23.511828679653675,21.168542099567095,26.078116378066383,4.1412078282828295,6.866558838383836,4.661254581529581,2.422882251082251,77.42329292929294,25.50695732323233,998.8067608225107,1002.0372305916313,0.0,24.936201767676764
2026-06-22,23.98666071428572,22.929608333333334,25.366959523809527,25.081978571428575,13.380747619047618,7.874607142857145,4.0324357142857155,87.71534523809521,27.67704404761904,996.3910154761903,998.5164309523805,0.0,24.59453928571429
2026-06-23,23.50543333333334,21.763129761904757,25.886124603174604,33.88688928571429,10.664098412698408,6.8773928571428575,3.099646825396826,78.72441269841272,26.075209523809523,997.4511468253969,999.7198226190471,0.0,24.701768650793653
2026-06-24,24.110664682539678,22.34511269841269,27.88067222222223,1.0242499999999999,9.417532142857143,6.016896031746032,3.404831746031745,67.8779880952381,25.76301547619047,1001.6924059523801,1004.2888595238096,0.0,26.550946428571432
2026-06-25,21.94321731601731,20.168233838383834,23.540543326118332,0.027232034632034625,7.155217460317464,4.168713167388168,1.8269836580086587,65.58166486291489,21.088839935064936,1007.3460958513706,1008.5520623015876,0.0,23.48374797979797
2026-06-26,22.075782142857143,19.83837619047619,25.05282380952381,0.0,6.226764285714285,3.7297940476190465,1.5927488095238098,58.386464285714304,20.113059523809522,1011.0069857142857,1014.320485714286,0.0,24.37932857142857
2026-06-27,21.867632539682546,20.452125000000002,22.98307222222222,69.63880515873016,8.96717301587302,5.895310317460321,1.966668253968254,80.03217857142857,24.571657936507936,1006.4451226190478,1007.8210730158733,0.0,22.911587698412703
2026-06-28,23.086391666666664,20.664601190476183,25.91481190476191,2.1234595238095237,6.537680952380953,4.681923809523809,2.173775571428571,79.12255952380953,25.388854761904753,1003.6524464285711,1007.0869488095233,0.0,25.634949999999993
2026-06-29,23.887339718614722,22.062909523809516,25.49978192640692,86.76847283549785,15.507888852813856,8.917639177489177,4.37491904761905,87.71825324675324,27.557987445887438,1001.0687995671,1003.1943231601733,0.0,23.68977673160173
2026-06-30,24.511860714285728,23.252200396825387,25.51136547619049,24.930530555555556,18.573848809523813,10.406182142857142,6.2427607142857156,89.51607936507935,28.576890476190485,997.9318718253966,1001.2317095238099,0.0,24.504799603174597
2026-07-01,24.369610714285713,23.35701944444445,27.063905555555557,2.9029968253968264,8.962188492063488,5.6394841269841285,2.191448412698412,82.14909126984126,28.268178174603186,1000.1610150793654,1003.4058968253969,0.0,26.091150396825388
2026-07-02,26.226550000000003,23.637545634920624,28.0703115079365,0.04425,16.1560873015873,9.88025674603175,6.1012186507936494,80.04560317460317,29.26498134920634,1001.0720896825399,1003.8785035714286,0.0,26.711311111111105
2026-07-03,25.86452023809524,24.445429365079377,28.029766666666674,1.9203293650793654,13.765446825396817,8.50771904761905,4.448627777777777,85.31993650793648,30.359436507936493,1006.5711908730154,1008.2067841269841,0.0,28.142111507936516
2026-07-04,26.157423340548338,24.16892276334777,28.638692352092352,0.05405923520923518,10.083147186147185,6.51485346320346,3.5448462842712845,79.66926406926406,30.377649134199146,1005.2371179653683,1007.1376084054837,0.0,29.56928217893217
2026-07-05,26.67091468253969,24.68923611111112,30.171344444444458,4.394159523809525,10.784728174603174,6.2049178571428545,3.2763805555555545,75.5085357142857,30.949332142857134,1002.8642408730155,1006.1004920634919,0.0,30.083924603174605
2026-07-06,27.58577896825396,25.20284126984126,29.917245238095244,0.0375,13.929663492063492,8.503457936507939,5.316141666666666,71.97075793650794,29.91786547619047,1002.8621944444442,1006.5353472222225,0.0,29.388235317460317
2026-07-07,27.46146904761904,25.970639682539673,29.58573492063493,0.33861904761904765,13.14303333333334,8.078340476190478,4.920946031746031,76.64279365079366,31.11325952380954,1002.8249650793643,1006.529931746032,0.0,28.587746825396838
2026-07-08,27.86047261904763,26.044470238095236,29.93287619047619,0.0,13.933827380952385,8.361679761904764,5.268615476190475,75.64654761904761,31.011729761904775,1001.2708428571427,1004.9347773809523,0.0,30.185990476190472
2026-07-09,27.89416847041848,26.146020779220795,30.186143759018773,0.091,13.70837997835497,8.352586616161618,5.304086183261181,72.42397546897547,30.204124891774896,1001.178995923521,1004.5799233405482,0.0,30.090421103896116
2026-07-10,25.326396248196257,23.208932106782093,27.206066955266948,22.965409451659447,14.534483080808084,9.638964357864353,5.137385606060605,83.88082539682539,29.761252417027418,998.3764427128424,1001.2356216810963,0.0,26.250062301587292
2026-07-11,23.032410425685427,21.963858874458868,24.55156262626263,5.748408477633478,8.646758621933618,5.170574134199134,2.019975865800866,86.85066594516589,25.872543614718616,998.4567895743149,1002.0894886002886,0.0,25.00794650072149
2026-07-12,24.28070833333334,21.27428095238095,27.289351190476204,0.0495,5.442132936507937,3.9459611111111106,1.884158333333333,69.31812301587298,25.150125396825402,999.0405710317464,1002.469639285714,0.0,27.569768650793662
2026-07-13,24.54675277777777,23.023198809523805,26.079641666666653,7.842176190476192,8.664971031746028,5.272775793650791,2.4487964285714274,81.19611111111112,27.694514285714266,1000.7351944444445,1003.7123488095239,0.0,25.864576587301585
2026-07-14,25.4078626984127,23.98082023809523,27.67102420634922,24.065698809523816,10.496517460317454,5.832241666666668,2.629283333333333,83.06578968253969,29.37628690476189,1003.9423035714284,1006.1008511904764,0.0,26.491987301587297
2026-07-15,25.20576071428572,24.10933214285715,27.18305595238097,26.39697023809525,8.919894047619048,5.670303571428575,2.358646428571427,85.46191666666665,30.139352380952378,1007.0118511904767,1009.9782678571427,0.0,26.626507142857143
2026-07-16,27.756292857142885,25.07426904761904,30.113026190476194,2.9651738095238107,11.278497619047618,7.068085714285714,4.13692380952381,76.15519047619046,32.06745714285714,1007.4103547619045,1010.30035952381,0.0,28.57410714285716
2026-07-17,28.01299419191919,26.199637301587305,31.08765703463203,0.0,10.660149062049063,7.396860209235211,4.303921176046173,74.35621969696969,32.23431774891774,1006.0192077922073,1008.7776862554117,0.0,30.448503282828298
2026-07-18,27.789239285714302,26.318896031746032,30.034335317460318,1.5825702380952387,13.143383333333334,8.199698015873015,4.495962301587303,80.41148015873016,32.876836111111125,1002.354875793651,1006.0585043650794,0.0,28.944566269841275
2026-07-19,26.74117619047619,23.511636111111116,29.66944603174604,27.19457817460318,13.942794047619053,8.52830357142857,2.8144634920634917,74.97303968253968,31.34995238095239,1002.6714591269841,1005.8340527777781,0.0,28.26248174603175
2026-07-20,28.87986428571428,26.465330952380956,31.73298928571429,2.32875,11.800877777777778,7.334801984126984,4.416375000000002,71.71192857142857,33.19848095238096,1004.9405968253969,1008.2799289682539,0.0,30.455178174603187
2026-07-21,28.808792748917757,26.232250216450222,31.76882499999998,0.0,11.691273917748918,7.8456964285714275,4.436016450216449,73.75241558441559,33.31970292207792,1005.4298271645017,1008.8222112554108,0.0,30.006187878787877
2026-07-22,28.994924603174603,26.989489682539688,31.993357936507937,1.194583333333333,9.769282539682537,6.554444444444446,3.974009523809526,73.69405555555554,34.276368253968265,1004.1422722222215,1007.2016063492068,0.0,32.02475238095237
2026-07-23,29.257743650793643,27.522396031746045,31.98178650793652,0.21484126984126983,9.487856349206348,6.107484126984126,3.827732539682538,73.41097619047619,34.223942857142845,1001.8775563492069,1005.2402206349204,0.0,33.148192857142874
2026-07-24,29.74685634920634,27.560830555555572,32.312679761904754,0.3316619047619047,7.6417861111111085,5.305974603174604,2.907395238095238,71.04355952380955,34.50046507936508,1001.0184325396825,1004.4532884920633,0.0,33.80136230158729
2026-07-25,29.463982936507946,26.92384642857144,32.469708730158715,1.968360714285715,11.81031349206349,6.762988095238094,3.641716666666667,68.2688134920635,32.92211150793652,1001.0319539682542,1004.2454448412701,0.0,32.53318531746031
2026-07-26,27.65834679487179,25.92538186813186,30.044378479853485,39.41750357142856,15.616398351648348,8.161567032967033,4.296292948717949,79.59027197802199,32.84772069597071,1004.6490212454216,1005.7912989926734,0.0,28.97579368131868
2026-07-27,29.081864285714282,26.633421428571424,32.1958119047619,3.174090476190474,11.699042857142858,7.35912619047619,4.328376190476189,71.27330952380953,33.21396666666667,1010.2973714285715,1012.1792714285713,0.0,31.22921904761903
2026-07-28,29.21043730158731,27.155626984126993,31.662944841269827,0.3509833333333334,10.090414682539686,7.1559293650793645,4.385081746031747,73.14298015873015,33.104157539682554,1009.6690956349204,1013.1995999999999,0.0,31.97975000000001
2026-07-29,29.11746349206349,26.719143650793658,32.35874246031745,0.0,9.348621825396824,6.399332936507937,3.3313670634920625,68.79040079365078,32.52004087301586,1006.7705908730157,1009.8703511904755,0.0,32.64357936507936
2026-07-30,29.19925357142858,26.56678214285715,32.25482857142857,0.0,8.643819047619047,5.572792857142863,3.005925000000001,67.18364285714287,31.82205,1004.898182142857,1008.4695499999999,0.0,33.095071428571416
2026-07-31,29.634499855699836,26.826136291486296,32.40527456709956,0.0,8.53665681818182,5.812021572871573,3.4173260822510816,67.26735642135642,32.87958048340549,1003.6209419191916,1006.9165181096681,0.0,34.43641414141414
2026-08-01,29.925607142857128,27.830084523809536,32.57167023809522,0.0,8.880336904761904,6.004144047619049,3.7208297619047617,68.65864285714284,33.7073380952381,1001.4782321428573,1004.4896357142865,0.0,34.729173809523814
2026-08-02,30.030017857142866,27.97947619047618,32.70762619047617,0.8822321428571428,7.106309523809526,5.253252380952381,2.876396428571429,70.31878571428574,34.74134285714287,1001.2363571428573,1004.6016642857145,0.0,34.60772261904761
2026-08-03,30.321282142857136,27.84638333333333,33.0416869047619,5.83070119047619,6.206591666666668,4.208738095238097,2.1127190476190476,66.94207142857142,35.16399285714285,1003.6358083333332,1006.849473809524,0.0,34.0754107142857
2026-08-04,30.386105952380944,27.797434523809528,33.76074523809525,0.6455071428571428,5.447625000000003,4.025966666666665,1.7813869047619049,66.32519047619049,34.309244047619046,1003.6629011904761,1006.9254964285715,0.0,34.736863095238085
2026-08-05,29.943729365079385,27.755775396825392,33.0252992063492,0.08443095238095236,7.944192857142857,5.226870634920634,2.349669182539682,62.03973809523808,33.576426984126996,1003.1262301587302,1006.7320190476186,0.0,33.3132865079365
2026-08-06,30.00751150793651,27.366584920634917,32.97625634920634,0.0,7.574573015873018,4.534460714285715,2.43769907936508,63.19874603174603,32.561117460317476,1002.4776317460319,1006.2254932539681,0.0,33.96402936507935
2026-08-07,29.82801944444446,26.894396031746034,32.843162698412705,0.11333333333333334,6.4130496031746045,4.340126984126985,2.224251984126985,63.567305555555556,31.382476587301593,1002.2066194444446,1005.3730496031744,0.0,34.936203571428585
2026-08-08,30.071932611832594,26.864756277056276,33.53815479797979,1.3798269119769122,6.4837181096681125,4.394065800865801,2.07648235930736,64.27471284271283,32.62794758297258,1000.8187942279937,1004.4916121212124,0.0,35.139668073593086
2026-08-09,30.153688888888908,27.57659365079365,33.5442253968254,0.2162,6.280265079365079,4.3916900793650795,2.1962432539682535,62.52482539682539,31.39973134920633,999.7877634920633,1003.4139099206343,0.0,35.76477777777779
2026-08-10,29.546035353535352,26.64971388888889,33.02361320346319,5.6030153679653685,6.996035209235211,4.778942207792208,2.339220093795094,61.94872150072152,31.054384054834053,998.9503370129873,1002.5515194444448,0.0,33.485710209235215
2026-08-11,29.744547619047612,26.647163095238092,33.26630952380954,0.0015000000000000002,7.627466666666664,5.399438095238095,2.6221761904761896,60.54766666666667,29.98221190476192,998.6322845238096,1002.323407142857,0.0,34.18270833333332
2026-08-12,29.298833333333327,26.00708452380952,32.65210238095237,0.0,8.606952380952377,5.077083333333331,2.5256583333333342,53.97720238095238,28.340030952380957,1000.3845750000004,1003.2877797619046,0.0,34.836863095238094
2026-08-13,29.273720238095237,26.46829642857143,32.597771428571434,0.09533333333333333,9.939096428571432,6.2237452380952405,3.0487726190476185,54.964095238095226,28.505071428571426,1002.7057297619046,1006.0661440476189,0.0,34.011276190476195
2026-08-14,28.542203571428587,25.848527380952376,31.307452380952377,3.789539285714286,8.546608333333339,5.160085714285714,2.518640476190477,61.393190476190476,29.233960714285725,1002.4221464285715,1005.965501190476,0.0,31.23887976190476
2026-08-15,27.953898701298705,25.431947835497837,31.89476093073594,11.503446320346319,9.969299783549783,5.736647835497837,2.3756615800865797,65.60040259740258,29.8263501082251,1002.9502554112555,1005.9709038961032,0.0,30.110112770562765
2026-08-16,28.13520714285715,24.234983333333325,31.895271428571423,9.719292857142856,8.693742857142851,5.34459285714286,2.237204761904762,60.50673809523808,29.50232857142857,1003.7048619047623,1006.9925190476191,0.0,30.029571428571426
2026-08-17,28.759905952380965,26.06339999999999,32.305597619047624,10.136666666666668,9.80977698412698,5.42715,2.1927059523809524,60.633142857142836,30.486524206349216,1005.5144603174605,1008.976658333333,0.0,30.336098809523804
2026-08-18,28.580432142857145,26.206295238095226,31.736181746031757,6.121560714285714,7.657092460317463,4.397889285714285,2.1587090714285706,61.75870634920635,30.540362698412704,1004.6045325396827,1007.617987698413,0.0,30.03715039682541
2026-08-19,29.892024603174594,26.429905952380945,33.58832023809523,0.0,8.759696428571427,5.296321031746033,2.6126080793650783,57.51496031746032,30.8267380952381,1002.7094634920635,1005.5705206349205,0.0,32.20063373015874
2026-08-20,29.465122619047634,27.18135119047619,32.11229682539682,8.512176190476188,14.475534523809518,9.217508730158734,4.209782936507937,71.52508730158728,33.937241269841266,1002.8451880952376,1004.2304583333344,0.0,30.13890555555556
2026-08-21,30.058657503607506,28.020577849927836,32.612612950937965,1.6774623376623372,10.937131565656562,6.849934776334776,4.478527020202021,70.90936147186147,34.30780815295816,1004.6646509379515,1008.06332020202,0.0,31.315675505050482
2026-08-22,29.305430952380956,27.16579007936507,32.11377658730158,8.267963095238095,14.591275793650802,8.445520238095238,4.408529761904761,70.70507936507937,33.49033055555555,1002.9246432539683,1006.0589218253971,0.0,30.599084523809516
2026-08-23,29.259982972582957,26.34337806637807,32.48585613275612,0.0,6.216100865800865,4.526302886002886,2.2278676767676777,66.45782972582974,31.74965310245308,1005.3942868686867,1008.6585593073593,0.0,31.673093506493515
2026-08-24,28.91823253968255,26.044181349206355,31.996997619047615,0.0,5.5932666666666675,3.802767857142859,1.886120238095237,62.7646746031746,29.770083333333343,1006.0427615079367,1009.3249833333334,0.0,31.558573015872998
2026-08-25,28.731359523809523,26.16281785714286,31.9588956349206,0.007000000000000001,6.539571825396823,4.226739682539684,2.188140079365079,62.3605,29.29916626984128,1004.7114091269846,1008.2536051587299,0.0,31.341543253968254
2026-08-26,28.74886926406927,25.409244516594526,32.13233279220779,0.0,6.494343903318903,4.072419336219335,2.159885858585858,62.77719805194804,29.311103643578637,1001.9561120490621,1005.1833672799426,0.0,31.563531601731608
2026-08-27,29.128263492063496,26.07619444444444,32.57297023809523,0.13238452380952384,9.95700992063492,6.034704365079367,2.8667380952380945,64.2946150793651,31.19423809523809,999.1280134920635,1002.4993920634922,0.0,32.10434166666668
2026-08-28,28.29182539682539,26.560845238095247,30.398291666666655,5.531845238095237,15.978081349206347,8.742776984126982,5.835752777777782,71.18788888888889,31.026049603174602,999.0955126984122,1002.8997833333339,0.0,29.952844047619053
2026-08-29,29.30503611111112,27.201961111111117,32.681694444444446,0.0,13.752202777777786,7.854550793650793,4.780207936507936,56.57792460317459,28.427777777777777,997.9425154761901,1001.7209309523812,0.0,31.59737182539682
2026-08-30,29.00710396825397,26.519237698412688,32.21746785714286,0.6358571428571429,11.67168928571429,7.698715476190477,4.475799206349205,58.37433730158732,28.528463095238095,999.934072222222,1003.0508730158726,0.0,32.78653452380952
2026-08-31,27.565144047619047,24.619730555555563,31.12434206349207,0.0,9.89112896825397,6.403653571428578,3.815869047619047,53.55609920634921,24.577170238095242,1002.7345738095236,1005.9852980158731,0.0,32.56432539682538
2026-09-01,27.53326071428572,23.85516904761905,31.622648809523803,0.0,5.937773809523808,4.081961904761901,2.1250511904761913,56.25983333333335,25.70544404761905,1003.3755964285715,1007.2329250000003,0.0,32.93732738095237
2026-09-02,27.63095714285714,23.642233333333337,31.44437142857143,0.0,6.16702142857143,4.3575785714285695,2.238035714285715,50.762571428571434,24.50855476190477,1004.7660547619049,1007.9408690476192,0.0,32.51923809523812
2026-09-03,27.46264642857143,24.99852976190476,31.792001190476185,1.0272761904761902,8.481865476190476,5.084565476190479,2.4612511904761902,51.128797619047624,26.177611904761903,1006.0539988095238,1009.3257833333333,0.0,30.887296428571425
2026-09-04,27.886454365079366,25.518969047619034,30.97966190476191,0.0,10.01372976190476,6.372798809523808,3.3540599206349215,60.78878968253967,27.033187301587287,1004.5888833333333,1007.6600777777775,0.0,32.48916944444445
2026-09-05,28.13147698412699,24.982343650793645,31.344247222222226,0.002,6.447246031746029,4.827298412698412,2.4366579365079373,59.09688492063493,27.691581746031744,1004.2764503968257,1007.6882265873021,0.0,33.17221825396825
2026-09-06,28.43373015873016,24.743661111111113,32.121787301587304,0.10023809523809524,6.477117460317461,4.481992063492062,2.0971857142857133,59.955047619047654,27.278055555555543,1006.4839793650796,1009.5348595238097,0.0,33.904296031746014
2026-09-07,28.333345238095227,25.004192857142854,32.61676309523809,4.2715257936507935,6.836313095238096,4.550987698412699,2.210798412698413,57.02281746031748,28.19127499999999,1009.3510162698414,1012.8499166666666,0.0,33.3938861111111
2026-09-08,27.929613095238096,25.616498809523815,31.667500000000004,0.40717023809523817,5.491752380952381,3.705991666666668,1.8120392857142857,67.69565476190476,29.653330952380955,1008.8604988095242,1012.1569976190477,0.0,30.714783333333344
2026-09-09,28.76944682539684,25.66464920634921,32.12678055555555,0.0,9.52937936507937,6.132858333333334,2.999093650793651,62.045809523809524,29.541919841269838,1007.3868996031747,1010.9169595238096,0.0,32.08645317460317
2026-09-10,29.314828571428574,26.687076911976916,32.821649855699846,5.856602994227995,11.562221139971136,7.363919336219337,3.8164099927849917,60.259511183261175,31.328091558441564,1007.3353990259742,1010.4627856421354,0.0,32.73551049783548
2026-09-11,28.771906746031753,26.317751984126986,31.928623015873015,12.660773015873017,11.339062698412699,6.167892460317457,3.342865079365079,70.3995753968254,33.24769642857142,1009.5139404761907,1012.9654726190479,0.0,30.125749206349205
2026-09-12,29.314379365079358,26.21415476190477,32.916626984126985,9.186896428571426,9.123795238095239,5.931678968253966,2.8275357142857156,64.2231904761905,32.03135357142858,1009.3319130952378,1012.7786099206351,0.0,30.896733333333323
2026-09-13,28.640573809523804,25.32379365079366,32.187673809523815,0.03875,5.944599206349205,4.06934365079365,2.1731238095238097,61.5991349206349,29.592282539682543,1004.9865206349205,1007.5762182539684,0.0,30.4631753968254
2026-09-14,29.096128174603173,25.379150000000017,32.585680952380955,0.019857142857142854,8.783294444444445,5.468461111111111,2.702386904761906,57.67116269841267,29.026867857142864,1001.0713396825397,1003.8549388888889,0.0,31.36980952380952
2026-09-15,29.955953174603163,27.95057857142858,32.925708730158725,1.882735317460317,11.771464285714284,6.881925793650794,4.200335317460316,63.7539166666667,32.94129206349206,1002.5186638888891,1004.7450273809527,0.0,30.862159722222223
2026-09-16,28.96036547619048,27.583727380952386,31.345299999999995,7.92674761904762,10.542447619047616,6.33544880952381,3.435834523809524,73.74728571428572,33.99259404761906,1008.4208904761907,1009.2053797619055,0.0,29.599059523809515
2026-09-17,28.122780952380936,26.582842460317455,31.52310515873016,5.492738492063492,6.142405952380951,3.5513718253968256,1.7982130952380952,68.35683333333333,32.52147341269841,1009.7517448412697,1013.3021071428576,0.0,28.95416984126984
2026-09-18,29.52390158730158,26.92970158730158,33.445484126984134,0.0,8.623634126984125,4.877428571428572,2.5829507936507934,59.26421428571429,31.942515079365084,1008.3949047619051,1012.1002841269847,0.0,30.56738095238095
2026-09-19,29.096285714285724,25.675308333333348,32.84663611111111,23.69027579365079,15.048627777777778,8.41085515873016,4.309903174603176,63.63686904761905,32.057651984126984,1007.8224349206354,1010.6339488095241,0.0,29.667087698412697
2026-09-20,27.849048809523797,25.411324999999987,29.758919047619035,34.57405357142857,15.887770238095243,8.787374999999999,5.254247619047621,77.3950238095238,32.90302500000002,1005.3685892857143,1008.7341571428568,0.0,27.943515
2026-09-21,27.33254682539683,25.242471428571417,28.778157142857143,8.468003968253973,17.27006785714285,11.162109523809526,6.307805952380951,80.07934920634922,31.97403928571428,1000.7111404761907,1001.7825198412697,0.0,27.295489285714293
2026-09-22,24.411993686868684,22.98974563492063,26.401468759018755,7.0492615079365075,11.73590977633478,7.921811868686868,4.446861616161615,75.45540656565657,26.03123073593074,1004.9054613636364,1006.1022118686868,0.0,25.74296363636365
2026-09-23,24.219060389610377,21.92374729437229,27.114224999999998,0.08315400432900429,13.629416233766236,7.421822510822512,4.375492207792209,58.7912683982684,21.572654220779228,1010.4725943722947,1012.8668520562776,0.0,25.075948809523815
2026-09-24,24.00055714285715,21.20422817460319,27.077707936507917,0.0010000000000000002,10.332529761904764,6.3789011904761885,3.28374880952381,60.61384126984126,21.82749246031746,1009.6094690476189,1012.7611940476193,0.0,24.352140476190456
2026-09-25,25.092582142857164,22.83826190476191,28.439325000000004,0.857752380952381,10.118536904761902,6.098759523809523,2.769645238095237,66.85480952380952,25.159015476190476,1008.6258404761905,1011.6517726190475,0.0,25.57877857142858
2026-09-26,25.3897869047619,22.476498809523804,28.649928571428582,0.01,7.54203214285714,5.043345238095239,2.303354761904761,62.3127380952381,25.14109761904761,1008.4324297619045,1011.2909404761906,0.0,26.704548809523818
2026-09-27,25.062590476190476,22.572116666666673,27.899013095238093,0.01457142857142857,8.92855119047619,5.331076190476189,2.881102380952381,51.19842857142858,22.044353571428566,1007.9549166666666,1011.4255797619053,0.0,26.732904761904766
2026-09-28,25.446960173160168,22.72991818181819,28.359099999999994,0.49120303030303036,11.025010822510822,6.796660173160172,3.673629978354977,59.718404761904736,23.373468831168836,1010.5767699134199,1013.3460869047622,0.0,26.37624318181819
2026-09-29,25.170191269841276,23.098511507936493,28.067822619047618,0.0,12.923512698412699,7.3142666666666685,4.212093650793651,51.670384920634916,21.75100793650795,1012.6941559523812,1016.0114444444447,0.0,26.005934920634918
2026-09-30,24.81810873015874,21.953242857142858,28.47566865079367,0.20199999999999999,10.05569166666667,6.252072222222218,2.806737301587301,63.215103174603136,23.801956746031756,1009.7382742063495,1012.9356571428575,0.0,26.75172658730159
2026-10-01,23.762415079365077,19.327385317460323,28.58011944444445,9.206513888888889,13.475257539682543,8.223538888888891,3.308134920634921,60.58076984126985,22.97516031746032,1006.922148412698,1008.9864214285718,0.0,25.51655515873017
2026-10-02,20.053035744810742,17.98902182539683,22.545114163614166,0.08810805860805862,15.511004151404151,9.530946306471307,5.319522069597067,43.41386965811966,13.069065720390718,1011.1340792124544,1012.681215628816,0.0,22.135161263736258
2026-10-03,19.347460317460314,17.488024206349213,21.385914682539692,0.02398253968253968,11.392888492063486,6.940699206349205,3.8809690476190464,52.17595238095239,14.726237301587298,1013.9977646825395,1017.2686138888884,0.0,20.80797936507937
2026-10-04,21.040513492063486,17.36487777777778,24.417994047619054,0.0,10.586353968253972,6.0244880952380955,3.2655579365079364,52.897857142857156,16.215865476190473,1017.2137277777776,1020.3033396825398,0.0,22.907076190476186
2026-10-05,22.306867857142855,19.05780753968254,25.014725396825384,0.0,10.017458730158728,6.141630952380954,3.660017857142856,51.29490079365081,17.731698412698414,1015.7878492063492,1019.1663829365083,0.0,24.029513888888896
2026-10-06,21.064247402597402,17.24843531746032,25.049923953823946,7.0605466810966835,10.596548015873013,6.564038347763349,3.1843203823953825,53.81341089466089,18.486449891774885,1013.5447196608952,1017.0846823953825,0.0,23.20826962481963
2026-10-07,18.948552380952368,17.42644404761904,20.729594047619038,4.013410714285714,10.800450793650796,6.882512301587301,3.241636904761906,59.33641666666667,16.390907539682537,1012.6955361111113,1016.156767857143,0.0,20.23367301587302
2026-10-08,20.82671125541126,17.857619696969707,24.03002067099567,0.3468849567099567,9.473983658008656,6.09929145021645,3.3407919913419915,52.10669913419913,16.41103928571429,1011.3370658008661,1014.8280613636366,0.0,21.211097402597396
2026-10-09,19.44378611111111,17.35086587301587,22.26844126984128,27.80991825396825,9.12733174603175,5.18130714285714,2.6563813492063493,60.513515873015855,18.006351190476195,1010.2071638888892,1013.4815777777776,0.0,19.736087698412703
2026-10-10,20.636234126984117,18.446982539682548,23.596011111111107,2.3453936507936506,9.79124285714286,5.941573015873014,3.181805015873016,57.5019841269841,17.12312063492063,1009.7298722222223,1013.0303126984135,0.0,21.06638968253968
2026-10-11,20.736740476190477,17.489753968253968,24.53614484126984,0.21127857142857137,7.271590476190475,4.755223412698414,2.4870181587301574,54.89696031746033,17.02745119047619,1013.1972230158732,1015.585707936508,0.0,21.069155952380953
2026-10-12,20.97367698412698,17.38541825396825,25.806636507936506,0.13802976190476188,8.423203174603168,5.262612698412697,2.5365599206349208,51.39605158730157,16.752326587301585,1016.8483103174605,1020.1611452380953,0.0,21.00091388888889
2026-10-13,22.163470238095233,17.81579642857142,25.895094047619054,0.0029166666666666664,9.859209523809524,5.952380952380952,3.26990357142857,47.78000000000001,16.213432142857137,1016.3567595238095,1019.3481654761904,0.0,21.231997619047615
2026-10-14,23.44586666666666,20.531561904761915,27.5355119047619,3.4594976190476188,7.747640476190476,4.958845238095237,2.550747619047618,58.14716666666666,21.830349999999996,1012.8196142857142,1015.4096595238095,0.0,22.444276190476195
2026-10-15,23.541093650793652,21.563457539682553,26.981831746031734,7.04821865079365,8.980445634920631,5.68961507936508,2.521098015873015,67.60398412698412,23.700526190476197,1012.4096436507938,1015.6247515873016,0.0,24.17523571428572
2026-10-16,22.882813492063487,20.79046746031747,25.923492460317465,0.0,9.25626626984127,5.881584523809525,3.0266805555555565,64.16327777777778,21.24523690476191,1015.5402448412698,1019.0495496031742,0.0,23.213501587301586
2026-10-17,23.394134559884552,21.97560411255411,25.010561075036062,0.2773917748917749,10.581990764790767,6.116349458874462,3.4634740981240975,71.24658405483407,22.919515873015886,1014.9049891053396,1017.8013201659452,0.0,22.6621812049062
2026-10-18,25.34318571428572,23.28918214285716,28.28296428571429,8.44732142857143,11.708375000000004,6.924814285714284,4.072814285714284,75.73235714285717,27.713282142857153,1009.523535714286,1011.7561107142859,0.0,25.089971428571424
2026-10-19,21.968857936507945,18.08990396825397,25.964222222222215,3.4843361111111113,16.716674999999995,10.408036111111107,5.945811904761908,66.39761507936507,21.174388095238097,1011.7927079365079,1011.9742825396825,0.0,22.99825753968253
2026-10-20,18.823845634920634,17.434023412698405,20.151434523809527,1.6424472222222222,17.30785753968254,9.552532142857139,5.793360714285712,58.512583333333325,15.139873412698414,1020.1945440476192,1022.2581686507938,0.0,18.883900396825396
2026-10-21,21.244021031746033,18.88562063492064,23.73152063492064,11.336933730158732,11.336898015873016,7.201636904761905,3.3916527777777765,64.6472222222222,20.62040396825397,1015.8796337301588,1017.3920126984127,0.0,20.731065079365077
2026-10-22,22.427603571428573,19.398072619047625,25.767232142857143,27.712544047619065,15.779016666666672,10.516160714285713,4.6548535714285695,74.39913095238096,23.511911904761913,1009.3633416666668,1012.401363095238,0.0,23.38042023809524
2026-10-23,17.64747077922078,14.901299134199135,20.49177186147187,0.28,17.230240909090906,11.26951645021644,6.3708205627705645,49.768311688311684,12.764819696969695,1013.1873651515155,1014.5959341991336,0.0,18.627152813852817
2026-10-24,17.288705158730153,14.166319444444445,20.596401984126974,0.0,11.465266269841273,6.801208333333335,3.8733277777777784,38.31869841269842,11.30364246031746,1014.8680448412699,1018.1637341269842,0.0,16.76013134920635
2026-10-25,21.474820995670992,17.111564069264073,25.04472922077922,0.0,13.776188961038962,8.659456493506491,4.1211686147186155,53.62643722943724,17.3859670995671,1016.1054432900435,1019.9922177489175,0.0,19.549776406926416
2026-10-26,21.738851587301582,20.5015003968254,23.521546825396822,0.12261309523809524,9.027358730158731,5.328787698412698,3.1291992063492056,72.02082936507938,20.740616666666668,1013.6775765873011,1016.3431857142859,0.0,21.021134920634914
2026-10-27,19.18417813852814,17.523313961038962,21.578025324675338,14.931943181818186,10.12095119047619,6.312992965367966,3.016340476190477,70.71375757575757,19.369591774891784,1009.3204440476189,1011.8739352813855,0.0,20.13969242424244
2026-10-28,17.894174891774888,15.92044253246753,20.223968506493502,0.6106666666666666,9.697591883116882,5.726969264069266,3.147911038961039,57.73948376623376,14.931904978354988,1009.1708410173163,1012.3283185064938,0.0,18.240127597402598
2026-10-29,19.628064285714277,16.225069047619048,23.26200238095238,5.029118253968253,11.564601190476195,6.26599325396825,3.431123412698414,60.22726587301586,17.103324999999998,1011.9014746031744,1014.9666007936507,0.0,19.557545238095244
2026-10-30,19.169539646464646,16.50688968253968,22.534250072150076,0.0,10.145662842712841,6.090913924963924,3.3087158369408365,45.66349494949495,14.756573989898989,1016.1357573953823,1018.686717857143,0.0,18.37667752525253
2026-10-31,20.454182467532473,17.89514621212121,22.84615086580086,1.6428964285714287,10.940357034632038,6.634769805194802,3.433995129870129,54.88930303030303,16.667575757575765,1015.7589903679656,1018.9407649350645,0.0,18.920554329004332
2026-11-01,18.611960317460326,16.904942857142856,19.88995595238095,185.8992472222223,16.44648373015873,9.60308333333333,5.230099206349206,80.17211904761902,19.520558333333337,1010.553060714286,1009.356588492063,0.0,18.414394444444444
2026-11-02,19.52741558441558,17.783691558441557,21.709678896103892,36.408914502164485,16.597611904761905,9.809055194805193,4.147566774891774,68.26398484848487,18.845953896103893,1010.4694604978362,1007.8140044372303,0.0,19.55525811688312
2026-11-03,19.138317857142862,15.392522510822511,23.1259038961039,0.0034999999999999996,8.85638235930736,5.316892424242426,2.694908116883117,54.348163419913405,15.678311904761902,1016.6900630952383,1020.246546103896,0.0,18.02777153679654
2026-11-04,18.21020606060607,15.011680519480514,23.730550865800875,0.20633939393939404,11.852209848484847,7.103810497835499,3.05957554112554,52.40939935064934,14.488601082251085,1015.9884028138526,1019.5605501082251,0.0,16.784637445887437
2026-11-05,15.338621428571425,13.453866666666672,18.36599047619048,0.07440000000000001,13.753742857142853,8.82969880952381,5.249070238095235,46.21754761904762,10.844891666666665,1016.3411333333335,1019.503392857143,0.0,14.898240476190473
2026-11-06,13.844035714285713,10.89498214285714,16.822954761904754,0.3536571428571429,15.621530952380956,9.167773809523808,5.38255476190476,39.96070238095238,8.730505952380954,1020.291571428571,1022.3443023809517,0.0,12.918852380952373
2026-11-07,14.232374999999996,9.290465476190477,18.478004761904764,0.0,8.683416666666664,5.271341666666669,3.0443904761904754,49.90517857142859,10.398167857142857,1022.9436416666668,1026.8797273809525,0.0,12.210684523809519
2026-11-08,17.677455952380953,14.474921031746023,21.40622182539681,0.03125873015873016,9.229607936507936,5.573866666666667,2.8402563492063497,47.903591269841264,12.801830952380948,1021.1728511904763,1024.8541456349203,0.0,16.27701598412698
2026-11-09,18.34855663780664,15.429374747474744,20.64374141414141,0.2985,9.426117388167388,5.299454906204902,2.9707552669552673,57.417176767676764,14.51326536796537,1019.1333109668111,1022.5167080808079,0.0,17.06889381240982
2026-11-10,18.081520346320346,16.673118759018752,19.898569913419916,11.81773621933622,8.564937085137084,5.187071212121213,2.679667171717172,66.34323448773449,17.81457835497836,1015.7986587301585,1018.7184572150073,0.0,17.928248836940842
2026-11-11,17.250715476190468,14.71012063492064,20.735185317460328,0.13399999999999998,8.624046031746028,5.290429761904758,2.6894448412698413,53.47161507936507,14.280445238095238,1014.8672182539681,1017.8161003968254,0.0,17.517483452380954
2026-11-12,17.32219404761905,14.232959523809525,20.930205952380952,0.0,8.676657142857138,5.388983333333333,3.250453571428571,51.57035714285713,14.161514285714293,1014.3197821428571,1018.2910630952381,0.0,16.72281902380953
2026-11-13,17.919084523809524,13.780699603174597,22.983720634920637,0.0,9.742989285714282,5.890182142857145,3.06007380952381,54.9852619047619,13.981925000000007,1015.7362674603173,1019.3774988095238,0.0,16.964908952380952
2026-11-14,18.727319877344872,15.817478860028862,22.92153304473303,0.0,8.702824819624817,5.130666702741702,2.5760518037518034,54.06309054834054,14.895373376623379,1014.6960759018756,1017.340791702742,0.0,17.983272880591628
2026-11-15,18.579966666666675,16.811463095238096,20.81057738095238,16.11851309523809,8.862204761904767,5.356555952380952,2.374910714285715,73.78035714285714,18.997680952380957,1012.4672892857147,1015.8324464285711,0.0,18.602181607142864
2026-11-16,20.200211507936512,18.16230119047619,23.408486904761904,6.3696777777777775,9.206926984126985,6.007618253968251,2.474562698412699,71.50523412698413,19.882905158730164,1011.2620972222218,1013.9603293650794,0.0,20.580548126984127
2026-11-17,16.084470238095236,12.450466666666665,19.906273809523817,0.073,14.341809523809527,8.183028571428569,5.329834523809524,43.66520238095238,11.840069047619046,1015.5130738095238,1015.9923119047619,0.0,15.995518369047616
2026-11-18,10.667855952380954,8.33356666666667,13.644963492063487,0.033,15.927797619047613,9.73072222222222,5.055001984126983,30.09099603174603,6.485968253968253,1023.2269281746037,1024.6821095238095,0.0,11.023238531746031
2026-11-19,13.32093253968254,8.375369841269839,16.777451190476185,2.122638888888888,11.096075396825391,6.444288492063489,2.988915476190476,51.98158333333334,10.749424999999999,1022.2529214285718,1025.1538063492055,0.0,12.614344404761903
2026-11-20,12.58465277777778,11.027751190476195,14.039696428571425,0.9221309523809521,9.010670238095237,5.672476587301585,3.3934158730158748,51.02146825396823,10.622418253968254,1017.9448063492058,1021.4181305555551,0.0,12.829546031746025
2026-11-21,13.56852593795094,10.79146623376623,17.58188982683983,0.0,10.673618578643579,6.59922481962482,3.626771753246753,41.808050505050495,9.29690335497836,1017.080662878788,1020.5959220779224,0.0,12.756662049062047
2026-11-22,12.677834523809524,9.657908333333333,16.518486904761904,0.27133333333333337,12.515578571428575,7.5397,4.824012380952379,45.237166666666674,8.764315476190475,1017.8135166666664,1021.2056595238095,0.0,11.791159523809524
2026-11-23,11.508229761904762,9.396049999999999,13.916617857142851,0.0,10.815114285714282,6.317898809523809,3.762669047619047,49.20080952380953,8.19202380952381,1020.6924642857143,1023.9635273809528,0.0,10.783770238095233
2026-11-24,12.967811075036082,9.019594300144298,16.292594841269846,2.6081327922077913,9.222111832611837,5.218492857142861,2.6781639971139968,58.931819264069276,10.926989898989902,1022.147201479077,1025.9512637806638,0.0,12.0808165945166
2026-11-25,15.948684920634921,13.875342460317459,18.10301666666667,12.673618253968252,15.731882936507946,9.666012301587301,4.713869444444445,54.398408730158714,12.806184920634921,1017.4085353174606,1015.0580698412698,0.0,13.72623492063492
2026-11-26,12.166486111111112,9.359919841269845,17.50597777777778,11.520403571428572,19.220014285714285,12.549878174603178,8.167574206349206,44.49657936507935,9.539973015873018,1012.4102785714281,1012.4722988095235,0.0,12.675844444444435
2026-11-27,8.605082142857142,5.966449206349207,11.229030952380954,5.037454761904762,20.09442738095237,12.887037698412705,8.80805992063492,45.13628174603175,7.292430158730161,1011.4166575396825,1014.932699603174,0.0,9.253905952380954
2026-11-28,8.770920923520924,6.294755411255409,11.792060317460312,8.38917417027417,20.259442784992792,12.803910678210675,7.431296681096682,45.65482034632034,7.56103722943723,1010.7550876623376,1012.5695602453104,0.0,8.430383189033188
2026-11-29,9.653091666666668,6.406251984126986,11.929318253968255,1.080074603174603,18.095951190476182,11.700906746031745,8.207722222222225,39.84558333333334,6.74817619047619,1010.4373944444445,1013.8509857142858,0.0,7.928076984126986
2026-11-30,11.420222222222218,8.256706746031748,14.733740476190478,0.013333333333333332,13.366646428571423,8.74534444444444,4.3590075396825405,39.78914682539683,7.448948809523813,1012.6162496031745,1016.0542305555558,0.0,9.150836111111108
2026-12-01,12.214540476190477,7.990492857142857,17.61454523809524,4.7748583333333325,8.445458333333336,5.523063095238095,2.7050095238095238,42.84532142857143,8.705879761904757,1011.7609535714286,1014.9504571428565,0.0,9.578895238095248
2026-12-02,14.462798809523804,10.344196428571433,20.05659404761906,0.26285714285714284,10.179717857142858,6.544469047619051,3.640483333333333,41.74203571428571,10.277676190476189,1013.1095714285714,1015.7812988095234,0.0,11.421171428571432
2026-12-03,10.211949206349205,7.323393650793649,13.758485714285714,0.0,11.219787301587298,6.457084126984129,3.9049793650793663,46.98634126984127,7.898216666666668,1017.0223944444443,1020.1642626984124,0.0,9.985247619047623
2026-12-04,8.824861904761903,5.178952380952382,12.71856309523809,0.0,10.419752380952374,7.006292857142857,3.9131654761904775,42.223845238095244,6.514383333333333,1017.2052738095247,1020.2994380952377,0.0,7.862760714285714
2026-12-05,10.53769404761905,8.336505158730155,13.59590317460318,0.0,12.801558730158728,7.677909126984124,5.082002777777774,41.807444444444435,6.9864746031746,1014.6413837301583,1018.5820623015871,0.0,9.090089682539684
2026-12-06,10.495790079365083,7.706355158730159,13.376089682539682,0.013250000000000001,12.094349603174603,7.521399603174603,4.783559523809526,43.01466666666668,6.801345634920634,1016.359331746032,1019.5486277777775,0.0,9.079850396825393
2026-12-07,8.642433333333335,5.366247619047617,12.890788095238097,1.300228571428572,16.63507738095238,10.277353571428574,3.85212261904762,35.984440476190464,6.560916666666667,1018.8593964285716,1022.1417630952386,0.0,8.383216666666664
2026-12-08,7.5501669913419915,4.888867316017315,10.025441883116878,0.771555844155844,18.928371320346333,11.991568686868682,5.880601623376624,42.15124458874458,6.115631493506493,1020.7263152597403,1023.7475149350654,0.0,6.902118614718614
2026-12-09,8.512212698412698,5.806496428571429,11.524486111111107,0.0,10.887424206349207,7.25717341269841,3.785279365079368,45.38163095238094,6.7310456349206325,1019.7351063492064,1022.9862111111111,0.0,7.831934920634918
2026-12-10,9.10883928571429,6.359980555555559,12.465624603174605,0.174,10.206475396825404,6.2977412698412705,3.4615019841269845,43.57537301587301,6.85395396825397,1018.0666297619048,1021.2673166666668,0.0,8.46324087301587
2026-12-11,9.369102777777778,7.796886904761903,11.53641626984127,0.0,10.454355555555553,6.086683333333335,3.5733722222222224,47.888460317460314,7.309898412698409,1016.2851007936514,1018.833412301587,0.0,9.085441666666666
2026-12-12,8.223398881673878,6.1348363636363645,11.32124769119769,0.0,11.596847546897548,7.1500631313131375,4.130421717171717,45.736376984126984,6.610947763347761,1019.0021681457432,1022.5662069985567,0.0,8.269981132756133
2026-12-13,7.581880952380953,5.34739880952381,10.552969444444445,0.6182412698412698,17.367150793650787,10.706701984126987,5.749983730158735,45.68380952380952,6.2946904761904765,1016.5179924603177,1018.9869182539682,0.0,7.153914682539682
2026-12-14,6.838039285714286,4.9202555555555545,9.282615873015876,0.30881904761904766,17.12256150793651,10.030668253968248,6.808455952380951,41.47328571428571,5.64464642857143,1020.3883384920638,1024.4323623015873,0.0,6.3791916666666655
2026-12-15,7.81363492063492,5.014630158730157,9.594204761904765,0.14121031746031745,15.777086111111112,9.927148015873012,6.903821031746032,45.27186507936507,5.8585376984126984,1018.5689182539681,1022.1512833333333,0.0,6.553126984126985
2026-12-16,8.70007817460317,6.96252817460317,11.34377103174603,0.7689325396825397,12.055684523809523,7.528655952380952,4.492720238095236,46.296761904761915,6.737558333333335,1018.3066674603172,1021.6931138888889,0.0,7.645091269841268
2026-12-17,9.028763095238093,6.390778571428574,12.543272619047618,0.0,9.78807261904762,6.076552380952381,3.4255261904761904,37.9125357142857,6.121370238095239,1019.2414476190474,1022.9776059523813,0.0,7.136670238095236
2026-12-18,6.268803174603172,4.456821428571429,9.218863492063493,0.7574111111111115,18.517398412698412,11.6037507936508,6.855834126984128,44.494674603174616,5.811158730158729,1019.7953285714289,1022.8058825396834,0.0,5.855067460317457
2026-12-19,5.488092063492065,3.111368253968254,8.837697619047619,0.0,16.42405238095238,10.339746031746033,4.219952380952381,33.7318253968254,4.694203968253968,1022.5053103174603,1026.1070309523807,0.0,5.519335714285714
2026-12-20,7.105605735930737,3.9042260101010116,10.534040981240981,0.33648874458874467,9.420461147186145,6.051223304473307,2.375225468975469,51.825415223665225,6.87630386002886,1018.5140675324675,1020.7007804834059,0.0,6.201016161616158
2026-12-21,7.054580952380952,4.554305952380954,9.59542023809524,0.1726583333333333,17.951184523809523,11.473738095238094,7.964022619047617,44.60236904761904,6.010814285714284,1015.949625,1019.045405952381,0.0,5.783677380952379
2026-12-22,5.629105555555551,3.907342460317462,7.465816269841269,0.002333333333333333,17.111755555555554,10.467001984126982,6.48109206349206,44.59825,5.31807738095238,1021.0800178571427,1022.86071984127,0.08275,4.80380357142857
2026-12-23,6.892758730158731,3.64302777777778,10.331069047619044,0.0,11.077499206349206,7.304247619047616,3.9626531746031763,43.861222222222224,5.821737301587302,1022.1636047619048,1025.7486325396826,0.0,5.777355555555555
2026-12-24,7.834817857142861,3.692874206349207,11.711092063492059,0.0,11.789394444444445,7.331277380952384,3.758818253968254,44.78978968253968,6.24048373015873,1022.8433805555555,1026.3474146825397,0.0,6.6265353174603145
2026-12-25,8.855755952380953,4.553732142857142,12.48186785714286,0.008333333333333333,8.26495714285714,5.341972619047617,2.378982142857144,49.50913095238095,7.464517857142857,1021.2985678571426,1024.5564797619047,0.0,7.896919047619051
2026-12-26,8.789082936507933,5.690338492063494,12.045453571428574,0.023123412698412702,15.707430555555563,9.488793650793653,5.93819484126984,33.35062301587301,6.366829761904763,1020.3096412698417,1022.9723178571433,0.0,8.2428873015873
2026-12-27,6.6337661255411255,5.125765151515151,9.091097294372293,0.09135324675324677,16.630644913419914,11.016310714285714,7.195931204906206,45.327825036075026,5.535235822510824,1021.0565664862912,1024.794562806638,0.0,6.619427489177489
2026-12-28,5.193302777777779,2.8616805555555556,6.856846825396826,0.2915309523809526,19.283416269841283,11.786904761904761,7.551992857142858,46.13284523809522,5.121834523809524,1020.1039710317461,1024.06723968254,0.0,4.881665079365081
2026-12-29,7.420502380952379,4.747475396825397,11.171009523809525,0.0,12.005017857142864,7.680731349206354,3.589036904761905,36.814793650793646,5.35707380952381,1021.4587253968255,1024.9619293650787,0.0,7.243153968253967
2026-12-30,10.069854365079362,6.09471111111111,14.03221071428571,0.020666666666666663,11.23172976190476,7.500117063492064,4.047293253968254,42.77968253968253,7.097334523809526,1016.5458940476196,1018.6633194444448,0.0,8.451649206349208
2026-12-31,8.024377380952386,4.98067857142857,11.261019047619042,0.019599999999999996,14.589161904761909,8.522446428571428,5.267876190476191,36.90903571428571,5.8991035714285704,1015.9940583333333,1017.6488785714289,0.0,7.2956059523809556
