05시,06시,07시,08시,09시,10시,11시,12시,13시,14시,15시,16시,17시,18시,19시,20시,21시,22시,23시,구분,모바일번호,일자,정류소명,정류소번호,합계,행정구역
0,0,0,0,1,0,0,0,0,0,0,0,0,0,0,0,0,1,0,하차,304,2021-01-01,(주)성안건너,7021042100,2,대구광역시 북구 검단동
0,0,0,0,0,0,0,0,0,1,0,0,0,0,0,0,0,0,0,승차,3092,2021-01-01,(주)영화건너,7111058300,1,대구광역시 달성군 구지면
0,0,0,0,0,0,0,0,0,0,0,0,0,0,0,1,0,0,0,하차,3092,2021-01-01,(주)영화건너,7111058300,1,대구광역시 달성군 구지면
0,0,0,1,1,0,1,0,0,0,1,0,0,1,1,1,0,0,0,승차,5273,2021-01-01,(주)영화앞,7111059100,7,대구광역시 달성군 구지면
0,0,0,3,0,0,1,0,0,0,1,1,0,0,0,0,0,0,0,승차,2966,2021-01-01,1차서한화성타운건너,7041058600,6,대구광역시 달서구 용산1동
0,1,0,1,0,0,0,0,1,0,0,0,0,0,1,0,0,0,0,하차,2966,2021-01-01,1차서한화성타운건너,7041058600,4,대구광역시 달서구 용산1동
0,0,0,1,1,0,0,0,3,0,0,0,1,0,0,0,0,0,0,승차,1125,2021-01-01,1차서한화성타운앞,7041047200,6,대구광역시 달서구 용산1동
0,0,0,0,0,0,0,0,0,0,0,0,1,0,0,0,0,0,0,하차,1125,2021-01-01,1차서한화성타운앞,7041047200,1,대구광역시 달서구 용산1동
4,0,4,10,1,6,12,18,16,16,42,36,62,61,72,80,113,51,0,승차,9083,2021-01-01,2.28기념중앙공원건너1,7001006900,604,대구광역시 중구 성내1동
0,4,1,5,4,5,7,17,13,17,11,13,16,10,6,1,5,1,0,하차,9083,2021-01-01,2.28기념중앙공원건너1,7001006900,136,대구광역시 중구 성내1동
0,2,0,1,2,0,2,0,5,3,5,1,6,2,0,2,5,5,0,승차,2230,2021-01-01,2.28기념중앙공원건너2,7001011700,41,대구광역시 중구 성내1동
1,0,0,1,1,1,1,4,4,2,5,1,2,3,1,1,1,0,0,하차,2230,2021-01-01,2.28기념중앙공원건너2,7001011700,29,대구광역시 중구 성내1동
2,9,6,16,16,21,42,38,41,56,85,137,189,149,149,165,227,50,1,승차,2326,2021-01-01,2.28기념중앙공원앞,7001006800,1399,대구광역시 중구 성내1동
0,2,1,5,6,10,4,11,19,15,13,9,15,9,6,7,5,0,0,하차,2326,2021-01-01,2.28기념중앙공원앞,7001006800,137,대구광역시 중구 성내1동
0,0,0,0,2,0,1,3,1,0,2,0,1,2,1,2,1,1,0,승차,59,2021-01-01,2차대자연맨션건너,7061035600,17,대구광역시 수성구 파동
0,0,0,2,0,0,2,0,0,0,0,0,1,0,0,1,1,0,0,하차,59,2021-01-01,2차대자연맨션건너,7061035600,7,대구광역시 수성구 파동
1,5,2,6,10,3,10,4,9,8,3,14,5,7,3,2,3,0,0,승차,70,2021-01-01,2차대자연맨션앞,7061009500,95,대구광역시 수성구 파동
0,1,1,0,1,2,0,1,1,1,0,0,0,2,0,2,1,0,0,하차,70,2021-01-01,2차대자연맨션앞,7061009500,13,대구광역시 수성구 파동
4,10,16,14,26,28,16,21,37,38,24,37,28,23,12,25,13,13,0,승차,5114,2021-01-01,2차서한화성타운건너,7041003100,385,대구광역시 달서구 용산1동
0,0,0,2,0,2,1,0,2,1,1,0,1,2,1,2,3,1,0,하차,5114,2021-01-01,2차서한화성타운건너,7041003100,19,대구광역시 달서구 용산1동
2,4,5,6,9,9,11,4,13,8,15,14,19,12,15,12,12,6,0,승차,9109,2021-01-01,2차서한화성타운앞,7041003000,176,대구광역시 달서구 용산1동
0,2,1,3,1,1,2,2,2,3,2,3,2,6,8,4,5,5,1,하차,9109,2021-01-01,2차서한화성타운앞,7041003000,53,대구광역시 달서구 용산1동
0,1,0,4,1,4,5,5,3,10,15,17,6,24,15,48,36,3,0,승차,5338,2021-01-01,2호선반월당역1,7001001400,197,대구광역시 중구 성내1동
0,0,0,0,0,1,1,4,3,0,8,6,3,6,2,5,0,1,0,하차,5338,2021-01-01,2호선반월당역1,7001001400,40,대구광역시 중구 성내1동
0,0,3,1,3,2,8,2,3,16,6,10,3,9,12,12,14,12,0,승차,2157,2021-01-01,2호선반월당역2,7001012300,116,대구광역시 중구 성내1동
0,2,1,0,2,2,2,0,3,1,2,15,2,4,1,2,1,2,0,하차,2157,2021-01-01,2호선반월당역2,7001012300,42,대구광역시 중구 성내1동
0,1,1,0,3,4,3,6,3,3,0,2,4,0,0,0,1,1,0,승차,243,2021-01-01,CBS방송국건너,7021023000,32,대구광역시 북구 침산2동
0,0,0,1,2,1,0,4,1,1,0,1,0,1,1,0,0,0,0,하차,243,2021-01-01,CBS방송국건너,7021023000,13,대구광역시 북구 침산2동
0,0,0,0,0,0,1,4,1,2,2,1,5,2,2,0,1,2,0,승차,5041,2021-01-01,CBS방송국앞,7021023100,23,대구광역시 북구 침산2동
1,1,0,0,1,0,1,2,0,0,1,2,1,0,0,1,0,0,0,하차,5041,2021-01-01,CBS방송국앞,7021023100,11,대구광역시 북구 침산2동
2,5,7,5,11,18,28,40,50,64,83,100,119,111,118,132,192,52,4,승차,2239,2021-01-01,CGV대구한일건너,7001006600,1141,대구광역시 중구 성내1동
1,0,5,7,5,6,9,8,15,25,17,21,16,9,8,5,9,6,0,하차,2239,2021-01-01,CGV대구한일건너,7001006600,172,대구광역시 중구 성내1동
0,0,1,3,4,2,7,10,9,11,31,22,39,26,32,23,57,9,0,승차,2238,2021-01-01,CGV대구한일앞,7001006700,286,대구광역시 중구 성내1동
0,1,0,0,1,2,2,3,0,3,1,6,5,1,1,1,1,0,0,하차,2238,2021-01-01,CGV대구한일앞,7001006700,28,대구광역시 중구 성내1동
0,0,1,0,2,1,7,1,2,1,1,2,6,0,0,1,0,1,0,승차,5151,2021-01-01,CMB대구방송,7011004600,26,대구광역시 동구 신천4동
0,0,0,0,1,0,0,0,0,0,2,0,1,0,1,0,0,0,0,하차,5151,2021-01-01,CMB대구방송,7011004600,5,대구광역시 동구 신천4동
0,0,0,0,0,0,0,0,1,1,0,0,0,0,0,1,0,0,0,승차,135,2021-01-01,DGB대구은행파크남편건너,7021013900,3,대구광역시 북구 고성동
0,0,0,0,0,0,0,0,0,0,0,1,0,1,1,0,0,0,0,하차,135,2021-01-01,DGB대구은행파크남편건너,7021013900,3,대구광역시 북구 고성동
1,1,0,0,0,1,0,0,0,1,1,0,2,1,1,1,2,1,0,승차,2201,2021-01-01,DGB대구은행파크남편앞,7021014000,13,대구광역시 북구 고성동
0,1,1,0,0,5,3,4,2,1,2,1,0,1,1,3,1,0,0,승차,5132,2021-01-01,DGB대구은행파크동편건너,7021012800,26,대구광역시 북구 칠성동
0,0,1,0,2,2,1,1,6,5,8,4,6,4,2,3,4,2,0,하차,5132,2021-01-01,DGB대구은행파크동편건너,7021012800,51,대구광역시 북구 칠성동
0,1,1,0,2,2,0,3,5,3,8,4,4,2,0,0,5,2,0,승차,2156,2021-01-01,DGB대구은행파크동편앞,7021012900,42,대구광역시 북구 고성동
0,0,0,1,0,0,1,0,1,0,0,0,0,0,0,0,0,0,0,하차,2156,2021-01-01,DGB대구은행파크동편앞,7021012900,3,대구광역시 북구 고성동
0,4,0,0,0,1,0,0,0,0,0,0,0,1,0,0,1,0,0,승차,3854,2021-01-01,e-편한세상월배건너,7041059100,7,대구광역시 달서구 월성1동
0,0,0,2,0,1,0,0,0,0,0,0,0,0,0,0,0,0,0,하차,3854,2021-01-01,e-편한세상월배건너,7041059100,3,대구광역시 달서구 월성1동
0,0,0,0,0,0,0,0,0,0,0,0,0,2,0,0,0,0,0,승차,3855,2021-01-01,e-편한세상월배앞,7041059000,2,대구광역시 달서구 월성1동
0,0,0,0,0,0,0,0,0,0,0,0,0,1,0,0,0,0,0,하차,3855,2021-01-01,e-편한세상월배앞,7041059000,1,대구광역시 달서구 월성1동
1,5,6,3,2,6,7,14,5,11,9,8,6,3,10,1,2,1,0,승차,5308,2021-01-01,e편한세상대구금호건너,7021056500,100,대구광역시 북구 관문동
0,0,0,0,0,0,0,0,0,0,0,1,0,0,1,0,1,0,0,승차,5307,2021-01-01,e편한세상대구금호앞,7021056600,3,대구광역시 북구 관문동
0,0,0,0,0,0,1,0,0,0,0,2,0,0,0,1,0,0,0,하차,5307,2021-01-01,e편한세상대구금호앞,7021056600,4,대구광역시 북구 관문동
1,1,0,0,1,5,2,0,2,1,0,0,0,1,0,1,4,0,0,승차,1961,2021-01-01,K-2입구,7011012200,19,대구광역시 동구 동촌동
0,1,0,1,2,0,0,0,4,1,0,0,1,0,2,1,0,0,0,하차,1961,2021-01-01,K-2입구,7011012200,13,대구광역시 동구 동촌동
1,0,0,0,0,2,0,2,1,1,0,0,0,0,0,0,0,0,0,승차,3597,2021-01-01,K2관사입구(종점),7011035800,7,대구광역시 동구 해안동
0,0,0,0,0,0,0,0,0,0,0,1,0,0,0,0,0,0,0,하차,3597,2021-01-01,K2관사입구(종점),7011035800,1,대구광역시 동구 해안동
0,1,3,7,8,7,7,12,8,7,7,9,9,15,4,2,6,7,0,승차,2175,2021-01-01,KT남대구지사건너1,7051003500,119,대구광역시 남구 대명10동
0,1,1,1,4,0,2,6,1,5,1,6,6,3,3,2,1,2,1,하차,2175,2021-01-01,KT남대구지사건너1,7051003500,46,대구광역시 남구 대명10동
0,5,4,1,6,3,4,7,2,5,1,6,4,3,0,1,1,0,0,승차,1630,2021-01-01,KT남대구지사건너2,7051003000,53,대구광역시 남구 대명6동
0,0,2,1,0,0,0,1,2,0,1,2,0,0,2,2,1,1,0,하차,1630,2021-01-01,KT남대구지사건너2,7051003000,15,대구광역시 남구 대명6동
3,11,10,8,9,9,19,10,16,20,24,22,18,13,10,9,14,9,1,승차,2180,2021-01-01,KT남대구지사앞1,7051003400,235,대구광역시 남구 대명9동
1,1,5,3,3,4,2,8,8,13,7,9,10,8,2,8,3,0,1,하차,2180,2021-01-01,KT남대구지사앞1,7051003400,96,대구광역시 남구 대명9동
0,2,0,2,2,7,1,3,1,1,1,4,2,2,0,2,0,0,0,승차,5070,2021-01-01,KT남대구지사앞2,7051002900,30,대구광역시 남구 대명9동
0,5,3,2,0,3,1,3,1,6,5,6,2,0,0,0,1,2,0,하차,5070,2021-01-01,KT남대구지사앞2,7051002900,40,대구광역시 남구 대명9동
2,6,9,4,5,4,5,7,9,6,16,10,7,9,4,4,4,5,0,승차,9201,2021-01-01,KT동대구지사건너,7011007300,116,대구광역시 동구 신암4동
3,5,5,7,7,14,14,17,10,19,11,14,11,14,11,6,5,3,1,하차,9201,2021-01-01,KT동대구지사건너,7011007300,177,대구광역시 동구 신암4동
1,2,18,4,4,2,4,9,10,11,13,5,14,8,6,3,9,2,0,승차,2094,2021-01-01,KT동대구지사앞,7011007200,125,대구광역시 동구 신암4동
0,0,2,0,1,0,1,1,2,1,2,0,2,1,2,3,3,1,0,하차,2094,2021-01-01,KT동대구지사앞,7011007200,22,대구광역시 동구 신암4동
0,0,0,0,0,0,1,2,1,1,1,0,1,0,0,0,0,0,0,승차,134,2021-01-01,KT북대구지사건너,7021013700,7,대구광역시 북구 고성동
0,0,0,0,0,0,0,2,0,0,0,1,0,0,0,0,0,0,0,하차,134,2021-01-01,KT북대구지사건너,7021013700,3,대구광역시 북구 고성동
1,1,2,2,2,3,0,2,3,0,1,2,2,3,2,2,1,0,0,승차,131,2021-01-01,KT북대구지사앞,7021013800,29,대구광역시 북구 고성동
0,0,0,3,0,1,0,1,0,0,0,4,0,0,0,0,0,0,0,하차,131,2021-01-01,KT북대구지사앞,7021013800,9,대구광역시 북구 고성동
4,4,3,8,9,7,15,7,10,10,12,9,25,6,4,3,4,0,0,승차,2155,2021-01-01,KT서대구지사건너,7031015100,140,대구광역시 서구 평리2동
0,1,1,1,2,0,0,1,3,2,2,2,4,1,2,1,3,0,0,하차,2155,2021-01-01,KT서대구지사건너,7031015100,26,대구광역시 서구 평리2동
2,3,5,2,9,8,8,7,7,11,10,12,7,9,5,5,7,1,2,승차,2154,2021-01-01,KT서대구지사앞,7031010600,120,대구광역시 서구 평리2동
0,1,3,0,3,2,3,4,3,8,7,8,4,4,1,6,4,5,0,하차,2154,2021-01-01,KT서대구지사앞,7031010600,66,대구광역시 서구 평리2동
1,1,2,3,5,5,1,8,5,7,5,4,5,2,0,2,1,2,1,승차,9164,2021-01-01,LG물류센터건너,7011015100,60,대구광역시 동구 안심2동
0,0,2,1,4,0,3,1,2,0,2,3,2,2,1,2,1,1,0,하차,9164,2021-01-01,LG물류센터건너,7011015100,27,대구광역시 동구 안심2동
3,2,8,3,6,9,2,7,8,4,4,2,6,3,4,1,0,4,0,승차,9009,2021-01-01,LG물류센터앞,7011015200,76,대구광역시 동구 안심2동
0,1,1,0,1,3,1,4,4,3,1,2,2,0,2,0,0,0,0,하차,9009,2021-01-01,LG물류센터앞,7011015200,25,대구광역시 동구 안심2동
0,0,0,0,0,0,0,0,0,0,0,0,1,0,0,0,0,0,0,승차,3982,2021-01-01,LH10단지아파트건너,7011060000,1,대구광역시 동구 안심3.4동
1,1,2,4,4,0,1,2,3,1,0,0,5,0,0,1,2,0,0,하차,3982,2021-01-01,LH10단지아파트건너,7011060000,27,대구광역시 동구 안심3.4동
0,0,0,0,0,0,0,1,0,0,0,0,0,0,0,0,0,0,0,승차,3983,2021-01-01,LH10단지아파트앞,7011060100,1,대구광역시 동구 안심3.4동
0,0,0,0,2,0,1,0,0,0,1,0,2,2,0,0,0,1,1,하차,3983,2021-01-01,LH10단지아파트앞,7011060100,10,대구광역시 동구 안심3.4동
1,0,0,0,1,2,1,0,3,0,2,1,0,1,3,0,0,0,0,승차,4043,2021-01-01,LH14단지아파트,7011061800,15,대구광역시 동구 안심3.4동
0,0,1,0,0,1,0,0,0,0,0,1,0,0,0,0,0,0,0,하차,4043,2021-01-01,LH14단지아파트,7011061800,3,대구광역시 동구 안심3.4동
0,2,1,1,1,0,2,5,0,0,0,2,4,1,0,0,1,1,0,승차,3000,2021-01-01,LH5단지아파트건너,7011056100,21,대구광역시 동구 안심3.4동
0,0,0,0,0,0,0,0,2,2,0,0,1,0,0,0,0,0,0,승차,2992,2021-01-01,LH5단지아파트앞,7011056000,5,대구광역시 동구 안심3.4동
0,0,0,0,0,0,0,0,0,0,0,0,0,1,0,0,1,1,0,하차,2992,2021-01-01,LH5단지아파트앞,7011056000,3,대구광역시 동구 안심3.4동
0,0,0,0,1,0,0,0,0,0,0,0,0,0,0,0,0,0,0,승차,2973,2021-01-01,LH5단지아파트후문앞,7011051400,1,대구광역시 동구 안심3.4동
0,0,0,0,0,0,0,0,1,0,0,1,0,2,1,0,1,0,0,하차,2973,2021-01-01,LH5단지아파트후문앞,7011051400,6,대구광역시 동구 안심3.4동
5,3,2,5,6,12,5,12,8,9,10,8,4,8,5,2,4,1,0,승차,9225,2021-01-01,LH천년나무2단지건너,7111073200,109,대구광역시 달성군 유가면
0,0,0,0,1,1,1,0,0,1,0,0,1,1,0,0,0,0,0,하차,9225,2021-01-01,LH천년나무2단지건너,7111073200,6,대구광역시 달성군 유가면
1,0,1,2,0,0,3,1,1,2,4,2,0,1,3,0,2,2,0,승차,3972,2021-01-01,LH천년나무2단지앞,7111073100,25,대구광역시 달성군 현풍면
0,0,0,1,0,1,2,0,1,0,1,2,0,1,1,0,1,2,0,하차,3972,2021-01-01,LH천년나무2단지앞,7111073100,13,대구광역시 달성군 현풍면
0,0,0,0,0,0,0,1,0,0,0,0,1,0,0,0,0,0,0,하차,3006,2021-01-01,NH농협혁신도시지점건너,7011056700,2,대구광역시 동구 안심3.4동
0,0,1,1,1,0,0,5,0,5,2,0,3,2,2,1,0,0,0,승차,3012,2021-01-01,NH농협혁신도시지점앞,7011056600,23,대구광역시 동구 안심3.4동
2,2,1,2,2,1,4,5,5,4,0,11,1,1,1,7,2,0,0,승차,5218,2021-01-01,SD아이프라임강북아파트,7021005600,51,대구광역시 북구 읍내동
0,0,0,1,0,0,0,0,1,1,1,1,2,0,0,1,0,0,0,하차,5218,2021-01-01,SD아이프라임강북아파트,7021005600,8,대구광역시 북구 읍내동
1,1,0,6,4,1,5,5,7,4,7,8,13,5,10,7,6,3,0,승차,9166,2021-01-01,SK리더스뷰건너,7061012500,93,대구광역시 수성구 황금2동
0,0,0,0,1,0,2,0,0,1,1,3,3,1,0,0,1,0,0,하차,9166,2021-01-01,SK리더스뷰건너,7061012500,13,대구광역시 수성구 황금2동
0,2,3,4,1,3,1,3,4,5,1,2,5,7,2,10,14,7,0,승차,31,2021-01-01,SK리더스뷰앞,7061012600,74,대구광역시 수성구 두산동
0,1,0,0,0,1,1,1,1,1,2,3,5,1,0,3,0,0,1,하차,31,2021-01-01,SK리더스뷰앞,7061012600,21,대구광역시 수성구 두산동
0,0,1,0,0,0,0,1,2,0,0,1,0,0,0,1,1,0,0,승차,1182,2021-01-01,STX메탈건너,7041001500,7,대구광역시 달서구 신당동
0,0,0,2,3,1,2,3,2,0,2,0,9,5,3,4,3,1,0,하차,1182,2021-01-01,STX메탈건너,7041001500,40,대구광역시 달서구 신당동
0,0,1,0,1,1,0,1,1,1,1,1,1,0,1,0,0,1,0,하차,1181,2021-01-01,STX메탈앞,7041001400,11,대구광역시 달서구 신당동
4,6,3,16,6,5,10,9,13,7,9,17,22,15,23,17,37,16,0,승차,2250,2021-01-01,TBC건너,7061012900,235,대구광역시 수성구 지산1동
1,0,1,0,0,0,1,3,1,0,0,0,2,0,1,1,1,1,0,하차,2250,2021-01-01,TBC건너,7061012900,13,대구광역시 수성구 지산1동
0,0,1,3,2,1,6,0,1,4,5,5,6,4,4,4,6,2,0,승차,2249,2021-01-01,TBC앞,7061012800,54,대구광역시 수성구 두산동
0,0,2,0,1,0,0,0,4,7,3,7,4,9,3,1,4,0,1,하차,2249,2021-01-01,TBC앞,7061012800,46,대구광역시 수성구 두산동
0,1,0,0,0,0,0,0,0,0,0,0,0,0,0,0,0,0,0,승차,1430,2021-01-01,㈜윔스건너,7041044700,1,대구광역시 달서구 월성2동
0,0,0,0,0,0,0,0,0,0,0,0,1,0,0,0,0,0,0,하차,1430,2021-01-01,㈜윔스건너,7041044700,1,대구광역시 달서구 월성2동
0,0,0,0,0,0,0,0,0,0,0,0,0,0,0,0,0,1,0,승차,1437,2021-01-01,㈜윔스앞,7041044800,1,대구광역시 달서구 월성2동
0,0,0,0,1,0,0,1,3,6,6,1,0,4,3,0,0,0,0,승차,2243,2021-01-01,가창농협건너,7111000400,25,대구광역시 달성군 가창면
0,1,0,2,1,1,1,3,2,5,4,1,2,2,2,0,0,0,0,하차,2243,2021-01-01,가창농협건너,7111000400,27,대구광역시 달성군 가창면
1,2,3,7,6,6,7,7,6,8,11,3,8,6,8,5,3,2,0,승차,9097,2021-01-01,가창농협앞,7111000500,99,대구광역시 달성군 가창면
0,0,0,1,0,0,0,1,0,0,1,0,1,2,0,0,0,0,0,하차,9097,2021-01-01,가창농협앞,7111000500,6,대구광역시 달성군 가창면
0,0,0,0,0,0,0,0,0,0,1,0,0,0,0,0,0,0,0,승차,2737,2021-01-01,가창댐1,7111060300,1,대구광역시 달성군 가창면
0,0,1,2,2,2,0,2,1,1,2,1,0,3,1,0,1,1,0,승차,5287,2021-01-01,가창면사무소건너,7111000600,20,대구광역시 달성군 가창면
0,0,1,1,1,0,0,1,0,6,0,1,1,2,0,0,0,1,0,하차,5287,2021-01-01,가창면사무소건너,7111000600,15,대구광역시 달성군 가창면
0,1,0,2,3,3,3,6,6,9,2,12,10,10,2,6,1,0,0,승차,2995,2021-01-01,가창면사무소앞,7111000700,76,대구광역시 달성군 가창면
0,0,0,1,2,0,0,1,0,0,0,1,1,0,0,0,2,0,0,하차,2995,2021-01-01,가창면사무소앞,7111000700,8,대구광역시 달성군 가창면
0,1,1,0,0,0,0,0,0,0,1,1,1,0,1,0,0,0,0,승차,1965,2021-01-01,가창중학교건너,7111045600,6,대구광역시 달성군 가창면
0,0,0,0,0,0,0,0,0,0,0,0,0,0,0,0,1,0,0,승차,1518,2021-01-01,가창중학교앞,7111045700,1,대구광역시 달성군 가창면
0,1,0,0,0,1,0,0,0,0,0,0,0,0,1,0,1,0,0,하차,1518,2021-01-01,가창중학교앞,7111045700,4,대구광역시 달성군 가창면
0,0,1,2,0,1,0,1,4,1,1,10,2,0,2,1,1,0,0,승차,1519,2021-01-01,가창초등학교건너,7111045800,27,대구광역시 달성군 가창면
0,1,0,1,0,0,0,0,0,0,0,0,0,0,0,0,0,0,0,하차,1519,2021-01-01,가창초등학교건너,7111045800,2,대구광역시 달성군 가창면
1,1,0,0,0,0,1,0,0,0,0,0,2,2,0,0,0,0,0,승차,2596,2021-01-01,가창초등학교앞,7111045900,7,대구광역시 달성군 가창면
0,0,0,0,0,0,1,0,0,0,0,0,0,0,0,3,0,0,0,승차,4021,2021-01-01,가천동건너,7061058600,4,대구광역시 수성구 고산2동
0,0,0,0,0,0,0,0,0,0,0,0,0,0,0,2,0,0,0,하차,4021,2021-01-01,가천동건너,7061058600,2,대구광역시 수성구 고산2동
0,1,0,1,0,0,0,2,0,0,0,1,0,0,0,1,4,2,0,승차,3959,2021-01-01,각산비나리공원건너,7011059300,12,대구광역시 동구 안심3.4동
0,0,0,0,0,0,1,0,0,0,1,0,0,0,0,0,0,0,0,하차,3959,2021-01-01,각산비나리공원건너,7011059300,2,대구광역시 동구 안심3.4동
0,0,0,4,3,6,0,2,1,3,4,0,1,1,2,2,0,0,0,승차,3958,2021-01-01,각산비나리공원앞,7011059200,29,대구광역시 동구 안심3.4동
0,1,1,2,4,1,1,2,4,3,4,6,4,1,2,10,7,0,0,승차,1272,2021-01-01,각산역(1번출구),7011038100,53,대구광역시 동구 안심3.4동
0,0,0,0,0,0,0,2,1,2,0,2,0,1,2,0,0,0,0,하차,1272,2021-01-01,각산역(1번출구),7011038100,10,대구광역시 동구 안심3.4동
0,0,0,0,1,0,2,0,0,0,1,0,1,4,2,2,3,3,0,승차,1291,2021-01-01,각산역(2번출구),7011038000,19,대구광역시 동구 안심3.4동
0,1,2,0,0,0,0,0,1,0,2,3,3,3,0,0,0,0,0,하차,1291,2021-01-01,각산역(2번출구),7011038000,15,대구광역시 동구 안심3.4동
1,1,1,2,0,1,3,2,2,6,1,3,4,7,1,1,2,1,0,승차,1260,2021-01-01,각산태영데시앙건너,7011018000,39,대구광역시 동구 안심3.4동
2,2,1,2,4,0,2,3,3,1,3,5,5,4,2,2,4,2,0,하차,1260,2021-01-01,각산태영데시앙건너,7011018000,47,대구광역시 동구 안심3.4동
0,1,1,2,2,1,3,5,2,5,5,5,1,7,6,1,9,1,0,승차,1258,2021-01-01,각산태영데시앙앞,7011017900,57,대구광역시 동구 안심1동
0,0,0,3,1,5,3,1,7,7,8,1,1,0,0,0,2,1,0,하차,1258,2021-01-01,각산태영데시앙앞,7011017900,40,대구광역시 동구 안심1동
1,2,0,4,0,0,3,3,1,1,2,3,3,3,0,1,1,2,0,승차,9272,2021-01-01,각산푸르지오,7011051800,30,대구광역시 동구 안심3.4동
0,0,1,0,0,0,3,5,3,0,1,3,4,1,0,1,1,1,0,하차,9272,2021-01-01,각산푸르지오,7011051800,24,대구광역시 동구 안심3.4동
0,0,0,0,1,0,1,0,0,0,0,0,0,0,1,0,0,0,0,승차,5506,2021-01-01,갈실마을회관종점,7111028400,3,대구광역시 달성군 논공읍
0,0,0,0,0,0,0,0,0,1,0,0,0,0,0,0,0,0,0,하차,1368,2021-01-01,감문1리1,7111015600,1,대구광역시 달성군 하빈면
0,0,0,0,0,0,0,0,0,0,1,0,0,0,1,0,0,0,0,승차,2655,2021-01-01,감문1리2,7111015700,2,대구광역시 달성군 하빈면
0,0,0,0,0,0,0,0,0,0,0,1,0,0,0,0,0,0,0,승차,4154,2021-01-01,감문리(삼실)건너,7111078500,1,대구광역시 달성군 하빈면
0,0,0,0,0,0,0,0,0,0,0,1,0,0,0,0,0,0,0,하차,1356,2021-01-01,감문리(삼실)앞,7111015100,1,대구광역시 달성군 하빈면
1,0,3,1,4,3,2,8,6,7,15,6,11,13,12,12,26,6,2,승차,2275,2021-01-01,감삼네거리1,7031004100,138,대구광역시 서구 내당4동
0,0,0,3,0,4,4,3,5,4,7,4,6,6,3,3,4,1,0,하차,2275,2021-01-01,감삼네거리1,7031004100,57,대구광역시 서구 내당4동
4,9,7,18,12,12,15,24,16,23,22,25,24,20,16,18,32,20,0,승차,935,2021-01-01,감삼네거리2,7041024200,317,대구광역시 달서구 두류3동
2,2,1,3,8,5,11,9,10,16,15,18,15,10,9,8,12,8,0,하차,935,2021-01-01,감삼네거리2,7041024200,162,대구광역시 달서구 두류3동
1,1,1,0,8,2,4,5,2,5,4,5,3,3,2,6,5,1,0,승차,9238,2021-01-01,감삼초등학교건너,7041010600,58,대구광역시 달서구 성당2동
0,0,1,0,0,1,1,1,3,1,0,2,2,0,0,1,1,0,0,하차,9238,2021-01-01,감삼초등학교건너,7041010600,14,대구광역시 달서구 성당2동
0,1,1,3,4,2,4,4,3,2,3,1,10,1,5,1,2,2,0,승차,5178,2021-01-01,감삼초등학교앞,7041010700,49,대구광역시 달서구 감삼동
0,0,1,0,1,1,0,0,1,0,1,2,1,0,1,2,6,2,0,하차,5178,2021-01-01,감삼초등학교앞,7041010700,19,대구광역시 달서구 감삼동
0,0,0,0,0,0,0,0,0,0,0,0,1,0,0,0,0,0,0,승차,1613,2021-01-01,갓골건너,7011033900,1,대구광역시 동구 도평동
0,1,12,24,19,26,43,50,48,63,61,65,48,23,11,3,1,4,0,승차,3599,2021-01-01,갓바위,7011036000,502,대구광역시 동구 공산동
0,2,1,3,1,4,3,3,3,6,4,0,1,1,0,0,0,0,0,하차,3599,2021-01-01,갓바위,7011036000,32,대구광역시 동구 공산동
7,12,15,22,29,26,32,37,41,41,37,37,34,30,33,27,12,7,0,승차,2048,2021-01-01,강남약국건너,7021025000,479,대구광역시 북구 대현2동
1,0,3,8,6,4,8,6,8,8,9,9,2,3,2,7,3,2,0,하차,2048,2021-01-01,강남약국건너,7021025000,89,대구광역시 북구 대현2동
4,8,12,15,25,15,24,20,18,19,18,36,36,30,12,12,20,12,0,승차,2051,2021-01-01,강남약국앞1,7011008900,336,대구광역시 동구 신암2동
1,0,1,1,1,3,7,6,7,6,6,13,6,4,9,6,5,3,0,하차,2051,2021-01-01,강남약국앞1,7011008900,85,대구광역시 동구 신암2동
1,3,3,3,5,3,8,7,9,7,4,7,9,13,5,8,7,2,1,승차,2050,2021-01-01,강남약국앞2,7011009000,105,대구광역시 동구 신암2동
0,0,1,0,0,0,0,0,2,0,0,1,2,1,1,0,0,0,0,하차,2050,2021-01-01,강남약국앞2,7011009000,8,대구광역시 동구 신암2동
0,0,0,0,0,0,0,0,0,0,1,0,0,0,0,0,0,0,0,하차,1668,2021-01-01,강동중·고등학교,7011032400,1,대구광역시 동구 안심3.4동
0,0,0,2,0,0,1,2,2,1,3,0,3,0,1,0,1,0,0,승차,1667,2021-01-01,강동중·고등학교건너,7011032500,16,대구광역시 동구 안심3.4동
0,0,0,0,0,1,0,0,1,0,1,5,0,0,1,1,0,0,0,승차,4054,2021-01-01,강동초교건너,7011062800,10,대구광역시 동구 안심3.4동
0,0,0,0,0,0,0,0,1,0,0,0,0,0,0,0,0,0,0,하차,4067,2021-01-01,강동초교앞,7011063000,1,대구광역시 동구 안심3.4동
1,0,1,3,1,1,5,5,3,3,3,1,4,8,3,8,0,3,0,승차,2615,2021-01-01,강변동서마을건너,7011028500,53,대구광역시 동구 안심2동
0,0,0,0,0,0,0,0,0,0,0,0,0,0,0,1,0,0,0,하차,2615,2021-01-01,강변동서마을건너,7011028500,1,대구광역시 동구 안심2동
0,0,3,0,1,3,3,3,5,6,3,3,1,3,3,4,5,1,0,승차,9003,2021-01-01,강변동서마을앞,7011014500,47,대구광역시 동구 안심2동
0,0,0,0,0,0,3,2,0,0,0,2,1,1,1,0,1,2,1,하차,9003,2021-01-01,강변동서마을앞,7011014500,14,대구광역시 동구 안심2동
0,0,1,1,0,0,2,0,1,1,1,1,3,0,0,1,1,1,0,승차,1560,2021-01-01,강북경찰서건너,7021038600,14,대구광역시 북구 동천동
0,0,1,0,0,3,1,1,1,1,1,2,4,4,1,0,1,1,0,하차,1560,2021-01-01,강북경찰서건너,7021038600,22,대구광역시 북구 동천동
3,3,1,1,2,3,2,3,5,4,3,4,3,3,1,4,8,2,0,승차,9288,2021-01-01,강북경찰서앞,7021038700,55,대구광역시 북구 구암동
0,0,0,0,0,0,1,1,0,0,0,0,0,2,0,0,0,0,0,하차,9288,2021-01-01,강북경찰서앞,7021038700,4,대구광역시 북구 구암동
0,0,0,2,0,0,0,1,0,1,3,2,0,0,1,0,1,0,0,하차,1552,2021-01-01,강북중학교건너,7021043200,11,대구광역시 북구 구암동
0,2,2,1,1,5,3,4,4,3,7,7,2,2,4,4,1,2,0,승차,1553,2021-01-01,강북중학교앞,7021047000,54,대구광역시 북구 구암동
0,0,0,0,0,0,0,0,1,0,0,0,0,1,0,0,0,0,0,하차,1553,2021-01-01,강북중학교앞,7021047000,2,대구광역시 북구 구암동
1,3,1,7,3,2,3,5,3,3,3,6,0,2,5,2,3,1,0,승차,9196,2021-01-01,강산아파트건너,7011012300,53,대구광역시 동구 지저동
2,5,6,10,15,12,11,14,12,12,9,5,8,6,2,5,2,2,1,하차,9196,2021-01-01,강산아파트건너,7011012300,139,대구광역시 동구 지저동
1,2,6,0,6,1,6,7,11,3,9,10,5,1,2,2,2,0,0,승차,5053,2021-01-01,강산아파트앞,7011012400,74,대구광역시 동구 지저동
1,0,5,0,0,1,4,0,3,3,3,3,4,3,0,3,2,0,0,하차,5053,2021-01-01,강산아파트앞,7011012400,35,대구광역시 동구 지저동
0,0,0,25,0,0,0,0,0,0,0,0,0,0,0,0,0,0,0,승차,2900,2021-01-01,강정보(디아크문화관)입구,7111049900,25,대구광역시 달성군 다사읍
0,0,0,1,0,0,0,0,0,0,0,0,0,0,0,0,0,0,0,하차,2900,2021-01-01,강정보(디아크문화관)입구,7111049900,1,대구광역시 달성군 다사읍
0,2,6,15,6,0,1,0,4,4,4,4,1,4,1,2,5,1,0,승차,5170,2021-01-01,강창교1,7111009900,60,대구광역시 달성군 다사읍
0,2,1,0,0,0,0,0,0,0,0,0,0,0,0,0,0,0,0,하차,5170,2021-01-01,강창교1,7111009900,3,대구광역시 달성군 다사읍
0,0,2,1,0,0,0,0,0,0,0,0,0,0,0,0,0,0,0,승차,2897,2021-01-01,강창교2,7111062100,3,대구광역시 달성군 다사읍
0,1,0,1,1,0,0,1,0,1,2,0,2,0,0,2,2,1,0,하차,2897,2021-01-01,강창교2,7111062100,14,대구광역시 달성군 다사읍
2,4,1,2,6,2,2,2,2,3,6,3,11,5,3,4,4,0,0,승차,1193,2021-01-01,강창역(1번출구),7041032500,62,대구광역시 달서구 신당동
0,0,1,0,1,1,0,0,0,0,1,2,2,3,0,1,0,2,0,하차,1193,2021-01-01,강창역(1번출구),7041032500,14,대구광역시 달서구 신당동
2,2,8,7,12,2,10,19,18,17,16,19,20,24,13,13,13,5,0,승차,2461,2021-01-01,강창역(2번출구),7041037700,220,대구광역시 달서구 신당동
0,0,0,1,0,0,0,1,0,0,0,1,2,2,0,0,0,0,0,하차,2461,2021-01-01,강창역(2번출구),7041037700,7,대구광역시 달서구 신당동
3,4,3,7,4,5,6,5,10,4,6,4,7,4,5,1,3,3,0,승차,3132,2021-01-01,강창하이츠,7111019400,84,대구광역시 달성군 다사읍
0,0,0,0,0,1,0,0,1,0,0,0,1,0,0,0,0,0,0,하차,3132,2021-01-01,강창하이츠,7111019400,3,대구광역시 달성군 다사읍
0,0,2,0,0,3,1,2,1,1,2,2,0,5,0,0,3,0,0,승차,2411,2021-01-01,거동교1,7021032100,22,대구광역시 북구 읍내동
0,0,0,2,1,1,0,1,5,1,3,2,3,1,3,2,0,2,0,하차,2411,2021-01-01,거동교1,7021032100,27,대구광역시 북구 읍내동
0,0,0,3,1,2,1,0,0,3,2,0,2,0,3,2,1,1,0,승차,1475,2021-01-01,거동교2,7021032200,21,대구광역시 북구 읍내동
0,0,1,0,1,0,0,0,0,0,0,0,0,0,1,0,0,1,0,하차,1475,2021-01-01,거동교2,7021032200,4,대구광역시 북구 읍내동
0,0,0,0,0,0,0,0,3,0,0,0,2,0,0,0,0,0,0,승차,1030,2021-01-01,건들바위건너,7001008100,5,대구광역시 중구 대봉2동
0,0,0,0,1,1,1,1,0,0,0,2,1,0,0,0,2,0,0,하차,1030,2021-01-01,건들바위건너,7001008100,9,대구광역시 중구 대봉2동
0,0,0,0,0,0,0,0,0,0,0,0,0,0,0,0,2,0,0,승차,1035,2021-01-01,건들바위앞,7001008200,2,대구광역시 중구 대봉2동
1,1,0,0,0,0,0,0,0,0,0,0,0,0,0,2,0,0,0,하차,1035,2021-01-01,건들바위앞,7001008200,4,대구광역시 중구 대봉2동
0,0,0,2,0,2,5,3,6,2,1,1,2,1,2,3,9,0,0,승차,5046,2021-01-01,건영아파트건너,7021026400,39,대구광역시 북구 산격2동
1,1,1,5,5,2,5,4,8,6,2,6,3,3,3,2,6,2,0,하차,5046,2021-01-01,건영아파트건너,7021026400,65,대구광역시 북구 산격2동
1,3,2,4,11,2,5,3,9,2,12,7,6,8,2,4,2,0,0,승차,1191,2021-01-01,건영캐스빌건너,7111047500,83,대구광역시 달성군 다사읍
0,2,1,0,1,2,0,2,3,1,1,0,0,2,2,0,1,0,0,하차,1191,2021-01-01,건영캐스빌건너,7111047500,18,대구광역시 달성군 다사읍
1,1,3,0,2,1,2,2,0,3,2,4,3,5,1,1,3,0,0,승차,2753,2021-01-01,건영캐스빌앞,7111010300,34,대구광역시 달성군 다사읍
0,0,1,0,0,3,0,0,1,1,1,1,0,4,0,0,0,0,0,하차,2753,2021-01-01,건영캐스빌앞,7111010300,12,대구광역시 달성군 다사읍
0,1,1,3,1,0,0,4,2,1,1,2,2,3,0,0,2,0,0,승차,303,2021-01-01,검단동대구축협앞,7021042200,23,대구광역시 북구 검단동
0,0,0,0,0,1,0,0,3,1,3,0,0,0,2,0,0,1,0,승차,2964,2021-01-01,검단동행정복지센터1,7021055200,11,대구광역시 북구 검단동
0,0,0,0,0,0,0,0,0,1,0,0,0,0,0,0,0,0,0,하차,2964,2021-01-01,검단동행정복지센터1,7021055200,1,대구광역시 북구 검단동
0,0,0,0,0,0,0,0,2,0,2,1,2,0,2,2,0,1,0,하차,2963,2021-01-01,검단동행정복지센터2,7021055300,12,대구광역시 북구 검단동
0,2,4,5,8,10,3,2,10,4,6,7,8,5,3,7,0,0,0,승차,1508,2021-01-01,검단동행정복지센터건너,7021019000,84,대구광역시 북구 검단동
0,3,0,0,0,1,0,0,0,0,0,0,1,3,0,1,1,1,0,하차,306,2021-01-01,검단동행정복지센터앞,7021018900,11,대구광역시 북구 검단동
0,0,0,1,0,1,0,0,1,0,0,1,1,0,0,0,0,0,0,승차,300,2021-01-01,검단상가아파트앞,7021042300,5,대구광역시 북구 검단동
0,3,3,4,2,1,1,1,3,1,4,2,4,7,0,6,3,2,0,승차,310,2021-01-01,검단유성아파트(서편),7021019400,47,대구광역시 북구 검단동
0,0,0,0,1,0,1,1,2,0,2,0,1,1,0,0,1,0,0,하차,310,2021-01-01,검단유성아파트(서편),7021019400,10,대구광역시 북구 검단동
0,0,2,2,2,1,5,3,2,0,3,4,2,6,5,7,4,2,0,승차,309,2021-01-01,검단유성아파트건너,7021018500,50,대구광역시 북구 복현2동
0,0,0,1,0,0,1,0,1,0,0,3,0,0,0,0,0,0,0,하차,309,2021-01-01,검단유성아파트건너,7021018500,6,대구광역시 북구 복현2동
4,11,1,11,8,11,5,12,8,13,14,10,8,9,5,1,4,1,0,승차,2096,2021-01-01,검단유성아파트앞,7021018600,136,대구광역시 북구 검단동
0,1,3,4,1,3,1,3,5,1,1,0,4,0,0,0,0,0,0,하차,2096,2021-01-01,검단유성아파트앞,7021018600,27,대구광역시 북구 검단동
0,0,0,1,0,1,0,3,1,3,10,3,8,5,6,6,7,2,0,승차,1685,2021-01-01,경기장네거리1,7061029300,56,대구광역시 수성구 고산2동
0,1,1,0,2,1,0,2,1,1,0,0,3,2,0,1,0,1,0,하차,1685,2021-01-01,경기장네거리1,7061029300,16,대구광역시 수성구 고산2동
0,1,0,0,1,1,1,4,4,11,6,5,1,8,4,13,6,2,0,승차,1507,2021-01-01,경기장네거리2,7061029200,68,대구광역시 수성구 고산2동
0,0,0,0,0,0,1,0,0,0,0,0,0,0,0,0,0,0,0,하차,1507,2021-01-01,경기장네거리2,7061029200,1,대구광역시 수성구 고산2동
0,1,5,5,3,9,9,2,7,3,11,9,9,8,1,2,8,2,0,승차,2754,2021-01-01,경대교2,7021054800,94,대구광역시 북구 대현2동
0,0,0,3,1,0,1,0,1,0,0,1,0,0,2,0,0,0,0,하차,2754,2021-01-01,경대교2,7021054800,9,대구광역시 북구 대현2동
0,1,0,1,2,1,0,0,2,1,1,2,0,1,0,0,0,0,0,승차,247,2021-01-01,경대교건너,7021023800,12,대구광역시 북구 침산2동
0,1,0,0,0,0,0,0,0,0,0,0,0,0,0,0,0,0,0,하차,247,2021-01-01,경대교건너,7021023800,1,대구광역시 북구 침산2동
0,0,0,0,1,2,1,0,4,1,5,1,2,1,1,0,1,1,0,승차,248,2021-01-01,경대교앞,7021023700,21,대구광역시 북구 침산2동
0,0,0,0,1,0,0,0,0,0,0,0,3,3,1,0,0,3,0,하차,248,2021-01-01,경대교앞,7021023700,11,대구광역시 북구 침산2동
0,4,5,3,4,7,3,8,11,10,8,10,5,11,10,13,16,11,0,승차,2203,2021-01-01,경대사대부설고등학교앞,7001007500,139,대구광역시 중구 대봉1동
0,1,2,0,3,5,4,5,5,6,8,10,11,4,6,2,6,4,0,하차,2203,2021-01-01,경대사대부설고등학교앞,7001007500,82,대구광역시 중구 대봉1동
0,0,0,0,0,2,0,0,5,1,2,0,0,1,2,0,0,0,0,승차,3075,2021-01-01,경덕여고,7031020100,13,대구광역시 서구 상중이동
0,0,0,0,0,0,0,3,0,0,0,0,1,0,0,1,0,0,0,하차,3075,2021-01-01,경덕여고,7031020100,5,대구광역시 서구 상중이동
0,0,0,0,1,0,1,0,0,0,1,1,1,2,0,1,0,1,0,승차,150,2021-01-01,경명여고건너,7021028500,9,대구광역시 북구 칠성동
0,0,0,0,0,2,0,0,0,0,3,1,0,0,0,0,0,0,0,하차,150,2021-01-01,경명여고건너,7021028500,6,대구광역시 북구 칠성동
0,1,0,1,0,2,0,1,0,1,1,1,6,1,0,0,0,0,0,승차,400,2021-01-01,경명여고앞,7021028400,15,대구광역시 북구 칠성동
0,0,0,1,0,1,2,3,1,0,5,1,2,0,1,0,0,0,0,하차,400,2021-01-01,경명여고앞,7021028400,17,대구광역시 북구 칠성동
0,0,3,0,3,2,5,5,7,2,2,8,1,9,4,0,2,1,0,승차,2009,2021-01-01,경북고등학교건너,7061017700,54,대구광역시 수성구 황금1동
1,1,0,2,1,4,1,2,0,2,0,3,3,8,1,3,6,3,0,하차,2009,2021-01-01,경북고등학교건너,7061017700,41,대구광역시 수성구 황금1동
1,3,3,2,10,5,4,10,6,11,13,12,3,12,7,3,5,1,0,승차,2006,2021-01-01,경북고등학교앞,7061017600,111,대구광역시 수성구 황금1동
0,0,0,0,0,1,0,1,1,0,0,0,2,0,1,0,0,0,0,하차,2006,2021-01-01,경북고등학교앞,7061017600,6,대구광역시 수성구 황금1동
0,0,1,0,4,1,2,6,4,5,4,8,3,4,4,4,4,3,0,승차,9141,2021-01-01,경북공고건너,7001003100,57,대구광역시 중구 남산4동
0,0,3,0,0,1,5,3,4,7,7,5,4,4,0,2,3,3,0,하차,9141,2021-01-01,경북공고건너,7001003100,51,대구광역시 중구 남산4동
0,1,0,3,2,3,2,8,2,8,5,5,8,3,4,0,5,2,0,승차,9140,2021-01-01,경북공고앞,7001003000,61,대구광역시 중구 남산3동
0,3,1,2,5,2,0,4,5,4,6,6,6,4,1,0,3,1,0,하차,9140,2021-01-01,경북공고앞,7001003000,53,대구광역시 중구 남산3동
0,1,1,0,2,0,3,1,3,6,2,3,5,3,0,1,2,0,0,승차,1276,2021-01-01,경북교통,7011018200,33,대구광역시 동구 안심3.4동
2,4,6,4,8,2,3,9,10,6,6,6,12,6,0,4,5,1,0,하차,1276,2021-01-01,경북교통,7011018200,94,대구광역시 동구 안심3.4동
0,1,1,0,6,0,6,3,7,4,2,4,0,3,0,1,2,0,0,승차,1275,2021-01-01,경북교통앞,7011018300,40,대구광역시 동구 안심3.4동
1,0,2,1,2,1,0,2,1,4,1,0,3,0,1,0,2,2,0,하차,1275,2021-01-01,경북교통앞,7011018300,23,대구광역시 동구 안심3.4동
0,5,2,9,1,3,2,4,8,8,1,11,3,8,2,1,5,3,0,승차,5187,2021-01-01,경북기계공고건너,7041017300,76,대구광역시 달서구 상인1동
1,0,0,2,2,4,3,1,11,7,2,5,4,3,1,2,5,2,0,하차,5187,2021-01-01,경북기계공고건너,7041017300,55,대구광역시 달서구 상인1동
0,5,1,1,4,3,1,3,1,6,8,5,7,2,0,3,1,2,0,승차,2266,2021-01-01,경북기계공고앞,7041017200,53,대구광역시 달서구 상인1동
0,2,0,1,0,0,2,2,1,7,7,0,6,4,1,1,1,0,0,하차,2266,2021-01-01,경북기계공고앞,7041017200,35,대구광역시 달서구 상인1동
0,3,4,2,3,6,10,9,8,13,12,8,21,14,9,5,10,5,0,승차,349,2021-01-01,경북대체육센터건너,7021025700,142,대구광역시 북구 산격3동
0,0,2,0,0,1,1,2,1,0,1,1,0,1,0,1,1,0,0,하차,349,2021-01-01,경북대체육센터건너,7021025700,12,대구광역시 북구 산격3동
0,1,1,2,2,1,13,5,7,11,15,9,26,21,25,11,15,11,2,승차,5242,2021-01-01,경북대체육센터앞,7021022300,178,대구광역시 북구 산격3동
0,1,0,1,5,2,5,7,9,2,7,8,17,13,4,8,13,5,0,하차,5242,2021-01-01,경북대체육센터앞,7021022300,107,대구광역시 북구 산격3동
1,1,1,4,3,0,2,5,4,1,2,3,2,4,3,3,8,4,0,승차,317,2021-01-01,경북대학교 경상대학건너,7011010200,51,대구광역시 동구 신암1동
0,0,0,1,1,3,1,1,5,1,3,4,3,2,1,6,3,1,0,하차,317,2021-01-01,경북대학교 경상대학건너,7011010200,36,대구광역시 동구 신암1동
2,5,4,5,10,14,13,18,17,21,17,21,16,13,4,7,12,6,3,승차,318,2021-01-01,경북대학교 경상대학앞,7011010100,208,대구광역시 북구 복현1동
1,1,1,3,1,5,3,2,3,4,0,3,3,2,4,1,4,1,0,하차,318,2021-01-01,경북대학교 경상대학앞,7011010100,42,대구광역시 북구 복현1동
0,2,4,9,7,7,6,5,7,7,25,9,9,10,12,9,11,9,1,승차,632,2021-01-01,경북대학교병원건너,7001009700,149,대구광역시 중구 삼덕동
2,3,4,5,2,1,1,1,4,3,2,4,1,3,3,4,7,2,0,하차,632,2021-01-01,경북대학교병원건너,7001009700,52,대구광역시 중구 삼덕동
1,5,6,10,6,9,12,8,13,9,23,17,22,17,10,14,16,12,1,승차,621,2021-01-01,경북대학교병원앞,7001009800,211,대구광역시 중구 삼덕동
0,0,1,3,3,3,3,5,4,2,4,1,6,4,1,1,2,1,1,하차,621,2021-01-01,경북대학교병원앞,7001009800,45,대구광역시 중구 삼덕동
4,6,5,11,11,12,26,39,38,49,35,46,47,48,36,47,50,36,1,승차,2104,2021-01-01,경북대학교북문건너,7021025900,547,대구광역시 북구 산격3동
0,0,0,0,2,0,1,4,4,1,5,3,3,3,2,5,3,1,0,하차,2104,2021-01-01,경북대학교북문건너,7021025900,37,대구광역시 북구 산격3동
0,0,1,0,1,5,9,7,3,9,12,20,7,4,1,31,15,8,0,승차,2105,2021-01-01,경북대학교북문앞,7021025800,133,대구광역시 북구 산격3동
0,1,0,1,2,1,1,6,2,3,5,3,7,6,2,7,8,7,0,하차,2105,2021-01-01,경북대학교북문앞,7021025800,62,대구광역시 북구 산격3동
2,1,2,0,8,2,3,5,3,3,4,8,6,3,1,3,3,2,0,승차,2705,2021-01-01,경북대학교서문건너,7021022400,59,대구광역시 북구 산격4동
0,2,0,2,1,2,1,2,1,2,1,3,1,1,1,1,2,3,0,하차,2705,2021-01-01,경북대학교서문건너,7021022400,26,대구광역시 북구 산격4동
0,0,1,2,2,1,0,1,0,3,5,3,3,3,4,2,1,3,0,승차,9065,2021-01-01,경북대학교서문앞,7021022500,34,대구광역시 북구 산격4동
0,0,1,1,2,0,0,2,0,0,1,4,2,0,2,0,1,2,0,하차,9065,2021-01-01,경북대학교서문앞,7021022500,18,대구광역시 북구 산격4동
2,6,1,1,4,2,3,3,5,11,7,8,10,4,3,9,14,5,0,승차,315,2021-01-01,경북대학교정문건너,7011010300,98,대구광역시 동구 신암1동
0,0,0,4,1,0,1,0,3,5,6,4,7,4,2,5,10,6,0,하차,315,2021-01-01,경북대학교정문건너,7011010300,58,대구광역시 동구 신암1동
0,4,10,9,11,11,13,18,28,28,29,33,18,16,14,10,18,13,1,승차,316,2021-01-01,경북대학교정문앞,7011010400,284,대구광역시 북구 대현1동
1,0,6,4,4,6,6,7,5,2,3,7,4,4,4,0,4,0,0,하차,316,2021-01-01,경북대학교정문앞,7011010400,67,대구광역시 북구 대현1동
0,0,0,0,0,0,0,0,1,0,1,0,1,0,0,0,1,0,0,승차,231,2021-01-01,경북대학교체육센터건너2,7021022200,4,대구광역시 북구 산격4동
0,0,1,0,2,0,0,0,0,2,1,0,0,0,0,0,1,0,0,하차,231,2021-01-01,경북대학교체육센터건너2,7021022200,7,대구광역시 북구 산격4동
0,2,3,5,7,4,6,6,11,6,7,12,11,9,8,9,14,7,0,승차,2191,2021-01-01,경북대학교치과병원,7001007600,127,대구광역시 중구 삼덕동
0,1,0,2,4,6,7,4,11,7,4,5,4,6,5,5,2,2,0,하차,2191,2021-01-01,경북대학교치과병원,7001007600,75,대구광역시 중구 삼덕동
0,1,1,2,4,3,3,3,3,1,3,2,5,0,2,2,2,1,0,승차,5149,2021-01-01,경북아파트건너(신천동),7011005800,38,대구광역시 동구 효목2동
2,8,5,5,6,16,15,11,12,8,10,16,11,5,16,11,5,6,0,하차,5149,2021-01-01,경북아파트건너(신천동),7011005800,168,대구광역시 동구 효목2동
1,1,1,5,5,8,2,3,3,7,3,3,3,2,3,3,2,4,1,승차,462,2021-01-01,경북아파트앞(신천동),7011005700,60,대구광역시 동구 신천4동
0,1,1,1,1,3,1,2,2,2,4,11,2,0,0,2,1,1,0,하차,462,2021-01-01,경북아파트앞(신천동),7011005700,35,대구광역시 동구 신천4동
0,2,0,1,1,1,3,6,4,5,5,6,8,4,3,3,3,2,0,승차,2236,2021-01-01,경북여상건너,7051000600,57,대구광역시 남구 대명2동
1,6,7,3,4,7,4,9,12,13,3,4,5,5,1,5,1,2,0,하차,2236,2021-01-01,경북여상건너,7051000600,92,대구광역시 남구 대명2동
0,3,0,3,12,6,6,4,12,11,4,14,12,14,14,8,15,2,2,승차,2221,2021-01-01,경북여상앞,7051000700,142,대구광역시 남구 대명2동
0,0,0,0,1,1,0,1,1,1,2,1,4,4,1,3,0,0,0,하차,2221,2021-01-01,경북여상앞,7051000700,20,대구광역시 남구 대명2동
0,2,0,3,0,1,1,1,1,0,1,3,4,0,2,0,0,0,0,승차,1802,2021-01-01,경북크랑크,7041044000,19,대구광역시 달서구 월성2동
0,0,0,1,0,0,0,1,0,0,0,0,0,0,0,0,0,0,0,하차,1802,2021-01-01,경북크랑크,7041044000,2,대구광역시 달서구 월성2동
3,7,11,17,19,15,24,48,36,39,72,62,101,78,51,69,89,47,1,승차,518,2021-01-01,경상감영공원건너,7001004300,789,대구광역시 중구 성내1동
0,0,1,3,4,4,1,17,9,5,10,9,15,8,4,5,7,4,0,하차,518,2021-01-01,경상감영공원건너,7001004300,106,대구광역시 중구 성내1동
3,4,10,7,13,23,20,51,44,52,65,76,100,66,77,58,65,45,4,승차,9084,2021-01-01,경상감영공원앞,7001004600,783,대구광역시 중구 성내2동
4,8,9,14,11,25,23,41,61,60,50,49,64,43,20,22,18,17,2,하차,9084,2021-01-01,경상감영공원앞,7001004600,541,대구광역시 중구 성내2동
0,1,0,2,0,0,0,3,1,3,0,3,1,7,0,0,0,1,0,승차,296,2021-01-01,경상여자고등학교건너,7021017000,22,대구광역시 북구 침산1동
0,0,0,0,0,0,0,0,0,0,1,0,0,0,0,0,0,0,0,하차,296,2021-01-01,경상여자고등학교건너,7021017000,1,대구광역시 북구 침산1동
0,0,3,9,0,1,1,1,5,0,0,3,6,4,0,2,5,1,0,승차,561,2021-01-01,경상여자고등학교앞,7021017100,41,대구광역시 북구 침산1동
0,1,0,1,3,1,0,7,3,6,5,2,1,3,0,1,2,1,0,하차,561,2021-01-01,경상여자고등학교앞,7021017100,37,대구광역시 북구 침산1동
3,6,13,17,17,18,17,20,41,31,40,38,44,41,44,37,50,39,3,승차,5298,2021-01-01,경신고등학교건너,7061001400,519,대구광역시 수성구 범어2동
0,0,2,0,3,1,4,3,5,4,2,4,3,2,4,4,1,1,0,하차,5298,2021-01-01,경신고등학교건너,7061001400,43,대구광역시 수성구 범어2동
1,3,3,11,8,10,12,26,28,16,22,20,32,38,31,36,42,34,4,승차,5291,2021-01-01,경신고등학교앞,7061001300,377,대구광역시 수성구 범어4동
0,1,2,5,2,3,0,12,4,6,5,9,4,6,6,2,8,2,1,하차,5291,2021-01-01,경신고등학교앞,7061001300,78,대구광역시 수성구 범어4동
0,1,1,0,0,2,1,1,0,2,2,0,0,1,0,0,1,1,0,승차,5232,2021-01-01,경운초등학교건너,7031014600,13,대구광역시 서구 평리4동
0,0,0,0,0,0,0,0,0,0,0,3,2,1,0,0,0,0,0,하차,5232,2021-01-01,경운초등학교건너,7031014600,6,대구광역시 서구 평리4동
3,1,0,3,4,1,2,4,4,1,2,3,1,3,0,3,2,1,0,승차,1329,2021-01-01,경운초등학교앞,7031014500,38,대구광역시 서구 내당4동
0,1,1,0,1,1,2,0,0,0,0,2,0,0,0,1,1,0,0,하차,1329,2021-01-01,경운초등학교앞,7031014500,10,대구광역시 서구 내당4동
0,0,0,0,0,0,0,0,0,0,0,0,0,0,1,0,0,0,0,승차,1143,2021-01-01,경원고등학교건너,7031015000,1,대구광역시 달서구 용산2동
0,0,0,0,0,0,0,0,0,1,0,0,0,0,0,0,0,0,0,하차,1143,2021-01-01,경원고등학교건너,7031015000,1,대구광역시 달서구 용산2동
0,2,1,4,6,6,7,15,7,13,16,5,10,7,5,3,2,1,2,승차,9337,2021-01-01,경일여자고등학교건너,7051012000,112,대구광역시 남구 봉덕3동
0,0,0,4,1,0,1,2,1,1,1,0,1,2,0,1,0,1,0,하차,9337,2021-01-01,경일여자고등학교건너,7051012000,16,대구광역시 남구 봉덕3동
0,2,1,2,2,1,2,2,4,3,4,4,3,1,1,2,0,0,0,승차,390,2021-01-01,경일여자고등학교앞,7051011900,34,대구광역시 남구 봉덕3동
0,1,1,0,3,5,2,1,0,0,1,5,0,2,2,2,2,1,0,하차,390,2021-01-01,경일여자고등학교앞,7051011900,28,대구광역시 남구 봉덕3동
0,0,0,0,1,0,1,0,2,0,0,0,0,0,0,0,0,0,0,승차,1596,2021-01-01,경주최씨종가(종점),7011030300,4,대구광역시 동구 해안동
1,1,3,2,2,6,1,0,5,0,3,1,4,2,1,1,0,0,0,승차,319,2021-01-01,경진초등학교건너,7011010000,33,대구광역시 동구 신암1동
1,2,0,2,2,3,3,3,2,5,7,3,5,8,2,4,8,2,0,하차,319,2021-01-01,경진초등학교건너,7011010000,62,대구광역시 동구 신암1동
0,2,2,5,12,10,9,12,12,9,12,9,21,9,8,6,7,4,0,승차,320,2021-01-01,경진초등학교앞,7011009900,149,대구광역시 북구 복현1동
0,0,1,2,1,1,1,0,3,0,5,1,1,1,0,0,2,0,0,하차,320,2021-01-01,경진초등학교앞,7011009900,19,대구광역시 북구 복현1동
1,0,0,0,2,1,0,1,0,0,2,0,1,1,0,1,2,0,0,승차,129,2021-01-01,경진테크빌앞,7001004700,12,대구광역시 중구 성내2동
1,0,0,0,1,1,1,1,3,2,0,1,0,0,0,1,1,1,0,하차,129,2021-01-01,경진테크빌앞,7001004700,14,대구광역시 중구 성내2동
0,0,1,3,0,0,0,0,0,2,0,0,0,1,1,0,1,0,0,승차,1807,2021-01-01,경창산업,7041043500,9,대구광역시 달서구 월성2동
0,0,0,0,0,0,0,0,0,0,1,0,0,0,1,0,0,0,0,하차,1807,2021-01-01,경창산업,7041043500,2,대구광역시 달서구 월성2동
0,0,0,1,0,0,0,0,0,0,0,0,2,0,0,0,0,0,0,승차,1420,2021-01-01,경희강재건너,7041011900,3,대구광역시 달서구 장기동
0,0,2,1,1,0,0,1,0,0,0,0,0,0,0,0,0,0,0,하차,1420,2021-01-01,경희강재건너,7041011900,5,대구광역시 달서구 장기동
0,1,0,3,0,0,0,0,0,0,0,0,0,0,0,0,0,0,0,승차,1439,2021-01-01,경희강재앞,7041012000,4,대구광역시 달서구 월성2동
0,0,2,1,2,3,7,1,3,2,5,2,1,0,0,1,6,1,0,승차,5215,2021-01-01,계명대대명캠퍼스후문건너,7051007200,37,대구광역시 남구 대명3동
0,1,2,1,0,0,0,2,1,0,2,3,2,0,0,0,0,0,0,하차,5215,2021-01-01,계명대대명캠퍼스후문건너,7051007200,14,대구광역시 남구 대명3동
1,1,0,0,0,1,1,3,0,0,0,1,3,2,2,0,0,0,0,승차,1159,2021-01-01,계명대역(1번출구),7041001000,15,대구광역시 달서구 신당동
0,1,0,1,1,3,1,1,1,3,1,2,2,8,2,2,2,2,1,하차,1159,2021-01-01,계명대역(1번출구),7041001000,34,대구광역시 달서구 신당동
0,1,2,7,1,1,1,5,4,2,5,3,8,6,2,6,5,1,0,승차,5013,2021-01-01,계명대역(2번출구),7041033700,60,대구광역시 달서구 신당동
0,0,6,7,6,2,4,3,7,4,7,5,4,7,4,2,6,2,0,하차,5013,2021-01-01,계명대역(2번출구),7041033700,76,대구광역시 달서구 신당동
0,1,6,8,10,3,13,4,6,5,8,1,3,9,2,7,2,0,0,승차,1180,2021-01-01,계명대역(3번출구),7041037600,88,대구광역시 달서구 신당동
0,0,1,3,0,2,0,2,3,1,1,0,2,0,0,0,0,1,0,하차,1180,2021-01-01,계명대역(3번출구),7041037600,16,대구광역시 달서구 신당동
0,0,0,2,1,0,0,4,0,2,0,4,3,2,1,0,0,2,0,승차,1183,2021-01-01,계명대역(4번출구),7041001300,21,대구광역시 달서구 신당동
1,1,2,1,1,1,2,3,7,4,4,1,3,7,3,3,2,2,0,하차,1183,2021-01-01,계명대역(4번출구),7041001300,48,대구광역시 달서구 신당동
1,2,5,1,4,5,5,10,4,6,10,7,8,6,9,5,3,8,2,승차,2163,2021-01-01,계명대학교대명캠퍼스건너,7001000400,101,대구광역시 중구 남산4동
0,0,0,2,2,0,1,2,2,8,10,5,4,5,2,1,0,1,1,하차,2163,2021-01-01,계명대학교대명캠퍼스건너,7001000400,46,대구광역시 중구 남산4동
0,3,3,1,7,6,8,7,4,5,12,15,9,5,2,7,13,3,0,승차,2166,2021-01-01,계명대학교대명캠퍼스앞,7001000300,110,대구광역시 남구 대명3동
2,1,4,6,3,6,4,4,7,9,6,8,3,9,3,2,5,0,0,하차,2166,2021-01-01,계명대학교대명캠퍼스앞,7001000300,82,대구광역시 남구 대명3동
0,0,0,2,1,2,2,1,2,3,1,1,0,4,1,1,2,0,0,승차,5216,2021-01-01,계명대학교대명캠퍼스후문앞,7051007300,23,대구광역시 남구 대명3동
0,0,0,0,0,1,1,2,1,1,1,0,0,1,1,0,0,0,1,하차,5216,2021-01-01,계명대학교대명캠퍼스후문앞,7051007300,10,대구광역시 남구 대명3동
0,2,2,5,3,3,6,1,7,4,8,10,8,11,5,8,15,10,0,승차,9243,2021-01-01,계명대학교동문건너1,7041000500,108,대구광역시 달서구 신당동
0,0,0,0,0,1,0,0,1,0,0,0,5,2,0,0,1,1,0,하차,9243,2021-01-01,계명대학교동문건너1,7041000500,11,대구광역시 달서구 신당동
3,6,9,15,24,7,10,21,12,27,27,30,22,18,26,23,43,20,1,승차,898,2021-01-01,계명대학교동문건너2,7041000900,344,대구광역시 달서구 신당동
1,2,2,4,5,1,3,12,9,11,8,13,11,10,2,7,5,5,0,하차,898,2021-01-01,계명대학교동문건너2,7041000900,111,대구광역시 달서구 신당동
1,5,5,8,10,6,7,9,9,12,12,16,15,15,17,13,14,14,1,승차,5012,2021-01-01,계명대학교동문앞,7041000800,189,대구광역시 달서구 신당동
1,2,2,5,4,5,2,1,3,3,5,3,4,7,8,5,3,5,2,하차,5012,2021-01-01,계명대학교동문앞,7041000800,70,대구광역시 달서구 신당동
2,2,5,13,4,3,2,4,6,18,20,8,3,7,2,4,2,13,0,승차,9304,2021-01-01,계명대학교동산병원건너,7041061300,118,대구광역시 달서구 신당동
0,0,0,1,0,0,0,0,0,0,1,0,0,0,2,1,0,1,0,하차,9304,2021-01-01,계명대학교동산병원건너,7041061300,6,대구광역시 달서구 신당동
0,0,1,2,0,0,0,1,1,2,6,0,2,0,2,4,1,6,0,승차,4109,2021-01-01,계명대학교동산병원앞,7041063100,28,대구광역시 달서구 신당동
0,0,0,1,0,0,2,2,1,2,0,5,1,1,0,2,5,0,0,하차,4109,2021-01-01,계명대학교동산병원앞,7041063100,22,대구광역시 달서구 신당동
1,3,4,7,7,2,7,9,12,13,15,13,19,13,15,10,11,1,0,승차,1161,2021-01-01,계명대학교정문건너,7041001200,162,대구광역시 달서구 신당동
0,0,1,2,2,0,5,2,3,0,1,2,1,4,1,1,0,0,0,하차,1161,2021-01-01,계명대학교정문건너,7041001200,25,대구광역시 달서구 신당동
0,0,2,0,3,0,1,0,1,4,2,2,1,2,2,0,1,2,0,승차,1160,2021-01-01,계명대학교정문앞,7041001100,23,대구광역시 달서구 신당동
0,2,3,3,2,1,1,3,1,3,1,3,0,5,3,2,1,1,0,하차,1160,2021-01-01,계명대학교정문앞,7041001100,35,대구광역시 달서구 신당동
3,3,1,3,13,8,3,11,13,12,7,11,12,6,4,8,12,12,0,승차,5011,2021-01-01,계명문화대학건너,7041000400,142,대구광역시 달서구 신당동
0,0,0,0,3,1,0,0,0,3,2,0,1,0,0,1,1,1,0,하차,5011,2021-01-01,계명문화대학건너,7041000400,13,대구광역시 달서구 신당동
2,3,3,2,1,2,0,3,3,5,4,5,3,3,1,7,6,5,0,승차,2084,2021-01-01,계명문화대학앞,7041000300,58,대구광역시 달서구 신당동
1,9,13,15,12,8,21,18,20,15,22,22,20,11,9,6,8,8,0,하차,2084,2021-01-01,계명문화대학앞,7041000300,238,대구광역시 달서구 신당동
0,0,2,0,1,0,0,0,0,1,0,0,0,2,1,2,0,0,0,승차,3927,2021-01-01,고래들공원건너,7111071400,9,대구광역시 달성군 현풍면
0,0,0,0,0,0,0,0,0,0,0,0,0,0,0,1,0,0,0,승차,3928,2021-01-01,고래들공원앞,7111071300,1,대구광역시 달성군 현풍면
0,0,0,0,0,0,0,0,0,0,0,0,1,0,0,0,0,0,0,하차,3928,2021-01-01,고래들공원앞,7111071300,1,대구광역시 달성군 현풍면
0,3,3,0,2,2,0,2,2,1,2,7,6,6,4,6,5,3,1,승차,1098,2021-01-01,고모동입구,7061032500,55,대구광역시 수성구 고산2동
0,2,1,0,0,1,1,0,2,0,2,5,4,7,1,3,3,1,0,하차,1098,2021-01-01,고모동입구,7061032500,33,대구광역시 수성구 고산2동
0,0,0,0,0,0,0,0,0,0,0,0,2,1,0,0,0,0,0,승차,5142,2021-01-01,고모역건너,7061028800,3,대구광역시 수성구 고산2동
0,0,1,0,0,0,0,0,0,0,0,0,0,0,0,0,0,0,0,승차,2640,2021-01-01,고봉리,7111025800,1,대구광역시 달성군 구지면
0,0,1,0,0,0,0,0,0,0,0,0,0,0,0,0,0,0,0,승차,3992,2021-01-01,고봉리2,7111073800,1,대구광역시 달성군 구지면
0,3,2,10,3,3,3,5,10,9,7,11,13,4,10,3,6,7,1,승차,5294,2021-01-01,고산2동행정복지센터건너,7061025100,110,대구광역시 수성구 고산2동
0,4,0,1,2,2,0,2,6,2,2,1,2,2,1,3,3,4,0,하차,5294,2021-01-01,고산2동행정복지센터건너,7061025100,37,대구광역시 수성구 고산2동
2,5,5,18,14,7,13,14,12,7,9,10,15,16,7,9,11,3,0,승차,2377,2021-01-01,고산2동행정복지센터앞,7061025200,177,대구광역시 수성구 고산2동
0,0,0,0,1,0,1,0,0,0,2,0,3,0,1,0,1,0,0,하차,2377,2021-01-01,고산2동행정복지센터앞,7061025200,9,대구광역시 수성구 고산2동
0,4,2,2,7,1,0,4,7,4,3,4,6,5,2,4,0,1,0,승차,5198,2021-01-01,고산골입구,7051012300,56,대구광역시 남구 봉덕2동
0,0,0,0,1,1,1,2,3,1,1,0,0,2,0,1,1,1,0,하차,5198,2021-01-01,고산골입구,7051012300,15,대구광역시 남구 봉덕2동
0,0,0,2,0,0,3,0,0,1,2,0,2,0,0,1,0,0,0,승차,1093,2021-01-01,고산농협창고건너,7061025000,11,대구광역시 수성구 고산2동
0,0,0,0,0,0,0,0,0,3,0,0,1,0,0,0,1,0,0,하차,1093,2021-01-01,고산농협창고건너,7061025000,5,대구광역시 수성구 고산2동
0,0,0,1,0,1,0,0,0,2,0,0,0,0,0,0,0,0,0,승차,3136,2021-01-01,고산농협창고앞,7061024900,4,대구광역시 수성구 고산2동
0,0,0,1,0,2,2,1,2,1,1,0,3,2,2,1,4,1,0,하차,3136,2021-01-01,고산농협창고앞,7061024900,23,대구광역시 수성구 고산2동
0,2,2,6,13,5,5,6,9,11,17,17,10,8,18,11,25,5,0,승차,1660,2021-01-01,고산도서관,7061026700,170,대구광역시 수성구 고산1동
0,2,3,1,7,6,0,4,3,4,7,6,0,1,1,6,10,1,1,하차,1660,2021-01-01,고산도서관,7061026700,63,대구광역시 수성구 고산1동
2,6,8,8,5,11,13,18,15,10,16,12,8,8,5,6,3,2,0,승차,1682,2021-01-01,고산역화성파크드림건너,7061025800,156,대구광역시 수성구 고산3동
0,1,1,0,4,1,3,1,6,5,2,3,0,4,1,2,1,0,0,하차,1682,2021-01-01,고산역화성파크드림건너,7061025800,35,대구광역시 수성구 고산3동
1,2,7,11,6,3,7,9,2,7,11,13,10,9,5,15,1,7,0,승차,1651,2021-01-01,고산역화성파크드림앞,7061025700,126,대구광역시 수성구 고산2동
0,2,1,1,0,0,2,5,1,1,5,1,5,6,3,1,4,3,1,하차,1651,2021-01-01,고산역화성파크드림앞,7061025700,42,대구광역시 수성구 고산2동
0,2,0,1,2,4,2,0,1,4,0,4,3,1,0,0,0,1,0,승차,1506,2021-01-01,고산정수사업소건너,7061036000,25,대구광역시 수성구 고산2동
0,0,2,1,0,2,0,2,0,0,0,1,1,2,0,0,0,0,0,하차,1506,2021-01-01,고산정수사업소건너,7061036000,11,대구광역시 수성구 고산2동
0,2,0,5,1,3,1,3,3,2,6,2,6,7,1,1,0,3,0,승차,2225,2021-01-01,고성아파트(서편),7021012300,46,대구광역시 북구 고성동
0,1,1,1,0,1,2,1,1,3,2,4,3,2,3,1,4,4,0,하차,2225,2021-01-01,고성아파트(서편),7021012300,34,대구광역시 북구 고성동
0,1,0,0,1,1,1,2,1,0,1,0,5,2,0,0,0,0,0,승차,142,2021-01-01,고성아파트건너,7021030400,15,대구광역시 북구 고성동
0,3,0,1,0,0,1,1,1,1,0,1,0,1,0,0,1,0,0,승차,5043,2021-01-01,고성아파트건너(서편),7021012200,11,대구광역시 서구 원대동
1,2,0,0,1,1,1,2,3,1,0,2,2,0,0,0,0,2,1,하차,5043,2021-01-01,고성아파트건너(서편),7021012200,19,대구광역시 서구 원대동
0,0,0,0,0,0,0,1,0,0,0,0,0,0,0,0,0,0,0,승차,141,2021-01-01,고성아파트앞,7021030500,1,대구광역시 북구 고성동
0,0,0,0,0,0,0,0,0,1,0,0,0,1,0,0,0,0,0,하차,141,2021-01-01,고성아파트앞,7021030500,2,대구광역시 북구 고성동
0,0,0,0,0,0,0,0,0,0,0,1,0,3,0,1,2,1,1,승차,5124,2021-01-01,고성지구대1,7021012400,9,대구광역시 북구 칠성동
0,1,0,1,1,1,0,0,0,1,0,0,2,0,1,1,0,0,0,하차,5124,2021-01-01,고성지구대1,7021012400,9,대구광역시 북구 칠성동
0,0,1,0,0,0,0,2,0,0,1,1,3,0,0,4,0,1,0,승차,1626,2021-01-01,고성지구대2,7021012500,13,대구광역시 북구 고성동
0,0,1,1,1,0,0,0,0,0,2,1,1,0,0,0,2,0,0,하차,1626,2021-01-01,고성지구대2,7021012500,9,대구광역시 북구 고성동
0,0,0,0,0,0,0,0,0,0,0,0,0,0,1,0,0,0,0,승차,776,2021-01-01,골안골,7051014900,1,대구광역시 남구 대명11동
0,0,0,0,0,0,0,0,1,0,0,0,0,0,0,0,0,0,0,하차,776,2021-01-01,골안골,7051014900,1,대구광역시 남구 대명11동
0,0,0,0,2,0,0,0,0,0,0,0,0,0,0,0,0,0,0,승차,780,2021-01-01,골안골지하보도앞,7051014200,2,대구광역시 남구 대명6동
0,0,3,1,0,3,3,1,0,1,0,3,1,3,0,0,2,0,0,하차,780,2021-01-01,골안골지하보도앞,7051014200,21,대구광역시 남구 대명6동
2,5,7,7,10,10,9,14,18,19,10,23,7,18,11,12,16,7,0,승차,536,2021-01-01,공고네거리1,7011009400,205,대구광역시 동구 신암1동
1,4,4,3,6,3,11,11,14,10,8,5,9,5,10,8,5,4,1,하차,536,2021-01-01,공고네거리1,7011009400,122,대구광역시 동구 신암1동
2,2,3,6,5,2,2,7,4,1,4,6,8,3,1,4,4,2,0,승차,2053,2021-01-01,공고네거리2,7011009300,66,대구광역시 동구 신암3동
0,0,0,2,1,1,0,7,4,2,6,2,7,5,0,1,2,0,1,하차,2053,2021-01-01,공고네거리2,7011009300,41,대구광역시 동구 신암3동
0,0,0,0,0,0,0,0,0,0,0,0,0,0,1,0,0,0,0,하차,1598,2021-01-01,공군기지관사입구,7011030800,1,대구광역시 동구 해안동
0,1,3,3,2,7,1,3,4,8,10,6,8,7,7,10,5,2,0,승차,1038,2021-01-01,공단역1,7021018000,87,대구광역시 북구 노원3동
2,1,0,12,2,7,3,1,8,3,7,6,6,8,2,4,4,3,2,하차,1038,2021-01-01,공단역1,7021018000,81,대구광역시 북구 노원3동
0,9,8,0,7,6,12,11,10,7,8,13,13,13,5,7,2,4,0,승차,2332,2021-01-01,공단역2,7031014300,135,대구광역시 서구 비산7동
0,2,2,5,4,8,8,8,7,8,7,7,4,4,3,9,1,2,0,하차,2332,2021-01-01,공단역2,7031014300,89,대구광역시 서구 비산7동
0,0,0,1,1,1,1,4,0,0,2,2,4,0,1,0,0,1,0,하차,1832,2021-01-01,공단하수처리장건너,7111032200,18,대구광역시 달성군 논공읍
0,0,0,0,1,0,0,0,0,0,0,1,0,0,0,0,0,0,0,승차,1831,2021-01-01,공단하수처리장앞,7111032100,2,대구광역시 달성군 논공읍
0,0,0,0,0,0,0,0,0,2,0,0,0,0,0,0,0,0,0,하차,1831,2021-01-01,공단하수처리장앞,7111032100,2,대구광역시 달성군 논공읍
0,0,0,0,0,0,3,4,0,0,3,0,1,1,0,0,1,0,0,승차,1858,2021-01-01,공산댐건너,7011026300,13,대구광역시 동구 공산동
0,1,0,0,0,0,0,2,1,1,0,1,1,0,0,2,0,0,0,승차,1855,2021-01-01,공산동행정복지센터건너,7011001300,9,대구광역시 동구 공산동
0,1,0,0,0,0,2,0,0,0,0,1,0,1,1,0,0,0,1,하차,1855,2021-01-01,공산동행정복지센터건너,7011001300,7,대구광역시 동구 공산동
0,0,0,7,4,5,1,7,6,5,4,4,4,5,3,0,0,0,0,승차,5085,2021-01-01,공산동행정복지센터앞,7011001400,55,대구광역시 동구 공산동
0,0,0,0,0,1,0,0,0,0,0,0,0,1,0,0,0,0,0,하차,5085,2021-01-01,공산동행정복지센터앞,7011001400,2,대구광역시 동구 공산동
0,1,0,0,0,0,1,0,0,0,0,0,0,0,0,0,0,0,0,승차,1397,2021-01-01,공산초등학교건너,7011023000,2,대구광역시 동구 공산동
0,0,0,0,1,0,0,0,0,0,0,0,0,0,0,0,0,0,0,하차,1397,2021-01-01,공산초등학교건너,7011023000,1,대구광역시 동구 공산동
1,0,2,1,2,4,4,2,4,2,3,0,3,4,0,4,1,0,0,승차,3114,2021-01-01,공산초등학교앞,7011023100,37,대구광역시 동구 공산동
0,0,0,0,0,0,0,0,0,0,0,0,0,1,0,0,0,0,0,하차,3114,2021-01-01,공산초등학교앞,7011023100,1,대구광역시 동구 공산동
0,0,0,0,0,0,0,0,0,0,0,0,0,0,0,0,0,1,0,승차,1497,2021-01-01,공산파출소,7011040200,1,대구광역시 동구 공산동
0,0,0,1,0,0,0,1,1,0,0,0,0,1,0,0,1,2,0,하차,1497,2021-01-01,공산파출소,7011040200,7,대구광역시 동구 공산동
4,6,1,5,11,6,7,10,7,12,14,5,10,4,3,1,3,1,0,승차,169,2021-01-01,공항시장건너,7011012500,110,대구광역시 동구 지저동
0,2,0,0,1,0,0,0,0,0,2,0,1,1,0,0,4,2,0,하차,169,2021-01-01,공항시장건너,7011012500,13,대구광역시 동구 지저동
0,3,3,1,0,3,1,3,5,1,6,3,4,0,2,0,2,1,0,승차,170,2021-01-01,공항시장앞,7011012600,38,대구광역시 동구 지저동
0,0,0,1,2,1,3,2,0,2,4,0,1,2,1,4,1,0,0,하차,170,2021-01-01,공항시장앞,7011012600,24,대구광역시 동구 지저동
2,2,10,10,17,14,13,15,15,16,14,10,7,6,8,1,5,0,0,승차,5088,2021-01-01,과학마을청아람앞,7111059500,165,대구광역시 달성군 구지면
0,0,0,1,0,0,0,0,0,0,0,0,0,0,0,0,0,0,0,하차,5088,2021-01-01,과학마을청아람앞,7111059500,1,대구광역시 달성군 구지면
1,1,6,8,9,13,10,7,23,36,26,28,19,40,22,17,35,41,1,승차,2235,2021-01-01,곽병원건너,7001006200,343,대구광역시 중구 성내2동
1,3,8,7,16,9,23,27,21,38,32,30,33,20,9,4,6,8,1,하차,2235,2021-01-01,곽병원건너,7001006200,296,대구광역시 중구 성내2동
1,1,4,7,3,4,8,9,14,7,22,18,19,15,21,10,29,11,1,승차,2391,2021-01-01,곽병원앞1,7001006300,204,대구광역시 중구 성내2동
0,1,3,2,0,3,11,4,5,9,12,6,8,4,1,3,3,2,0,하차,2391,2021-01-01,곽병원앞1,7001006300,77,대구광역시 중구 성내2동
1,0,2,2,2,3,5,4,2,9,5,7,8,9,4,11,15,6,1,승차,2229,2021-01-01,곽병원앞2,7001006100,96,대구광역시 중구 성내2동
0,0,0,1,3,4,4,3,3,1,1,3,2,2,0,2,0,2,1,하차,2229,2021-01-01,곽병원앞2,7001006100,32,대구광역시 중구 성내2동
0,0,0,0,0,0,0,0,0,0,1,0,1,0,0,0,0,0,0,승차,2405,2021-01-01,관리공단,7111008600,2,대구광역시 달성군 논공읍
0,0,0,0,0,0,0,0,0,0,0,0,0,1,0,0,0,0,0,하차,2405,2021-01-01,관리공단,7111008600,1,대구광역시 달성군 논공읍
0,1,0,2,2,2,0,0,0,0,1,0,0,0,0,3,0,1,0,승차,1208,2021-01-01,관음공영주차장앞,7021041000,12,대구광역시 북구 관음동
0,0,0,0,0,0,0,0,0,0,0,1,0,0,0,0,0,0,1,하차,1208,2021-01-01,관음공영주차장앞,7021041000,2,대구광역시 북구 관음동
0,0,1,4,0,2,4,0,1,0,2,0,3,2,1,0,0,0,0,승차,1453,2021-01-01,관음농협앞,7021041100,20,대구광역시 북구 관음동
0,0,0,1,0,0,0,0,0,0,1,0,0,0,0,0,0,1,0,하차,1453,2021-01-01,관음농협앞,7021041100,3,대구광역시 북구 관음동
0,0,0,0,0,1,3,0,1,1,0,1,1,0,0,0,2,0,0,승차,1454,2021-01-01,관음동행정복지센터건너,7021041300,10,대구광역시 북구 관음동
0,0,0,0,0,0,0,0,1,0,0,0,0,3,0,0,0,0,0,하차,1454,2021-01-01,관음동행정복지센터건너,7021041300,4,대구광역시 북구 관음동
0,1,2,0,0,1,0,1,2,1,0,0,0,0,0,0,1,1,0,승차,1207,2021-01-01,관음동행정복지센터앞,7021044900,10,대구광역시 북구 관음동
0,0,0,0,0,0,0,0,0,1,0,0,0,1,0,0,0,0,0,하차,1207,2021-01-01,관음동행정복지센터앞,7021044900,2,대구광역시 북구 관음동
0,2,1,8,5,5,0,4,1,2,3,3,3,3,1,1,0,0,0,승차,5162,2021-01-01,관음변전소1,7021001500,42,대구광역시 북구 관음동
0,0,0,1,0,0,0,0,0,0,0,0,0,0,0,0,0,0,0,하차,5162,2021-01-01,관음변전소1,7021001500,1,대구광역시 북구 관음동
0,0,0,0,0,0,0,0,1,0,0,0,0,0,0,0,0,0,0,승차,1216,2021-01-01,관음변전소2,7021001400,1,대구광역시 북구 관음동
0,0,0,0,0,0,0,0,0,0,0,2,0,1,1,0,0,0,0,하차,1216,2021-01-01,관음변전소2,7021001400,4,대구광역시 북구 관음동
0,0,0,2,0,1,0,0,0,0,0,3,0,1,1,0,0,0,0,승차,2756,2021-01-01,관음변전소3,7021054900,8,대구광역시 북구 관음동
0,0,2,0,1,0,0,1,0,1,0,2,1,1,0,0,2,0,0,승차,1452,2021-01-01,관음어린이집,7021041200,11,대구광역시 북구 관음동
0,0,0,0,0,0,0,0,0,0,0,1,0,0,0,0,1,0,0,하차,1452,2021-01-01,관음어린이집,7021041200,2,대구광역시 북구 관음동
0,0,0,0,2,0,0,0,0,0,2,1,1,0,1,1,1,0,0,승차,1206,2021-01-01,관음중학교(북편),7021044800,9,대구광역시 북구 관음동
0,0,0,0,0,0,0,0,0,0,0,0,0,1,0,0,0,0,0,하차,1206,2021-01-01,관음중학교(북편),7021044800,1,대구광역시 북구 관음동
0,1,3,6,4,8,5,4,8,5,8,14,14,4,6,2,1,2,0,승차,5197,2021-01-01,광명프레지던트아파트건너,7061014700,95,대구광역시 수성구 상동
1,1,2,2,2,1,5,4,1,8,5,6,8,4,3,6,5,5,0,하차,5197,2021-01-01,광명프레지던트아파트건너,7061014700,69,대구광역시 수성구 상동
0,2,5,4,5,4,8,6,8,12,9,14,13,9,7,12,12,7,1,승차,2278,2021-01-01,광장타운건너,7031004300,138,대구광역시 달서구 두류3동
0,0,3,2,1,2,2,2,1,3,1,2,3,2,1,1,2,2,0,하차,2278,2021-01-01,광장타운건너,7031004300,30,대구광역시 달서구 두류3동
1,4,3,2,3,2,0,7,3,9,7,2,9,12,6,11,13,6,1,승차,2114,2021-01-01,광장타운앞,7031004200,101,대구광역시 서구 내당4동
1,0,0,0,0,0,1,1,3,2,4,0,3,4,4,0,1,2,0,하차,2114,2021-01-01,광장타운앞,7031004200,26,대구광역시 서구 내당4동
2,1,1,0,2,4,2,6,0,4,5,2,3,1,1,2,0,1,0,승차,9131,2021-01-01,교대부설초등학교건너,7041020800,37,대구광역시 달서구 도원동
0,0,0,0,0,0,1,0,0,2,0,1,0,2,0,0,0,0,0,하차,9131,2021-01-01,교대부설초등학교건너,7041020800,6,대구광역시 달서구 도원동
0,0,0,0,0,0,0,1,0,1,0,1,0,1,2,0,3,1,0,하차,965,2021-01-01,교대부설초등학교앞,7041020900,10,대구광역시 달서구 도원동
0,1,0,0,1,0,2,6,0,1,1,3,1,3,1,3,4,1,0,승차,2148,2021-01-01,교동시장앞,7001010700,28,대구광역시 중구 성내1동
0,0,1,0,0,2,0,0,0,0,1,0,0,1,1,0,0,0,0,하차,2148,2021-01-01,교동시장앞,7001010700,6,대구광역시 중구 성내1동
0,0,0,1,2,0,0,0,0,0,0,2,1,2,1,0,0,0,0,승차,1205,2021-01-01,교동초등학교건너,7021041400,9,대구광역시 북구 읍내동
0,0,0,0,0,0,0,0,0,1,1,1,0,0,0,0,0,0,0,하차,1205,2021-01-01,교동초등학교건너,7021041400,3,대구광역시 북구 읍내동
0,1,0,2,2,0,1,0,2,0,0,1,2,0,1,0,0,0,0,승차,1754,2021-01-01,교동초등학교앞,7021045000,12,대구광역시 북구 읍내동
0,1,0,0,0,0,0,0,0,0,0,1,0,0,0,0,0,0,0,하차,1754,2021-01-01,교동초등학교앞,7021045000,2,대구광역시 북구 읍내동
1,1,5,5,2,4,2,8,5,8,6,5,6,4,2,2,1,1,0,승차,352,2021-01-01,교통연수원,7061022000,68,대구광역시 수성구 지산1동
1,0,0,0,0,0,0,0,0,2,0,0,0,1,1,0,0,0,0,하차,352,2021-01-01,교통연수원,7061022000,5,대구광역시 수성구 지산1동
0,1,0,2,0,0,2,0,3,1,1,0,1,3,2,1,0,0,0,승차,353,2021-01-01,교통연수원건너,7061022100,17,대구광역시 수성구 지산1동
0,0,0,0,0,1,0,0,0,0,0,0,0,1,0,0,1,0,0,하차,353,2021-01-01,교통연수원건너,7061022100,3,대구광역시 수성구 지산1동
0,0,0,0,0,0,0,0,2,0,0,0,0,0,0,0,0,0,0,하차,2448,2021-01-01,교항2리마을입구,7111049500,2,대구광역시 달성군 옥포면
0,1,0,0,0,0,2,0,0,0,0,0,0,0,0,0,1,0,0,승차,1816,2021-01-01,교항2리회관,7111017400,4,대구광역시 달성군 옥포면
1,2,3,7,7,5,7,9,15,16,5,8,6,3,9,1,4,2,0,승차,3859,2021-01-01,교항리건너,7111005500,110,대구광역시 달성군 옥포면
0,0,0,0,0,2,1,0,0,0,1,0,0,0,0,1,0,1,0,하차,3859,2021-01-01,교항리건너,7111005500,6,대구광역시 달성군 옥포면
0,0,0,0,1,0,1,0,3,0,1,0,1,0,0,1,0,0,0,승차,9050,2021-01-01,교항리앞,7111005400,8,대구광역시 달성군 옥포면
0,0,0,0,0,0,1,2,2,2,5,0,3,1,2,1,1,2,0,하차,9050,2021-01-01,교항리앞,7111005400,22,대구광역시 달성군 옥포면
2,5,9,11,12,20,11,16,8,19,16,16,18,7,7,11,5,5,1,승차,2165,2021-01-01,구)대영학원건너,7031009400,199,대구광역시 서구 내당2.3동
0,2,0,2,1,1,6,2,7,4,2,5,3,5,3,4,2,3,0,하차,2165,2021-01-01,구)대영학원건너,7031009400,52,대구광역시 서구 내당2.3동
2,3,7,7,13,19,5,25,17,19,15,20,15,15,6,12,9,9,2,승차,2159,2021-01-01,구)대영학원앞,7031009500,220,대구광역시 서구 비산4동
3,4,2,5,5,5,12,9,5,6,7,6,7,3,5,1,2,5,0,하차,2159,2021-01-01,구)대영학원앞,7031009500,92,대구광역시 서구 비산4동
0,8,1,7,0,1,0,2,2,4,4,7,10,2,3,4,3,9,0,승차,2007,2021-01-01,구.남부정류장건너1,7061001700,67,대구광역시 수성구 만촌3동
0,0,3,3,3,2,3,4,5,4,4,10,8,6,7,5,10,2,0,하차,2007,2021-01-01,구.남부정류장건너1,7061001700,79,대구광역시 수성구 만촌3동
2,2,1,3,4,1,3,2,2,12,3,4,8,3,2,3,6,5,1,승차,5205,2021-01-01,구.남부정류장건너2,7061028700,67,대구광역시 수성구 만촌3동
2,2,0,1,4,1,4,1,3,4,3,5,0,3,3,2,3,1,0,하차,5205,2021-01-01,구.남부정류장건너2,7061028700,42,대구광역시 수성구 만촌3동
0,5,2,8,4,10,8,9,25,9,14,19,14,6,8,5,8,8,0,승차,2008,2021-01-01,구.남부정류장앞1,7061001800,162,대구광역시 수성구 만촌2동
0,1,0,1,1,1,4,5,5,5,6,4,4,2,3,3,3,1,0,하차,2008,2021-01-01,구.남부정류장앞1,7061001800,49,대구광역시 수성구 만촌2동
0,1,2,3,1,1,5,3,0,7,5,2,3,1,0,0,0,2,0,승차,9252,2021-01-01,구.남부정류장앞2,7061001900,36,대구광역시 수성구 만촌2동
0,0,1,2,1,2,1,0,0,0,1,0,0,1,1,1,3,0,0,하차,9252,2021-01-01,구.남부정류장앞2,7061001900,14,대구광역시 수성구 만촌2동
0,1,0,1,0,0,0,0,1,2,0,4,1,1,1,0,1,3,0,승차,3166,2021-01-01,구.대봉도서관건너,7001009100,16,대구광역시 중구 대봉2동
0,0,0,0,0,0,0,0,0,0,1,2,0,1,0,0,0,0,0,하차,3166,2021-01-01,구.대봉도서관건너,7001009100,4,대구광역시 중구 대봉2동
0,1,0,1,1,1,2,3,3,2,1,4,1,4,0,1,4,1,0,승차,3165,2021-01-01,구.대봉도서관앞,7001009000,30,대구광역시 중구 대봉1동
0,0,0,0,0,0,0,2,0,0,0,0,1,0,0,0,0,0,0,하차,3165,2021-01-01,구.대봉도서관앞,7001009000,3,대구광역시 중구 대봉1동
0,2,5,0,4,6,5,7,10,6,8,5,11,9,5,12,9,2,0,승차,2034,2021-01-01,구.동부정류장(메트로팔레스),7011004700,106,대구광역시 수성구 만촌1동
0,1,0,0,1,1,1,4,3,0,4,1,10,5,2,5,6,1,0,하차,2034,2021-01-01,구.동부정류장(메트로팔레스),7011004700,45,대구광역시 수성구 만촌1동
0,0,0,0,0,0,0,1,0,1,0,0,0,2,0,0,0,0,0,승차,1599,2021-01-01,구둔산,7011036100,4,대구광역시 동구 해안동
0,0,0,0,0,0,1,0,0,0,0,0,0,0,0,0,0,0,0,승차,1984,2021-01-01,구룡촌앞,7111051900,1,대구광역시 달성군 가창면
1,6,5,6,2,2,4,2,6,7,10,5,5,10,3,5,2,7,0,승차,933,2021-01-01,구병원건너,7041008500,88,대구광역시 달서구 감삼동
0,1,2,1,0,1,3,1,2,4,2,6,3,7,2,2,2,1,0,하차,933,2021-01-01,구병원건너,7041008500,40,대구광역시 달서구 감삼동
1,0,12,14,3,9,11,6,3,16,13,16,13,10,6,11,10,2,0,승차,2277,2021-01-01,구병원앞,7041008400,156,대구광역시 달서구 감삼동
1,0,2,0,0,1,6,11,10,9,14,5,4,5,2,4,2,1,0,하차,2277,2021-01-01,구병원앞,7041008400,77,대구광역시 달서구 감삼동
0,0,0,0,0,0,0,0,0,1,0,0,0,0,0,0,0,0,0,하차,2714,2021-01-01,구삼폭포건너,7111049300,1,대구광역시 달성군 가창면
0,0,2,1,1,1,2,2,2,1,0,0,3,1,3,0,0,0,0,승차,5329,2021-01-01,구암가구골목1,7021008000,19,대구광역시 북구 구암동
0,0,0,1,0,2,0,0,2,0,0,0,2,1,0,0,0,0,0,하차,5329,2021-01-01,구암가구골목1,7021008000,8,대구광역시 북구 구암동
0,0,0,2,0,0,1,0,0,2,0,3,0,0,0,0,0,0,1,승차,9278,2021-01-01,구암가구골목2,7021008100,9,대구광역시 북구 구암동
0,0,0,0,0,1,0,0,0,0,0,1,0,0,1,0,0,0,0,하차,9278,2021-01-01,구암가구골목2,7021008100,3,대구광역시 북구 구암동
0,1,2,1,2,4,0,1,0,2,4,1,2,2,1,1,5,0,0,승차,1797,2021-01-01,구암교1,7021008400,29,대구광역시 북구 태전2동
0,0,0,1,1,1,1,3,0,1,2,0,0,1,1,0,0,0,0,하차,1797,2021-01-01,구암교1,7021008400,12,대구광역시 북구 태전2동
0,0,0,0,0,0,1,1,1,0,2,1,2,6,4,2,5,3,0,승차,1775,2021-01-01,구암교2,7021008500,28,대구광역시 북구 태전2동
0,0,0,0,1,0,0,0,0,0,1,0,2,0,1,0,0,1,0,하차,1775,2021-01-01,구암교2,7021008500,6,대구광역시 북구 태전2동
0,0,0,0,0,1,1,0,0,1,0,0,0,0,0,0,0,0,0,승차,2362,2021-01-01,구암동1,7011022400,3,대구광역시 동구 공산동
0,0,0,0,2,0,0,1,0,0,0,0,0,0,0,0,0,0,0,하차,2362,2021-01-01,구암동1,7011022400,3,대구광역시 동구 공산동
0,0,1,0,0,0,0,0,0,0,0,0,0,0,0,0,0,0,0,승차,2373,2021-01-01,구암동2,7011022500,1,대구광역시 동구 공산동
0,0,0,0,0,0,2,0,0,2,1,0,0,0,0,0,0,0,0,하차,2373,2021-01-01,구암동2,7011022500,5,대구광역시 동구 공산동
0,1,1,1,4,3,4,1,2,2,0,1,2,1,3,0,2,2,0,승차,1768,2021-01-01,구암역(운전면허시험장)1,7021008200,30,대구광역시 북구 구암동
0,0,0,1,1,1,0,0,1,1,0,0,2,0,0,0,0,0,0,하차,1768,2021-01-01,구암역(운전면허시험장)1,7021008200,7,대구광역시 북구 구암동
0,1,1,2,1,1,0,2,0,1,0,2,0,0,0,2,0,0,0,승차,9214,2021-01-01,구암역(운전면허시험장)2,7021008300,13,대구광역시 북구 태전2동
0,0,0,0,0,0,1,0,0,0,0,0,1,0,0,0,0,0,0,하차,9214,2021-01-01,구암역(운전면허시험장)2,7021008300,2,대구광역시 북구 태전2동
0,0,0,1,0,0,0,0,0,0,0,0,3,0,0,0,0,0,0,승차,5157,2021-01-01,구암초등학교건너,7021007500,4,대구광역시 북구 구암동
0,0,0,0,0,1,1,0,0,0,0,0,0,0,0,0,0,0,1,하차,5157,2021-01-01,구암초등학교건너,7021007500,3,대구광역시 북구 구암동
0,1,0,1,0,2,4,1,0,1,0,1,0,0,0,0,0,0,0,승차,9034,2021-01-01,구암초등학교앞,7021007400,11,대구광역시 북구 구암동
0,0,0,0,0,0,0,0,0,0,1,0,1,0,0,0,0,0,0,하차,9034,2021-01-01,구암초등학교앞,7021007400,2,대구광역시 북구 구암동
0,0,0,1,0,0,0,0,2,1,2,0,1,0,1,0,0,0,0,승차,3536,2021-01-01,구지면사무소건너,7111041200,8,대구광역시 달성군 구지면
0,0,0,0,2,0,1,0,0,0,2,0,0,0,0,0,0,0,0,하차,3536,2021-01-01,구지면사무소건너,7111041200,5,대구광역시 달성군 구지면
0,1,3,0,1,2,0,0,0,0,1,0,1,0,2,1,0,0,0,승차,3537,2021-01-01,구지면사무소앞,7111041300,12,대구광역시 달성군 구지면
0,0,0,0,0,1,0,0,1,0,0,0,0,1,0,0,0,0,0,하차,3537,2021-01-01,구지면사무소앞,7111041300,3,대구광역시 달성군 구지면
0,0,0,0,0,0,0,1,0,1,0,0,1,0,0,0,0,0,0,하차,4120,2021-01-01,구지중학교건너,7111077500,3,대구광역시 달성군 구지면
0,0,2,0,0,0,2,0,0,1,6,0,0,1,0,1,1,0,0,승차,4121,2021-01-01,구지중학교앞,7111077400,14,대구광역시 달성군 구지면
0,1,0,0,1,0,0,0,0,0,0,0,0,0,0,0,0,0,0,승차,2734,2021-01-01,국가물산업클러스터건너,7111060000,2,대구광역시 달성군 구지면
0,0,2,0,0,0,0,0,2,1,0,0,0,0,0,0,1,0,0,하차,2734,2021-01-01,국가물산업클러스터건너,7111060000,6,대구광역시 달성군 구지면
0,0,0,0,0,0,0,2,0,0,0,2,0,0,1,1,0,0,0,승차,2735,2021-01-01,국가물산업클러스터앞,7111060100,6,대구광역시 달성군 구지면
0,0,0,0,0,0,1,0,0,3,0,0,0,1,0,0,1,0,0,하차,2735,2021-01-01,국가물산업클러스터앞,7111060100,6,대구광역시 달성군 구지면
0,0,0,0,0,0,0,0,1,0,0,0,0,0,0,0,0,0,0,승차,4859,2021-01-01,국가산단반도유보라1차,7111044100,1,대구광역시 달성군 구지면
0,0,1,0,1,1,0,0,0,0,1,0,3,2,5,2,1,1,0,하차,4859,2021-01-01,국가산단반도유보라1차,7111044100,18,대구광역시 달성군 구지면
0,0,1,2,2,1,3,0,1,2,4,2,3,0,0,0,0,1,0,승차,4860,2021-01-01,국가산단반도유보라2차,7111044200,22,대구광역시 달성군 구지면
1,1,0,2,2,0,2,2,1,3,0,5,0,1,0,0,0,1,0,승차,4216,2021-01-01,국가산단반도유보라3차건너,7111079400,21,대구광역시 달성군 구지면
0,0,0,0,1,0,0,0,0,0,0,0,0,0,0,1,0,0,0,승차,4215,2021-01-01,국가산단반도유보라3차앞,7111079500,2,대구광역시 달성군 구지면
0,0,0,0,0,0,0,0,0,0,1,0,0,0,0,0,0,1,0,하차,4215,2021-01-01,국가산단반도유보라3차앞,7111079500,2,대구광역시 달성군 구지면
2,0,1,6,2,1,1,3,0,3,2,1,0,2,0,1,0,0,0,승차,4162,2021-01-01,국가산단서한이다음,7111078600,25,대구광역시 달성군 현풍면
0,0,0,1,0,0,0,0,0,0,1,0,0,0,0,1,0,1,0,하차,4161,2021-01-01,국가산단서한이다음건너,7111078700,4,대구광역시 달성군 현풍면
0,0,0,0,0,0,0,0,0,0,1,1,0,0,0,0,0,0,0,승차,4123,2021-01-01,국립대구과학관앞,7111077200,2,대구광역시 달성군 유가면
0,0,0,0,0,0,0,0,0,0,0,0,1,0,0,0,1,0,0,승차,5275,2021-01-01,국립대구과학관정문건너,7111065100,2,대구광역시 달성군 유가면
1,2,4,6,4,6,2,6,7,10,5,7,4,7,2,2,3,2,0,승차,752,2021-01-01,국립대구박물관건너,7061017800,80,대구광역시 수성구 황금1동
0,1,0,1,0,0,2,2,0,2,1,2,1,3,1,1,0,0,0,하차,752,2021-01-01,국립대구박물관건너,7061017800,17,대구광역시 수성구 황금1동
0,0,2,0,3,4,4,2,9,12,12,9,2,3,3,3,3,1,1,승차,694,2021-01-01,국립대구박물관앞,7061017900,73,대구광역시 수성구 황금1동
0,0,2,2,0,1,0,1,1,3,1,6,1,3,2,0,3,1,2,하차,694,2021-01-01,국립대구박물관앞,7061017900,29,대구광역시 수성구 황금1동
0,1,0,0,0,0,0,0,0,0,0,0,0,0,0,0,0,0,0,승차,192,2021-01-01,국립신암선열공원건너,7011008500,1,대구광역시 동구 신암4동
3,0,4,5,2,3,3,7,4,5,4,2,2,2,5,4,0,1,0,하차,192,2021-01-01,국립신암선열공원건너,7011008500,56,대구광역시 동구 신암4동
0,0,1,0,0,1,0,0,2,0,1,0,0,2,0,0,1,0,0,승차,5048,2021-01-01,국립신암선열공원앞,7011008400,8,대구광역시 동구 신암5동
0,1,0,1,0,0,0,2,0,0,0,0,1,1,0,2,0,1,0,하차,5048,2021-01-01,국립신암선열공원앞,7011008400,9,대구광역시 동구 신암5동
1,3,5,8,13,7,13,11,11,18,9,13,15,20,9,7,12,7,0,승차,905,2021-01-01,국민건강보험공단건너,7041024300,182,대구광역시 달서구 두류3동
0,1,0,1,1,2,6,4,1,5,2,1,0,2,1,0,2,0,0,하차,905,2021-01-01,국민건강보험공단건너,7041024300,29,대구광역시 달서구 두류3동
1,2,0,6,8,1,6,7,4,5,7,9,13,12,7,3,8,4,1,승차,904,2021-01-01,국민건강보험공단앞,7041024400,104,대구광역시 달서구 두류3동
0,3,3,4,2,8,2,5,4,5,5,2,9,7,4,0,4,3,1,하차,904,2021-01-01,국민건강보험공단앞,7041024400,71,대구광역시 달서구 두류3동
1,1,2,2,3,3,1,3,5,7,0,9,3,5,9,2,9,1,0,승차,9283,2021-01-01,국민연금네거리,7041060600,66,대구광역시 달서구 이곡1동
0,0,0,0,0,1,0,2,3,0,0,4,3,3,2,3,3,0,0,하차,9283,2021-01-01,국민연금네거리,7041060600,24,대구광역시 달서구 이곡1동
0,2,0,1,1,3,1,0,3,5,3,10,10,6,7,3,4,0,0,승차,3966,2021-01-01,국민연금네거리1,7041060700,59,대구광역시 달서구 이곡1동
1,1,3,0,3,1,1,1,0,5,1,0,1,3,1,1,1,2,1,하차,3966,2021-01-01,국민연금네거리1,7041060700,27,대구광역시 달서구 이곡1동
0,0,1,0,0,1,0,1,0,0,1,0,1,0,2,0,0,0,0,승차,4174,2021-01-01,국민연금네거리2,7041063300,7,대구광역시 달서구 이곡1동
0,0,0,0,0,0,0,0,0,0,0,0,1,0,0,0,0,0,0,하차,4174,2021-01-01,국민연금네거리2,7041063300,1,대구광역시 달서구 이곡1동
0,1,0,3,0,0,2,3,0,1,0,2,5,2,1,1,0,0,0,승차,558,2021-01-01,국민은행3공단지점건너,7021009100,21,대구광역시 북구 노원3동
0,1,0,0,1,0,1,0,1,1,0,0,0,0,1,0,0,0,0,하차,558,2021-01-01,국민은행3공단지점건너,7021009100,6,대구광역시 북구 노원3동
0,0,0,0,0,0,0,0,0,0,0,2,3,1,0,1,0,0,0,승차,299,2021-01-01,국민은행3공단지점앞,7021009200,7,대구광역시 북구 노원3동
0,0,0,0,0,1,1,0,0,0,0,0,0,0,0,2,0,0,0,하차,299,2021-01-01,국민은행3공단지점앞,7021009200,4,대구광역시 북구 노원3동
0,0,1,0,0,0,0,0,4,3,0,1,4,0,0,0,0,0,0,승차,1572,2021-01-01,국우동현대아파트건너,7021042900,13,대구광역시 북구 동천동
0,0,0,0,0,0,0,0,0,1,0,2,0,0,0,0,0,0,0,하차,1572,2021-01-01,국우동현대아파트건너,7021042900,3,대구광역시 북구 동천동
0,0,0,0,0,1,0,0,0,0,0,2,0,1,0,0,0,0,0,승차,4103,2021-01-01,국우동현대아파트건너2,7021061500,4,대구광역시 북구 동천동
0,0,0,0,1,0,0,0,0,0,0,0,0,0,0,0,1,1,0,하차,4103,2021-01-01,국우동현대아파트건너2,7021061500,3,대구광역시 북구 동천동
3,1,4,5,0,2,1,4,8,3,0,4,7,0,3,0,1,1,0,승차,9217,2021-01-01,국우동현대아파트앞,7021039400,47,대구광역시 북구 동천동
1,0,0,1,1,0,0,0,0,1,0,0,1,0,0,0,0,0,0,하차,9217,2021-01-01,국우동현대아파트앞,7021039400,5,대구광역시 북구 동천동
0,0,1,1,4,1,5,2,1,3,3,4,1,4,1,5,10,1,1,승차,2190,2021-01-01,국채보상운동기념공원,7001009600,48,대구광역시 중구 동인1.2.4가동
1,2,3,2,2,1,1,7,1,0,3,1,3,3,5,2,1,0,0,하차,2190,2021-01-01,국채보상운동기념공원,7001009600,38,대구광역시 중구 동인1.2.4가동
2,0,5,13,6,6,2,4,10,6,18,8,11,1,5,2,4,5,0,승차,1003,2021-01-01,굿모닝병원건너,7051000500,108,대구광역시 달서구 두류1동
0,0,1,0,2,1,5,5,6,5,5,2,6,5,2,1,4,6,0,하차,1003,2021-01-01,굿모닝병원건너,7051000500,56,대구광역시 달서구 두류1동
3,3,5,5,7,3,7,5,8,8,11,4,7,6,6,4,5,4,0,승차,1026,2021-01-01,굿모닝병원앞,7051006900,101,대구광역시 남구 대명3동
3,2,1,1,0,3,4,3,3,1,2,6,3,2,4,0,2,1,0,하차,1026,2021-01-01,굿모닝병원앞,7051006900,41,대구광역시 남구 대명3동
0,0,0,0,0,0,0,0,0,0,1,0,0,0,0,0,0,0,0,승차,1696,2021-01-01,귀남지휴게소1,7111030700,1,대구광역시 달성군 화원읍
3,6,6,10,15,10,17,13,19,17,16,22,21,17,12,20,25,4,1,승차,2015,2021-01-01,그랜드호텔건너,7061003700,254,대구광역시 수성구 범어1동
0,1,2,4,6,2,10,5,6,7,5,9,3,4,3,4,4,0,1,하차,2015,2021-01-01,그랜드호텔건너,7061003700,76,대구광역시 수성구 범어1동
1,6,9,9,11,19,9,15,12,11,13,18,18,19,20,17,27,20,2,승차,2016,2021-01-01,그랜드호텔앞,7061003600,256,대구광역시 수성구 범어1동
0,1,0,0,4,1,4,3,5,7,4,3,0,6,3,0,3,2,0,하차,2016,2021-01-01,그랜드호텔앞,7061003600,46,대구광역시 수성구 범어1동
0,0,0,0,1,0,0,2,0,0,0,0,1,0,0,0,1,0,0,승차,1551,2021-01-01,그린빌4단지,7021037300,5,대구광역시 북구 구암동
0,0,0,1,0,0,0,2,0,2,0,0,1,0,0,0,1,1,0,하차,1551,2021-01-01,그린빌4단지,7021037300,8,대구광역시 북구 구암동
0,0,0,4,0,1,1,1,1,1,0,2,1,2,1,0,0,0,0,승차,1334,2021-01-01,그린빌4단지건너,7021037100,15,대구광역시 북구 구암동
0,0,0,0,0,0,0,0,0,0,0,1,0,0,0,1,0,0,0,하차,1334,2021-01-01,그린빌4단지건너,7021037100,2,대구광역시 북구 구암동
0,1,0,1,1,2,1,0,0,1,0,0,1,0,0,1,1,0,0,승차,1339,2021-01-01,그린빌4단지앞,7021037200,10,대구광역시 북구 구암동
0,0,0,0,0,0,1,0,0,1,0,0,0,0,0,0,1,0,0,하차,1339,2021-01-01,그린빌4단지앞,7021037200,3,대구광역시 북구 구암동
0,1,1,0,0,0,0,0,1,0,0,1,0,0,0,1,0,0,0,승차,2991,2021-01-01,근로복지공단대구병원건너,7021054300,5,대구광역시 북구 동천동
0,0,0,1,0,0,0,1,3,2,0,2,0,0,3,0,1,1,0,하차,2991,2021-01-01,근로복지공단대구병원건너,7021054300,14,대구광역시 북구 동천동
1,2,3,6,6,8,10,6,6,7,10,10,10,5,3,10,9,7,0,승차,9277,2021-01-01,근로복지공단대구병원앞,7021053900,119,대구광역시 북구 동천동
0,0,0,6,4,2,2,0,2,3,3,1,2,1,2,2,1,0,0,승차,9291,2021-01-01,근린공원축구장건너,7111057000,31,대구광역시 달성군 구지면
0,0,0,0,0,0,0,0,0,0,0,0,0,1,4,2,0,0,0,하차,9291,2021-01-01,근린공원축구장건너,7111057000,7,대구광역시 달성군 구지면
1,0,1,0,0,0,0,4,0,1,0,0,0,0,0,0,1,0,0,승차,5087,2021-01-01,근린공원축구장앞,7111057800,8,대구광역시 달성군 구지면
0,0,3,0,0,0,0,0,0,0,0,0,0,0,0,0,0,0,0,승차,2651,2021-01-01,금강동,7011032300,3,대구광역시 동구 안심3.4동
0,0,0,0,0,0,0,0,0,0,1,0,0,0,0,0,0,0,0,승차,2607,2021-01-01,금계초등학교(교항리),7111017500,1,대구광역시 달성군 옥포면
0,2,3,2,1,3,3,0,5,5,0,2,0,0,0,2,0,0,0,승차,3950,2021-01-01,금계초등학교(교항리)건너,7111071700,28,대구광역시 달성군 옥포면
0,1,1,1,0,0,0,1,2,1,0,3,1,5,8,1,1,0,0,승차,853,2021-01-01,금복주건너,7041012400,26,대구광역시 달서구 장기동
0,1,1,0,0,1,0,0,0,0,1,0,0,1,0,0,0,0,0,하차,853,2021-01-01,금복주건너,7041012400,5,대구광역시 달서구 장기동
0,1,3,0,0,0,0,0,0,0,0,1,1,0,4,0,0,0,0,승차,854,2021-01-01,금복주앞,7041012500,10,대구광역시 달서구 장기동
0,0,2,0,0,0,0,0,1,0,1,0,1,0,0,0,1,0,0,하차,854,2021-01-01,금복주앞,7041012500,6,대구광역시 달서구 장기동
0,5,3,6,7,7,11,12,7,5,3,8,4,2,1,2,3,0,0,승차,727,2021-01-01,금봉네거리1,7041025900,86,대구광역시 달서구 성당2동
0,0,0,0,0,0,1,1,0,1,1,3,1,0,1,1,4,1,0,하차,727,2021-01-01,금봉네거리1,7041025900,15,대구광역시 달서구 성당2동
1,0,3,3,2,2,16,7,4,2,6,5,2,4,0,1,4,0,0,승차,9286,2021-01-01,금봉네거리2,7041026100,62,대구광역시 달서구 성당1동
0,0,0,0,1,1,1,0,0,0,0,2,2,2,0,0,2,0,0,하차,9286,2021-01-01,금봉네거리2,7041026100,11,대구광역시 달서구 성당1동
2,0,0,1,0,0,0,0,1,1,2,3,2,2,1,0,0,0,0,승차,1586,2021-01-01,금사리하이빌APT건너,7111032800,15,대구광역시 동구 동촌동
0,0,0,0,0,0,0,0,1,0,0,0,0,0,0,0,0,0,0,하차,1586,2021-01-01,금사리하이빌APT건너,7111032800,1,대구광역시 동구 동촌동
0,0,0,0,1,0,0,1,0,0,0,0,1,0,0,0,0,0,0,승차,1587,2021-01-01,금사리하이빌APT앞,7011020700,3,대구광역시 동구 방촌동
0,0,0,0,0,0,0,1,0,0,0,0,0,0,0,0,1,0,0,하차,1587,2021-01-01,금사리하이빌APT앞,7011020700,2,대구광역시 동구 방촌동
0,0,1,1,0,1,1,1,1,0,1,0,0,0,0,0,0,0,0,승차,3925,2021-01-01,금포1교1,7111070800,7,대구광역시 달성군 논공읍
0,0,0,0,0,0,0,0,1,0,0,0,0,0,0,0,1,0,0,하차,4013,2021-01-01,금포1교3,7111075500,2,대구광역시 달성군 논공읍
0,0,0,0,0,0,0,0,1,0,0,1,1,1,0,0,0,0,0,승차,4010,2021-01-01,금포교,7111075600,4,대구광역시 달성군 논공읍
0,0,0,0,0,0,0,0,0,1,0,0,0,0,0,0,0,0,0,하차,4010,2021-01-01,금포교,7111075600,1,대구광역시 달성군 논공읍
0,0,2,0,0,2,0,1,0,2,4,1,0,1,0,0,0,1,0,승차,4016,2021-01-01,금포새터길1,7111075700,14,대구광역시 달성군 논공읍
0,0,0,0,0,0,0,0,0,0,1,0,0,0,0,0,0,0,0,하차,4017,2021-01-01,금포새터길2,7111075800,1,대구광역시 달성군 논공읍
0,2,0,0,5,5,4,2,5,7,1,1,1,1,3,0,0,0,0,승차,9045,2021-01-01,금포초등학교,7111012700,37,대구광역시 달성군 논공읍
0,0,2,0,0,1,0,0,0,1,3,0,0,0,0,0,0,0,0,하차,9045,2021-01-01,금포초등학교,7111012700,7,대구광역시 달성군 논공읍
0,0,0,0,0,0,0,1,0,2,1,3,1,2,0,1,0,0,0,승차,1819,2021-01-01,금포초등학교건너,7111012600,11,대구광역시 달성군 논공읍
0,0,0,1,0,0,0,0,0,0,0,0,0,1,0,0,0,0,0,하차,1819,2021-01-01,금포초등학교건너,7111012600,2,대구광역시 달성군 논공읍
0,0,0,0,1,1,0,2,3,0,0,0,0,0,0,0,0,0,0,승차,5310,2021-01-01,금호119안전센터건너,7021057600,7,대구광역시 북구 관문동
0,0,0,0,0,0,0,0,0,0,0,2,0,1,0,0,0,0,0,하차,5301,2021-01-01,금호119안전센터앞,7021057100,3,대구광역시 북구 관문동
0,0,0,1,0,0,0,0,0,0,0,0,0,0,0,0,0,0,0,승차,1167,2021-01-01,금호기전,7041039400,1,대구광역시 달서구 신당동
0,0,0,0,0,0,0,1,0,0,0,0,0,0,0,0,0,0,0,하차,1167,2021-01-01,금호기전,7041039400,1,대구광역시 달서구 신당동
1,1,1,0,2,1,1,0,2,1,0,4,1,1,0,2,1,1,0,승차,3868,2021-01-01,금호서한이다음아파트건너,7021059000,20,대구광역시 북구 관문동
0,1,2,2,2,0,5,6,7,4,2,7,3,2,2,1,6,1,0,승차,9221,2021-01-01,금호서한이다음아파트앞,7021058900,53,대구광역시 북구 관문동
0,0,1,0,0,0,0,0,0,0,0,0,0,0,1,0,1,0,0,하차,9221,2021-01-01,금호서한이다음아파트앞,7021058900,3,대구광역시 북구 관문동
0,0,1,1,0,0,0,0,0,1,0,0,0,0,0,0,0,0,0,승차,3870,2021-01-01,금호지구종점(시내방향),7021059300,3,대구광역시 북구 관문동
0,0,1,2,2,0,2,0,2,1,0,1,2,0,0,1,1,0,0,승차,3869,2021-01-01,금호지구종점(종점방향),7021059400,15,대구광역시 북구 관문동
0,0,0,0,0,1,1,0,1,0,0,0,0,0,0,0,0,0,0,승차,3871,2021-01-01,금호천년나무1단지건너,7021059200,3,대구광역시 북구 관문동
0,0,0,0,0,2,0,0,1,0,0,1,0,0,2,1,0,0,0,하차,3871,2021-01-01,금호천년나무1단지건너,7021059200,7,대구광역시 북구 관문동
2,2,6,4,4,2,7,6,9,1,7,3,3,1,1,0,2,3,0,승차,3865,2021-01-01,금호천년나무1단지동편,7021059500,63,대구광역시 북구 관문동
0,0,0,0,0,0,0,1,0,0,0,0,0,0,0,0,0,0,0,승차,5302,2021-01-01,금호천년나무1단지동편건너,7021057200,1,대구광역시 북구 관문동
0,1,0,0,1,2,0,2,0,2,1,0,3,4,1,2,0,2,1,하차,5302,2021-01-01,금호천년나무1단지동편건너,7021057200,22,대구광역시 북구 관문동
0,0,0,0,0,0,1,0,0,0,0,0,0,0,0,0,0,0,0,승차,3866,2021-01-01,금호천년나무1단지앞,7021059100,1,대구광역시 북구 관문동
0,0,0,0,0,0,0,0,0,0,0,0,0,0,0,1,0,0,0,승차,3965,2021-01-01,금호천년나무8단지앞,7021060600,1,대구광역시 북구 관문동
0,0,0,0,0,0,0,0,1,0,0,0,1,0,0,1,0,0,0,하차,3965,2021-01-01,금호천년나무8단지앞,7021060600,3,대구광역시 북구 관문동
0,0,0,1,0,0,1,0,0,0,1,0,1,0,0,1,0,0,0,승차,9223,2021-01-01,금호화물자동차공영차고지,7031020600,5,대구광역시 서구 상중이동
0,0,1,1,0,0,0,0,0,2,0,0,0,0,0,0,0,0,0,승차,2321,2021-01-01,기곡(종점),7111029600,4,대구광역시 달성군 하빈면
0,1,0,0,0,0,0,0,0,0,0,0,0,0,0,0,0,0,0,승차,3652,2021-01-01,기곡리1,7111043300,1,대구광역시 달성군 하빈면
0,0,0,0,0,1,0,0,0,0,0,0,1,0,1,0,2,0,0,승차,968,2021-01-01,기업은행대곡지점건너,7041022000,5,대구광역시 달서구 도원동
0,0,0,1,2,1,3,2,3,3,4,1,7,4,4,4,4,0,0,하차,968,2021-01-01,기업은행대곡지점건너,7041022000,43,대구광역시 달서구 도원동
8,8,8,18,14,15,23,18,21,30,17,25,24,15,5,7,8,3,0,승차,5009,2021-01-01,기업은행대곡지점앞,7041021900,267,대구광역시 달서구 도원동
0,1,0,0,1,1,0,0,1,0,1,0,0,0,1,0,0,0,0,하차,5009,2021-01-01,기업은행대곡지점앞,7041021900,6,대구광역시 달서구 도원동
2,1,3,3,2,4,3,2,3,8,3,3,1,4,3,1,4,2,0,승차,1317,2021-01-01,기업은행죽전동지점건너,7041002500,52,대구광역시 달서구 죽전동
0,0,1,0,0,1,0,0,0,0,1,0,0,1,0,0,1,0,0,하차,1317,2021-01-01,기업은행죽전동지점건너,7041002500,5,대구광역시 달서구 죽전동
0,1,1,1,0,0,1,3,0,1,2,4,3,0,0,0,0,1,0,승차,9241,2021-01-01,기업은행죽전동지점앞,7041002600,18,대구광역시 달서구 죽전동
0,0,0,0,0,0,0,0,0,0,1,0,0,1,0,0,0,0,0,하차,9241,2021-01-01,기업은행죽전동지점앞,7041002600,2,대구광역시 달서구 죽전동
0,0,0,0,0,0,0,0,0,0,1,0,0,0,0,0,0,0,0,승차,2947,2021-01-01,김흥1리앞,7111065600,1,대구광역시 달성군 옥포면
0,0,0,0,0,1,0,0,0,0,0,0,0,0,0,0,0,0,0,하차,1624,2021-01-01,김흥2리앞,7111053100,1,대구광역시 달성군 옥포면
0,0,0,0,0,0,0,1,0,0,0,0,0,0,0,0,0,0,0,승차,1993,2021-01-01,김흥리마을입구,7111051500,1,대구광역시 달성군 옥포면
0,1,0,1,0,1,0,0,1,0,2,0,0,0,0,2,1,0,0,승차,3964,2021-01-01,나불지건너,7011059500,9,대구광역시 동구 안심3.4동
0,0,1,0,0,4,0,0,1,0,2,0,0,2,0,1,1,0,0,승차,3963,2021-01-01,나불지앞,7011059400,12,대구광역시 동구 안심3.4동
0,0,0,0,1,0,0,0,1,0,1,0,1,0,0,0,0,0,0,하차,3963,2021-01-01,나불지앞,7011059400,4,대구광역시 동구 안심3.4동
0,0,0,0,0,0,2,0,0,2,1,4,4,1,2,0,0,0,0,승차,393,2021-01-01,남구종합스포츠타운건너,7051012800,16,대구광역시 남구 봉덕3동
0,0,0,0,0,0,0,0,1,0,0,0,0,0,0,0,1,0,0,하차,393,2021-01-01,남구종합스포츠타운건너,7051012800,2,대구광역시 남구 봉덕3동
0,2,3,2,5,2,2,5,1,3,11,2,9,0,3,2,1,0,0,승차,784,2021-01-01,남구종합스포츠타운앞,7051012900,53,대구광역시 남구 봉덕3동
0,0,0,0,0,0,1,0,1,1,0,0,2,0,1,0,1,0,0,하차,784,2021-01-01,남구종합스포츠타운앞,7051012900,7,대구광역시 남구 봉덕3동
0,0,0,0,0,1,0,0,4,2,1,0,0,0,1,0,1,0,0,승차,3879,2021-01-01,남구청건너1,7051017200,10,대구광역시 남구 봉덕1동
0,0,0,0,0,0,0,0,1,0,0,0,0,0,1,0,0,0,0,하차,3879,2021-01-01,남구청건너1,7051017200,2,대구광역시 남구 봉덕1동
1,1,1,6,8,3,3,4,4,5,7,4,6,3,1,4,1,3,0,승차,2182,2021-01-01,남구청건너2,7051009100,65,대구광역시 남구 봉덕3동
0,2,3,2,5,5,6,8,8,8,9,4,6,6,5,9,7,3,0,하차,2182,2021-01-01,남구청건너2,7051009100,96,대구광역시 남구 봉덕3동
1,1,2,4,3,5,6,9,4,1,7,4,8,5,0,3,7,4,0,승차,2176,2021-01-01,남구청네거리1,7051011500,74,대구광역시 남구 봉덕1동
0,1,0,2,1,0,4,1,2,2,3,2,3,1,1,0,2,1,0,하차,2176,2021-01-01,남구청네거리1,7051011500,26,대구광역시 남구 봉덕1동
0,0,0,0,2,0,0,0,1,1,0,0,0,0,0,0,0,0,0,승차,446,2021-01-01,남구청네거리2,7051015800,4,대구광역시 남구 봉덕3동
0,0,0,0,0,1,0,0,0,0,0,0,0,1,0,0,0,0,0,하차,446,2021-01-01,남구청네거리2,7051015800,2,대구광역시 남구 봉덕3동
0,0,0,0,0,0,0,0,1,0,0,1,0,0,0,0,0,0,0,승차,3886,2021-01-01,남구청앞,7051017100,2,대구광역시 남구 봉덕1동
0,0,0,0,0,0,0,0,0,0,0,0,0,0,0,0,1,0,0,하차,3886,2021-01-01,남구청앞,7051017100,1,대구광역시 남구 봉덕1동
4,7,10,7,5,9,14,17,17,13,8,11,21,8,5,8,8,2,0,승차,9245,2021-01-01,남대구IC1,7041011500,174,대구광역시 달서구 본동
0,1,0,0,0,0,0,0,0,1,2,1,1,1,0,0,1,1,0,하차,9245,2021-01-01,남대구IC1,7041011500,9,대구광역시 달서구 본동
3,3,4,5,4,0,6,1,0,2,3,3,4,4,2,3,5,0,1,승차,565,2021-01-01,남대구IC2,7041011600,53,대구광역시 달서구 본동
0,0,0,1,0,0,0,0,2,1,1,0,0,1,0,1,0,0,0,하차,565,2021-01-01,남대구IC2,7041011600,7,대구광역시 달서구 본동
1,0,3,0,4,4,2,3,0,2,2,4,5,0,1,0,0,0,0,승차,3902,2021-01-01,남도버스1,7041060100,31,대구광역시 달서구 진천동
0,0,0,0,1,0,0,1,0,0,0,0,0,0,0,1,7,0,0,승차,3901,2021-01-01,남도버스2,7041060200,10,대구광역시 달서구 진천동
0,0,0,0,0,0,0,0,0,1,0,1,0,1,0,0,1,0,0,하차,3901,2021-01-01,남도버스2,7041060200,4,대구광역시 달서구 진천동
0,0,0,1,0,4,1,6,2,3,3,4,1,5,3,0,5,2,0,승차,5212,2021-01-01,남명삼거리1,7051004000,40,대구광역시 남구 대명9동
1,0,0,0,0,0,0,0,0,0,2,2,0,0,0,0,1,0,0,하차,5212,2021-01-01,남명삼거리1,7051004000,6,대구광역시 남구 대명9동
0,0,1,1,0,0,0,0,0,3,0,0,1,0,0,0,1,0,0,승차,758,2021-01-01,남명삼거리2,7051004100,7,대구광역시 남구 대명9동
0,0,1,0,0,0,0,0,0,1,1,1,0,0,0,0,0,0,0,하차,758,2021-01-01,남명삼거리2,7051004100,4,대구광역시 남구 대명9동
2,0,1,5,2,2,5,4,5,7,11,5,6,4,1,1,6,2,0,승차,2205,2021-01-01,남문시장건너2,7001001800,69,대구광역시 중구 남산1동
3,7,6,8,5,11,10,11,15,17,22,13,14,10,8,6,4,4,0,하차,2205,2021-01-01,남문시장건너2,7001001800,174,대구광역시 중구 남산1동
2,4,7,11,9,12,11,13,22,17,22,17,25,14,14,18,20,10,1,승차,2220,2021-01-01,남문시장앞,7001001900,249,대구광역시 중구 남산1동
0,2,1,5,4,4,3,7,3,8,9,12,7,6,6,11,8,7,3,하차,2220,2021-01-01,남문시장앞,7001001900,106,대구광역시 중구 남산1동
0,0,0,0,0,1,0,0,1,0,0,0,0,0,0,0,0,0,0,하차,1203,2021-01-01,남문아파트앞,7001003500,2,대구광역시 중구 남산1동
1,3,2,6,7,6,5,8,5,5,11,18,16,11,4,4,3,8,0,승차,444,2021-01-01,남부경찰서앞,7051013400,123,대구광역시 남구 대명5동
0,0,0,5,2,4,2,4,2,4,3,7,8,4,6,7,7,3,0,하차,444,2021-01-01,남부경찰서앞,7051013400,68,대구광역시 남구 대명5동
3,2,2,3,1,3,3,6,2,4,5,0,1,3,3,0,1,0,0,승차,583,2021-01-01,남부교육지원청건너,7041016000,42,대구광역시 달서구 본동
1,0,0,1,1,0,1,3,0,3,1,0,0,0,0,0,1,1,0,하차,583,2021-01-01,남부교육지원청건너,7041016000,13,대구광역시 달서구 본동
0,2,3,0,1,5,0,1,2,4,2,0,6,6,2,3,9,1,1,승차,5224,2021-01-01,남부교육지원청앞,7041016100,48,대구광역시 달서구 본동
0,1,0,0,0,2,0,0,4,1,0,1,1,1,0,1,1,1,1,하차,5224,2021-01-01,남부교육지원청앞,7041016100,15,대구광역시 달서구 본동
0,0,0,0,0,0,1,1,0,0,2,0,0,0,0,0,0,0,0,승차,2293,2021-01-01,남부도서관앞,7051005100,4,대구광역시 남구 대명9동
0,0,1,0,2,1,1,0,0,1,2,3,0,0,1,0,0,0,0,하차,2293,2021-01-01,남부도서관앞,7051005100,12,대구광역시 남구 대명9동
1,0,0,1,3,0,2,2,1,0,1,0,1,0,0,0,0,0,0,승차,567,2021-01-01,남부자동차종합시장건너,7041011800,12,대구광역시 달서구 월성2동
0,0,0,2,1,0,1,0,0,0,1,1,1,0,0,0,0,1,0,하차,567,2021-01-01,남부자동차종합시장건너,7041011800,8,대구광역시 달서구 월성2동
0,0,0,0,0,0,0,0,0,1,0,0,0,1,0,2,0,0,0,승차,3151,2021-01-01,남부자동차종합시장앞,7041011700,4,대구광역시 달서구 장기동
0,0,0,0,1,0,0,0,1,1,0,0,0,1,0,0,0,0,0,하차,3151,2021-01-01,남부자동차종합시장앞,7041011700,4,대구광역시 달서구 장기동
1,2,0,0,2,3,2,2,0,2,1,0,0,1,0,1,0,0,0,승차,744,2021-01-01,남부초등학교건너,7041048500,17,대구광역시 달서구 성당1동
0,0,1,1,0,0,0,0,0,0,0,0,0,0,0,0,0,0,0,하차,744,2021-01-01,남부초등학교건너,7041048500,2,대구광역시 달서구 성당1동
0,0,0,0,0,0,0,1,0,0,0,0,2,0,0,0,1,0,0,승차,745,2021-01-01,남부초등학교앞,7041048600,4,대구광역시 달서구 성당2동
0,1,0,0,0,0,0,1,3,0,0,1,0,0,1,0,0,0,0,하차,745,2021-01-01,남부초등학교앞,7041048600,7,대구광역시 달서구 성당2동
0,0,2,3,3,3,2,6,4,2,6,3,4,2,0,0,0,2,0,승차,9268,2021-01-01,남부초등학교앞2,7041026000,42,대구광역시 달서구 성당2동
0,0,0,1,0,0,0,0,1,1,0,1,0,2,1,0,1,1,0,하차,9268,2021-01-01,남부초등학교앞2,7041026000,9,대구광역시 달서구 성당2동
0,0,0,0,0,0,0,0,0,0,0,0,0,0,1,0,0,0,0,승차,1020,2021-01-01,남산2동주민센터건너,7001003400,1,대구광역시 중구 남산2동
0,0,0,0,0,0,0,2,0,0,0,0,0,1,1,0,0,1,0,승차,1025,2021-01-01,남산2동주민센터앞,7001012500,5,대구광역시 중구 남산2동
0,0,0,0,0,0,0,0,0,0,0,1,1,0,1,0,0,0,0,승차,2018,2021-01-01,남산고등학교건너,7061027300,3,대구광역시 수성구 수성1가동
0,0,0,0,0,0,0,0,0,0,0,0,0,0,0,0,1,0,0,하차,2018,2021-01-01,남산고등학교건너,7061027300,1,대구광역시 수성구 수성1가동
0,0,0,0,0,0,0,0,1,0,0,2,0,0,0,0,0,0,0,승차,2070,2021-01-01,남산고등학교앞,7061005900,3,대구광역시 수성구 수성1가동
0,0,0,0,1,0,0,0,0,0,1,0,0,1,0,0,0,0,0,하차,2070,2021-01-01,남산고등학교앞,7061005900,3,대구광역시 수성구 수성1가동
1,1,5,9,6,3,7,5,12,11,15,5,11,9,11,9,9,6,0,승차,5280,2021-01-01,남산역(프린스호텔건너),7001002800,135,대구광역시 중구 남산3동
1,1,0,0,1,5,2,1,5,1,4,3,3,2,5,5,5,2,0,하차,5280,2021-01-01,남산역(프린스호텔건너),7001002800,46,대구광역시 중구 남산3동
1,2,4,12,8,12,9,15,19,10,19,21,24,14,13,5,15,9,0,승차,416,2021-01-01,남산역건너(프린스호텔앞),7001002900,212,대구광역시 남구 대명3동
0,0,0,3,2,1,2,7,12,9,7,8,5,0,3,4,3,2,1,하차,416,2021-01-01,남산역건너(프린스호텔앞),7001002900,69,대구광역시 남구 대명3동
1,1,4,6,7,2,7,7,8,11,8,5,3,6,3,8,10,8,1,승차,1027,2021-01-01,남산초등학교건너,7001003300,106,대구광역시 중구 남산4동
0,0,0,0,2,2,0,2,1,2,2,2,1,1,1,0,0,4,0,하차,1027,2021-01-01,남산초등학교건너,7001003300,20,대구광역시 중구 남산4동
0,3,5,3,3,2,6,4,3,8,6,7,10,2,3,2,5,1,0,승차,5281,2021-01-01,남산초등학교앞,7001003200,73,대구광역시 중구 남산2동
1,2,2,1,7,3,2,7,5,4,4,5,6,4,2,0,2,0,0,하차,5281,2021-01-01,남산초등학교앞,7001003200,57,대구광역시 중구 남산2동
0,0,0,1,0,0,0,0,0,0,1,0,2,0,1,0,0,1,0,승차,3998,2021-01-01,남해오네뜨2차앞,7111074300,6,대구광역시 달성군 유가면
0,0,0,0,0,0,0,0,0,0,0,0,0,2,0,0,0,0,0,하차,4053,2021-01-01,내곡동마을회관,7011062400,2,대구광역시 동구 안심3.4동
2,1,1,1,0,1,0,4,1,1,0,2,3,4,2,1,0,0,0,승차,9191,2021-01-01,내당1동우체국건너,7031008300,24,대구광역시 서구 평리4동
0,0,0,0,0,0,1,1,0,0,2,1,1,0,0,0,0,0,0,하차,9191,2021-01-01,내당1동우체국건너,7031008300,6,대구광역시 서구 평리4동
3,4,3,0,0,1,3,5,4,3,6,2,1,3,0,0,0,0,0,승차,9190,2021-01-01,내당1동우체국앞,7031008400,38,대구광역시 서구 내당1동
1,0,0,0,2,0,1,1,0,2,1,0,0,0,0,0,0,0,0,하차,9190,2021-01-01,내당1동우체국앞,7031008400,8,대구광역시 서구 내당1동
1,1,1,0,3,0,6,3,0,4,3,1,3,1,0,0,6,2,0,승차,9240,2021-01-01,내당광명아파트,7031000400,35,대구광역시 서구 내당4동
0,2,1,1,1,1,1,0,0,0,2,2,1,3,3,0,3,1,0,하차,9240,2021-01-01,내당광명아파트,7031000400,22,대구광역시 서구 내당4동
1,6,10,9,12,2,8,12,7,18,11,13,8,13,11,10,9,4,1,승차,937,2021-01-01,내당삼익맨션건너,7031004600,165,대구광역시 서구 내당1동
1,2,1,6,4,2,2,5,5,8,5,5,4,9,1,2,3,7,2,하차,937,2021-01-01,내당삼익맨션건너,7031004600,74,대구광역시 서구 내당1동
2,6,2,8,4,5,7,11,6,10,7,7,14,10,4,9,8,7,1,승차,930,2021-01-01,내당삼익맨션앞,7031004700,128,대구광역시 서구 내당4동
3,5,1,7,10,8,23,13,8,16,5,8,9,10,8,9,5,3,2,하차,930,2021-01-01,내당삼익맨션앞,7031004700,153,대구광역시 서구 내당4동
1,5,9,10,8,9,5,5,9,4,3,8,5,4,4,4,7,3,0,승차,1323,2021-01-01,내당코오롱아파트건너,7031000300,103,대구광역시 서구 내당4동
1,8,5,3,6,8,4,9,11,7,6,8,8,10,8,4,3,3,1,하차,1323,2021-01-01,내당코오롱아파트건너,7031000300,113,대구광역시 서구 내당4동
0,0,4,3,5,3,2,1,9,1,6,6,3,5,1,5,2,0,1,승차,9296,2021-01-01,내당코오롱아파트앞,7031000200,57,대구광역시 서구 내당4동
0,0,0,0,0,1,0,0,0,0,1,2,4,2,1,3,1,2,0,하차,9296,2021-01-01,내당코오롱아파트앞,7031000200,17,대구광역시 서구 내당4동
0,0,0,0,0,0,0,0,3,1,1,0,0,0,0,0,0,1,0,승차,2364,2021-01-01,내동,7011022100,6,대구광역시 동구 공산동
0,0,0,0,0,0,0,0,1,0,0,0,0,0,0,0,0,0,0,하차,861,2021-01-01,내일교회앞,7041013100,1,대구광역시 달서구 장기동
0,0,1,0,0,1,1,2,1,3,2,2,1,0,1,2,0,0,0,승차,1547,2021-01-01,냉천리1,7111045300,17,대구광역시 달성군 가창면
0,0,0,0,0,0,0,0,0,0,1,0,0,0,0,0,0,0,0,하차,1547,2021-01-01,냉천리1,7111045300,1,대구광역시 달성군 가창면
0,0,0,0,0,0,0,1,1,0,0,1,1,0,0,0,0,0,0,하차,1548,2021-01-01,냉천리2,7111045400,4,대구광역시 달성군 가창면
0,0,0,0,0,0,0,0,1,0,0,0,0,0,0,0,0,0,0,승차,2862,2021-01-01,노곡교(하중도)1,7021058700,1,대구광역시 북구 노원3동
0,0,0,0,0,0,0,1,0,0,0,0,0,1,0,0,0,0,0,하차,2862,2021-01-01,노곡교(하중도)1,7021058700,2,대구광역시 북구 노원3동
2,0,2,3,2,3,5,3,1,3,6,7,2,3,0,1,2,0,0,승차,5156,2021-01-01,노곡동,7021029700,45,대구광역시 북구 관문동
0,0,0,0,0,0,0,0,0,0,0,0,0,1,0,0,0,0,0,하차,5156,2021-01-01,노곡동,7021029700,1,대구광역시 북구 관문동
0,3,1,0,1,2,1,0,1,0,0,3,0,1,0,1,1,0,0,승차,2744,2021-01-01,노변중학교,7061057200,15,대구광역시 수성구 고산2동
0,0,0,0,0,0,0,0,0,0,1,0,0,0,0,0,0,0,0,하차,2744,2021-01-01,노변중학교,7061057200,1,대구광역시 수성구 고산2동
0,0,2,1,1,1,0,0,1,1,0,1,0,0,0,2,1,0,0,승차,2745,2021-01-01,노변중학교건너,7061057500,11,대구광역시 수성구 고산2동
0,3,0,1,0,0,0,1,0,0,0,1,0,0,0,1,0,0,0,승차,2742,2021-01-01,노변청구타운건너,7061057100,7,대구광역시 수성구 고산2동
0,0,0,0,0,0,0,0,0,0,0,0,1,0,0,0,0,0,0,하차,2742,2021-01-01,노변청구타운건너,7061057100,1,대구광역시 수성구 고산2동
0,0,0,0,0,0,0,0,0,1,1,0,0,1,1,0,3,0,0,승차,2743,2021-01-01,노변청구타운앞,7061057600,7,대구광역시 수성구 고산2동
0,0,0,0,0,0,0,0,0,1,0,0,0,0,0,0,0,0,0,하차,2743,2021-01-01,노변청구타운앞,7061057600,1,대구광역시 수성구 고산2동
0,0,2,2,2,0,4,1,2,5,3,3,4,0,2,0,2,1,0,승차,2136,2021-01-01,노원119안전센터건너,7021008800,33,대구광역시 북구 노원3동
0,0,2,3,1,0,2,2,2,1,2,1,2,4,1,3,0,0,0,하차,2136,2021-01-01,노원119안전센터건너,7021008800,26,대구광역시 북구 노원3동
0,0,0,1,1,0,1,0,2,0,1,0,1,0,1,1,1,1,0,승차,9074,2021-01-01,노원119안전센터앞,7021008700,11,대구광역시 북구 노원3동
0,0,2,0,0,0,0,0,0,0,0,0,0,1,0,0,1,0,0,하차,9074,2021-01-01,노원119안전센터앞,7021008700,4,대구광역시 북구 노원3동
0,0,0,0,0,0,0,0,0,0,0,0,0,0,1,0,0,0,0,승차,268,2021-01-01,노원네거리(대구은행건너),7021009400,1,대구광역시 북구 침산1동
0,0,0,0,0,0,0,1,0,0,0,0,1,0,0,0,0,0,0,하차,268,2021-01-01,노원네거리(대구은행건너),7021009400,2,대구광역시 북구 침산1동
0,1,0,0,0,0,3,2,0,2,0,0,0,0,0,2,0,0,0,승차,270,2021-01-01,노원네거리(대구은행앞),7021009300,10,대구광역시 북구 노원3동
0,0,0,0,0,0,0,1,0,0,0,1,1,0,1,0,0,0,0,하차,270,2021-01-01,노원네거리(대구은행앞),7021009300,4,대구광역시 북구 노원3동
0,0,0,2,2,1,1,2,0,1,3,2,0,4,1,1,0,0,0,승차,298,2021-01-01,노원네거리1(오봉새마을금고앞),7021017400,20,대구광역시 북구 침산1동
0,0,1,0,0,0,0,0,0,0,0,1,0,0,0,0,1,0,0,하차,298,2021-01-01,노원네거리1(오봉새마을금고앞),7021017400,3,대구광역시 북구 침산1동
0,2,0,2,2,0,0,1,1,3,1,4,1,2,2,0,1,0,0,승차,559,2021-01-01,노원네거리2(오봉새마을금고건너),7021017500,22,대구광역시 북구 침산1동
0,1,0,1,1,0,1,1,0,0,0,0,2,0,0,0,0,0,0,하차,559,2021-01-01,노원네거리2(오봉새마을금고건너),7021017500,7,대구광역시 북구 침산1동
1,0,0,0,0,2,0,2,4,3,3,0,4,1,0,1,0,0,0,승차,271,2021-01-01,노원네거리3(기업은행),7021009500,21,대구광역시 북구 노원3동
0,0,0,0,0,0,0,0,0,0,0,1,0,0,0,1,0,0,0,승차,267,2021-01-01,노원네거리4(기업은행),7021009600,2,대구광역시 북구 침산1동
0,0,0,0,0,0,0,0,0,1,0,0,1,0,0,0,0,0,0,하차,267,2021-01-01,노원네거리4(기업은행),7021009600,2,대구광역시 북구 침산1동
0,0,0,0,0,0,0,0,1,0,0,0,0,1,0,0,0,0,0,승차,265,2021-01-01,노원동화타운건너,7021010000,2,대구광역시 북구 노원1.2동
0,0,0,1,1,1,0,0,0,0,0,0,0,2,0,0,0,1,0,하차,265,2021-01-01,노원동화타운건너,7021010000,6,대구광역시 북구 노원1.2동
0,1,1,1,0,3,0,0,3,1,0,1,1,2,0,1,0,0,0,승차,273,2021-01-01,노원동화타운앞,7021009900,15,대구광역시 북구 노원1.2동
0,0,0,0,1,0,0,0,0,0,0,0,0,0,0,0,0,0,0,하차,273,2021-01-01,노원동화타운앞,7021009900,1,대구광역시 북구 노원1.2동
0,0,1,0,0,0,0,1,0,1,3,0,0,0,0,0,0,0,0,승차,2240,2021-01-01,노이2리앞,7111055900,6,대구광역시 달성군 논공읍
0,0,0,0,0,0,0,1,0,0,0,0,0,0,0,0,0,0,0,승차,3924,2021-01-01,노이3리1,7111070900,1,대구광역시 달성군 논공읍
0,2,0,1,5,8,5,2,5,5,7,2,9,6,2,2,3,1,0,승차,2302,2021-01-01,녹원맨션,7011019100,65,대구광역시 동구 안심3.4동
0,0,0,0,0,1,0,1,0,3,1,0,0,1,1,0,0,0,0,하차,2302,2021-01-01,녹원맨션,7011019100,8,대구광역시 동구 안심3.4동
1,0,2,1,0,0,7,1,0,1,0,3,4,2,0,0,1,0,0,승차,5172,2021-01-01,논공삼거리1,7111023200,23,대구광역시 달성군 논공읍
0,1,0,0,0,0,0,0,0,0,0,0,0,0,0,0,0,0,0,하차,5172,2021-01-01,논공삼거리1,7111023200,1,대구광역시 달성군 논공읍
0,0,0,0,0,0,1,0,0,0,1,0,4,1,0,1,0,0,0,승차,1827,2021-01-01,논공삼거리2,7111012800,8,대구광역시 달성군 논공읍
0,0,0,1,0,0,2,1,2,0,1,1,1,4,2,0,0,0,0,하차,1827,2021-01-01,논공삼거리2,7111012800,15,대구광역시 달성군 논공읍
0,0,0,0,1,0,0,2,0,1,0,1,0,1,2,1,0,0,0,승차,2399,2021-01-01,논공읍사무소,7111012300,9,대구광역시 달성군 논공읍
0,0,0,0,0,0,0,0,0,0,0,0,0,0,0,1,0,0,0,하차,2399,2021-01-01,논공읍사무소,7111012300,1,대구광역시 달성군 논공읍
1,0,0,1,2,1,5,1,1,4,4,5,1,0,0,0,2,1,0,승차,2410,2021-01-01,논공읍사무소건너1,7111012200,29,대구광역시 달성군 논공읍
0,0,1,1,0,0,1,0,0,0,0,0,0,1,0,0,0,0,0,하차,2410,2021-01-01,논공읍사무소건너1,7111012200,4,대구광역시 달성군 논공읍
0,0,0,0,0,0,0,0,0,0,0,0,0,1,0,0,0,0,0,승차,2409,2021-01-01,논공읍사무소건너2,7111005900,1,대구광역시 달성군 논공읍
0,0,0,0,1,1,1,1,1,0,2,0,0,0,1,0,1,0,0,승차,1988,2021-01-01,농산물도매시장건너,7021053700,9,대구광역시 북구 관문동
0,0,0,0,0,1,2,1,1,0,0,1,2,2,2,2,0,0,0,승차,1985,2021-01-01,농산물도매시장앞,7021053800,14,대구광역시 북구 관문동
0,0,0,0,0,0,0,0,1,0,0,0,0,0,0,0,0,0,0,하차,1985,2021-01-01,농산물도매시장앞,7021053800,1,대구광역시 북구 관문동
0,1,1,0,1,0,0,1,1,5,2,3,0,4,0,1,0,1,0,승차,1226,2021-01-01,농수산물도매시장건너,7021000100,21,대구광역시 북구 관문동
0,0,0,1,1,1,0,2,0,0,0,0,0,1,1,0,1,1,0,하차,1226,2021-01-01,농수산물도매시장건너,7021000100,9,대구광역시 북구 관문동
1,4,1,1,2,3,4,7,5,3,6,7,7,5,0,2,1,4,0,승차,1227,2021-01-01,농수산물도매시장앞,7021019300,63,대구광역시 북구 관문동
0,0,2,1,2,1,2,3,1,5,7,3,5,2,3,1,4,3,0,하차,1227,2021-01-01,농수산물도매시장앞,7021019300,45,대구광역시 북구 관문동
0,0,0,0,0,0,0,0,0,1,0,0,0,0,0,0,0,0,0,하차,1791,2021-01-01,농촌진흥원입구,7021042000,1,대구광역시 북구 읍내동
0,0,0,0,1,0,0,0,2,0,0,0,0,0,1,0,1,1,0,승차,1585,2021-01-01,농협동촌지점,7011027400,6,대구광역시 동구 동촌동
0,0,0,0,0,0,0,0,0,0,0,0,1,0,0,0,0,0,0,하차,1585,2021-01-01,농협동촌지점,7011027400,1,대구광역시 동구 동촌동
0,0,0,0,1,0,3,0,2,2,0,0,3,2,0,0,0,0,0,승차,5139,2021-01-01,농협방촌지점,7011020500,13,대구광역시 동구 방촌동
0,0,0,0,0,1,0,1,0,0,0,1,0,0,0,0,0,0,0,하차,5139,2021-01-01,농협방촌지점,7011020500,3,대구광역시 동구 방촌동
2,4,3,11,5,14,15,9,17,14,4,18,9,15,11,9,5,1,0,승차,541,2021-01-01,농협중앙회앞,7021024800,166,대구광역시 북구 대현2동
6,9,6,14,10,23,14,14,22,15,18,18,14,16,9,3,6,1,1,하차,541,2021-01-01,농협중앙회앞,7021024800,219,대구광역시 북구 대현2동
0,0,0,0,1,0,0,2,0,0,2,0,0,0,1,1,2,0,0,승차,681,2021-01-01,농협중앙회중동지점건너,7061030800,9,대구광역시 수성구 중동
0,0,0,0,0,0,1,0,0,0,0,0,2,0,0,0,0,0,0,하차,681,2021-01-01,농협중앙회중동지점건너,7061030800,3,대구광역시 수성구 중동
0,0,0,0,1,1,0,0,0,0,1,0,0,0,0,1,0,0,0,하차,684,2021-01-01,농협중앙회중동지점앞,7061030900,4,대구광역시 수성구 중동
0,0,0,0,0,0,0,0,0,0,0,0,2,0,0,0,0,0,0,승차,5317,2021-01-01,능성동(종점)2,7011054200,2,대구광역시 동구 공산동
0,0,0,0,2,0,1,0,0,0,0,0,0,1,0,0,0,0,0,승차,1393,2021-01-01,능성동입구건너,7011023700,4,대구광역시 동구 공산동
0,0,0,0,0,0,0,0,0,0,0,1,0,0,0,0,0,0,0,하차,1393,2021-01-01,능성동입구건너,7011023700,1,대구광역시 동구 공산동
0,0,0,0,0,0,0,0,2,0,0,0,0,0,0,0,0,0,0,하차,1392,2021-01-01,능성동입구앞,7011023600,2,대구광역시 동구 공산동
0,2,2,2,1,2,1,2,3,2,1,5,2,1,3,3,1,0,0,승차,2313,2021-01-01,다사고등학교건너,7111026800,33,대구광역시 달성군 다사읍
0,0,1,2,3,0,2,5,6,2,1,5,2,0,2,3,0,1,0,하차,2313,2021-01-01,다사고등학교건너,7111026800,35,대구광역시 달성군 다사읍
0,0,0,0,0,1,0,0,0,0,0,0,0,1,0,0,0,0,0,승차,2312,2021-01-01,다사고등학교앞,7111019300,2,대구광역시 달성군 다사읍
0,1,0,0,3,0,2,0,0,1,2,5,4,6,1,2,2,4,0,하차,2312,2021-01-01,다사고등학교앞,7111019300,33,대구광역시 달성군 다사읍
0,0,0,3,4,3,2,2,3,5,4,16,2,1,1,4,7,4,0,승차,9244,2021-01-01,다사농협세천지점건너,7111069800,61,대구광역시 달성군 다사읍
0,0,0,1,0,1,0,0,0,0,0,0,1,1,0,1,1,1,0,하차,9244,2021-01-01,다사농협세천지점건너,7111069800,7,대구광역시 달성군 다사읍
0,0,0,1,2,1,0,4,0,0,2,7,5,0,2,2,7,1,0,승차,3893,2021-01-01,다사농협세천지점앞,7111069700,34,대구광역시 달성군 다사읍
0,0,0,0,0,0,0,0,0,1,0,0,0,0,1,1,0,0,0,하차,3893,2021-01-01,다사농협세천지점앞,7111069700,3,대구광역시 달성군 다사읍
0,2,0,0,1,0,0,1,1,1,3,2,1,3,0,1,0,0,0,하차,1186,2021-01-01,다사농협주유소건너,7111010500,16,대구광역시 달성군 다사읍
0,4,3,2,9,4,11,2,1,5,6,6,2,7,7,7,2,2,0,승차,2311,2021-01-01,다사농협주유소앞,7111010600,80,대구광역시 달성군 다사읍
0,0,0,0,1,0,0,0,2,0,0,0,0,0,1,0,0,0,0,하차,2311,2021-01-01,다사농협주유소앞,7111010600,4,대구광역시 달성군 다사읍
0,0,0,0,2,0,0,0,0,0,0,0,0,0,0,0,0,0,0,하차,1987,2021-01-01,다사역(3번출구),7111055400,2,대구광역시 달성군 다사읍
0,1,0,1,1,1,0,1,0,3,2,5,0,2,0,1,3,1,1,승차,4600,2021-01-01,다사읍사무소서재출장소건너,7111045100,23,대구광역시 달성군 다사읍
0,0,0,0,2,0,0,0,0,0,0,0,0,0,0,0,0,0,0,하차,4600,2021-01-01,다사읍사무소서재출장소건너,7111045100,2,대구광역시 달성군 다사읍
0,1,0,0,0,0,0,0,0,0,1,0,0,1,0,0,0,0,0,하차,2526,2021-01-01,다사읍사무소서재출장소앞,7111021000,3,대구광역시 달성군 다사읍
0,3,0,1,3,3,2,5,1,4,7,4,5,5,3,0,0,0,0,승차,9100,2021-01-01,다사읍행정복지센터건너,7111019600,46,대구광역시 달성군 다사읍
0,0,0,0,0,1,0,0,0,0,1,0,0,0,0,0,1,0,0,하차,9100,2021-01-01,다사읍행정복지센터건너,7111019600,3,대구광역시 달성군 다사읍
0,0,1,0,0,0,0,0,0,0,0,0,0,0,0,0,0,0,0,승차,3338,2021-01-01,다사읍행정복지센터앞,7111039400,1,대구광역시 달성군 다사읍
0,0,0,1,0,1,2,0,2,1,2,0,1,0,0,0,0,0,0,승차,1544,2021-01-01,단산리입구1,7111022500,10,대구광역시 달성군 가창면
0,0,0,0,0,0,0,0,0,0,2,0,0,0,0,0,1,0,0,승차,1127,2021-01-01,달구벌종합복지관건너,7041046900,3,대구광역시 달서구 용산1동
0,1,0,0,0,0,0,0,0,0,0,0,0,0,0,0,0,0,0,하차,1127,2021-01-01,달구벌종합복지관건너,7041046900,1,대구광역시 달서구 용산1동
0,0,1,0,0,0,0,0,0,0,1,0,0,1,1,0,0,0,0,승차,1128,2021-01-01,달구벌종합복지관앞,7041046800,4,대구광역시 달서구 용산1동
0,0,0,0,0,0,0,0,0,0,1,0,0,0,1,0,0,0,0,하차,1128,2021-01-01,달구벌종합복지관앞,7041046800,2,대구광역시 달서구 용산1동
0,1,0,0,0,0,0,0,2,0,0,0,0,0,0,0,0,0,0,하차,807,2021-01-01,달서공고건너,7041019700,3,대구광역시 달서구 월성1동
6,5,14,9,20,11,6,11,12,13,10,7,13,10,10,7,8,5,0,승차,2153,2021-01-01,달서교회건너,7031010700,177,대구광역시 서구 비산4동
0,0,1,0,3,3,7,6,5,5,7,6,7,6,6,4,3,1,0,하차,2153,2021-01-01,달서교회건너,7031010700,70,대구광역시 서구 비산4동
3,4,10,9,11,7,15,13,17,16,10,23,16,12,5,1,6,3,0,승차,2553,2021-01-01,달서교회앞,7031017200,181,대구광역시 서구 평리2동
2,4,3,2,6,3,6,8,8,3,9,4,6,3,4,2,2,1,2,하차,2553,2021-01-01,달서교회앞,7031017200,78,대구광역시 서구 평리2동
0,2,2,5,5,5,8,3,12,4,7,6,6,3,9,1,6,2,0,승차,737,2021-01-01,달서구새마을회건너,7041047500,86,대구광역시 달서구 본리동
0,0,0,0,0,0,0,1,0,1,0,0,0,0,0,0,0,0,0,하차,737,2021-01-01,달서구새마을회건너,7041047500,2,대구광역시 달서구 본리동
0,0,0,0,0,0,0,1,0,0,0,1,0,3,1,0,1,1,0,하차,733,2021-01-01,달서구새마을회앞,7041047600,8,대구광역시 달서구 장기동
1,4,2,5,2,13,3,8,15,15,11,14,4,3,2,3,1,1,0,승차,2144,2021-01-01,달서구청건너,7041014900,107,대구광역시 달서구 월성1동
0,1,1,1,0,0,1,0,1,0,1,2,1,1,0,0,0,1,1,하차,2144,2021-01-01,달서구청건너,7041014900,12,대구광역시 달서구 월성1동
0,4,0,1,2,0,2,2,2,0,4,3,2,2,3,0,2,0,0,승차,2256,2021-01-01,달서구청앞,7041014800,29,대구광역시 달서구 월성2동
0,2,1,2,2,2,3,2,2,1,3,4,5,1,3,0,3,3,0,하차,2256,2021-01-01,달서구청앞,7041014800,39,대구광역시 달서구 월성2동
0,0,0,1,3,2,1,2,2,2,5,3,8,2,1,1,7,3,1,승차,917,2021-01-01,달서구치매안심센터건너,7041008700,44,대구광역시 달서구 본리동
0,0,0,1,0,0,0,1,2,3,1,2,1,1,1,0,0,0,0,하차,917,2021-01-01,달서구치매안심센터건너,7041008700,13,대구광역시 달서구 본리동
0,0,1,1,1,7,2,1,8,2,5,8,2,3,2,5,2,0,0,승차,2110,2021-01-01,달서구치매안심센터앞,7041008800,50,대구광역시 달서구 본리동
0,0,0,0,0,1,1,1,0,1,0,2,1,1,2,1,0,0,0,하차,2110,2021-01-01,달서구치매안심센터앞,7041008800,11,대구광역시 달서구 본리동
0,0,0,0,0,1,0,0,0,0,1,0,0,0,0,0,0,0,0,승차,988,2021-01-01,달서별빛캠핑장건너,7041028400,2,대구광역시 달서구 송현1동
0,0,0,0,0,0,0,0,0,0,0,0,1,0,0,0,0,0,0,승차,2467,2021-01-01,달서별빛캠핑장앞,7041055100,1,대구광역시 달서구 송현1동
0,0,0,0,1,0,0,1,0,0,2,1,0,0,1,0,0,0,0,하차,3857,2021-01-01,달서자동차검사소건너,7041059800,6,대구광역시 달서구 진천동
0,0,0,0,0,0,0,0,0,0,0,0,1,0,0,0,0,0,0,하차,3858,2021-01-01,달서자동차검사소앞,7041059700,1,대구광역시 달서구 진천동
0,1,2,4,2,1,0,3,5,1,1,1,0,1,1,1,1,1,0,승차,741,2021-01-01,달서종합시장건너,7041047900,26,대구광역시 달서구 본리동
0,1,0,0,1,1,0,0,0,0,0,0,0,1,0,0,0,0,0,하차,741,2021-01-01,달서종합시장건너,7041047900,4,대구광역시 달서구 본리동
0,0,1,2,0,0,1,0,0,1,0,1,0,0,0,0,0,1,0,승차,731,2021-01-01,달서종합시장앞,7041048000,7,대구광역시 달서구 본리동
0,0,0,0,2,0,0,1,0,1,0,0,0,0,0,0,1,0,0,하차,731,2021-01-01,달서종합시장앞,7041048000,5,대구광역시 달서구 본리동
0,0,0,0,0,0,0,0,0,0,1,0,0,0,0,0,0,0,0,승차,1358,2021-01-01,달서중고등학교건너,7111015000,1,대구광역시 달성군 하빈면
0,0,1,2,2,0,1,1,2,0,4,0,0,1,0,0,0,1,0,승차,3076,2021-01-01,달서초교,7031020300,15,대구광역시 서구 상중이동
0,0,0,0,0,0,0,0,0,0,0,0,0,0,0,0,1,0,0,하차,3076,2021-01-01,달서초교,7031020300,1,대구광역시 서구 상중이동
0,0,0,1,0,0,0,0,0,0,0,0,0,0,0,1,0,0,0,승차,3082,2021-01-01,달성2차산업단지출장소앞,7111059400,2,대구광역시 달성군 구지면
0,0,0,0,0,0,0,0,0,1,0,0,0,0,0,0,0,0,0,하차,3082,2021-01-01,달성2차산업단지출장소앞,7111059400,1,대구광역시 달성군 구지면
0,0,1,0,3,4,1,0,0,2,0,1,3,3,0,0,1,0,0,승차,2935,2021-01-01,달성경찰서,7111007200,19,대구광역시 달성군 현풍면
0,0,0,0,0,0,0,0,0,2,0,0,0,0,0,0,0,0,0,하차,2935,2021-01-01,달성경찰서,7111007200,2,대구광역시 달성군 현풍면
2,0,4,2,1,3,3,3,4,4,4,5,4,2,3,1,5,1,0,승차,5283,2021-01-01,달성공원건너,7001011600,51,대구광역시 중구 성내3동
0,0,0,1,0,0,1,2,4,3,0,3,2,1,1,0,2,0,0,하차,5283,2021-01-01,달성공원건너,7001011600,20,대구광역시 중구 성내3동
1,2,1,4,1,7,3,6,9,7,12,11,8,7,1,4,3,2,0,승차,1047,2021-01-01,달성공원앞,7001005200,89,대구광역시 중구 성내3동
0,0,2,1,2,9,8,6,13,9,11,3,7,3,2,6,2,1,0,하차,1047,2021-01-01,달성공원앞,7001005200,85,대구광역시 중구 성내3동
1,2,3,2,3,0,0,1,1,4,0,0,3,0,0,1,1,0,0,승차,1818,2021-01-01,달성교육지원청-대구예아람학교건너,7111005600,22,대구광역시 달성군 옥포면
0,1,0,0,0,0,0,1,1,2,0,1,0,0,2,0,0,0,0,하차,1818,2021-01-01,달성교육지원청-대구예아람학교건너,7111005600,8,대구광역시 달성군 옥포면
3,3,3,6,4,5,4,5,9,5,9,2,9,4,1,1,1,3,0,승차,2630,2021-01-01,달성교육지원청-대구예아람학교앞,7111028000,77,대구광역시 달성군 옥포면
0,1,0,1,0,1,1,0,2,1,0,0,0,0,1,1,0,1,0,하차,2630,2021-01-01,달성교육지원청-대구예아람학교앞,7111028000,10,대구광역시 달성군 옥포면
0,0,1,1,2,0,1,1,0,0,2,1,2,3,1,0,0,0,0,승차,2671,2021-01-01,달성군민운동장건너,7111008200,15,대구광역시 달성군 논공읍
0,0,0,0,0,0,0,0,0,0,0,0,0,0,1,0,0,0,0,하차,2671,2021-01-01,달성군민운동장건너,7111008200,1,대구광역시 달성군 논공읍
0,0,2,2,0,2,1,0,1,0,2,2,0,2,2,0,0,0,0,승차,9293,2021-01-01,달성군민운동장앞,7111008100,16,대구광역시 달성군 논공읍
1,0,0,0,0,0,0,0,1,0,1,0,1,1,2,1,1,0,0,하차,9293,2021-01-01,달성군민운동장앞,7111008100,9,대구광역시 달성군 논공읍
0,0,0,1,0,1,2,1,1,0,5,3,1,0,0,0,0,0,0,승차,2634,2021-01-01,달성군보건소,7111007100,15,대구광역시 달성군 현풍면
0,0,0,0,0,0,2,0,0,0,0,0,0,0,0,0,0,0,0,하차,2634,2021-01-01,달성군보건소,7111007100,2,대구광역시 달성군 현풍면
0,0,1,1,0,1,0,1,1,0,2,0,0,1,0,0,0,0,0,하차,2821,2021-01-01,달성군선거관리위원회앞,7111062700,8,대구광역시 달성군 화원읍
0,0,0,0,0,0,3,0,0,0,2,1,1,0,0,0,0,0,0,승차,9047,2021-01-01,달성군청건너,7111030100,7,대구광역시 달성군 논공읍
0,0,0,0,0,0,0,0,0,0,1,0,0,0,0,0,0,0,0,하차,9047,2021-01-01,달성군청건너,7111030100,1,대구광역시 달성군 논공읍
0,0,1,0,1,0,0,0,0,1,0,3,3,0,0,0,0,1,0,승차,9046,2021-01-01,달성군청앞,7111030200,10,대구광역시 달성군 논공읍
0,0,0,0,0,0,0,0,0,0,0,0,0,0,0,0,1,0,0,하차,9046,2021-01-01,달성군청앞,7111030200,1,대구광역시 달성군 논공읍
0,0,0,0,0,0,0,0,0,0,0,1,0,1,0,0,0,0,0,승차,2511,2021-01-01,달성기와건너,7111056600,2,대구광역시 달성군 논공읍
0,0,2,0,0,0,0,0,1,0,1,0,0,0,1,1,0,0,0,하차,2511,2021-01-01,달성기와건너,7111056600,6,대구광역시 달성군 논공읍
0,0,0,2,0,3,1,0,0,0,1,0,2,1,1,0,0,0,0,승차,2508,2021-01-01,달성기와앞,7111056500,11,대구광역시 달성군 논공읍
0,0,0,0,0,0,0,0,0,0,0,1,0,0,0,0,0,0,0,하차,2508,2021-01-01,달성기와앞,7111056500,1,대구광역시 달성군 논공읍
0,0,1,0,1,1,1,1,0,3,2,2,3,1,0,2,1,0,0,승차,5173,2021-01-01,달성보건너,7111027900,19,대구광역시 달성군 논공읍
0,0,0,0,0,0,0,0,0,0,0,0,3,0,0,0,0,0,0,하차,5173,2021-01-01,달성보건너,7111027900,3,대구광역시 달성군 논공읍
0,0,0,8,0,0,0,0,0,0,0,0,0,2,0,0,0,0,0,승차,2401,2021-01-01,달성보앞,7111006800,10,대구광역시 달성군 논공읍
0,0,1,0,0,0,0,0,1,0,0,0,0,0,0,0,0,0,0,승차,1844,2021-01-01,달성산업단지건너,7111008500,2,대구광역시 달성군 논공읍
0,0,0,0,0,0,0,0,0,0,0,0,0,0,1,0,0,0,0,하차,1844,2021-01-01,달성산업단지건너,7111008500,1,대구광역시 달성군 논공읍
0,0,0,0,1,1,0,1,0,0,0,0,0,0,0,0,0,0,0,승차,5035,2021-01-01,달성산업단지관리공단2,7111040900,3,대구광역시 달성군 논공읍
0,0,0,0,0,0,0,0,0,0,0,1,0,1,0,0,0,0,0,하차,1298,2021-01-01,달성소방서건너,7111024800,2,대구광역시 달성군 현풍면
1,0,0,0,0,0,1,0,0,0,0,0,0,0,0,0,1,0,0,승차,5089,2021-01-01,달성소방서앞,7111051600,3,대구광역시 달성군 현풍면
0,0,0,0,0,0,0,1,1,0,1,0,0,0,0,1,0,0,0,하차,5089,2021-01-01,달성소방서앞,7111051600,4,대구광역시 달성군 현풍면
0,0,0,0,0,0,0,1,0,0,0,0,0,0,0,0,0,0,0,승차,2924,2021-01-01,달성스포츠파크앞,7111063900,1,대구광역시 달성군 현풍면
0,0,0,0,0,0,0,0,0,0,0,1,0,0,0,0,0,0,0,승차,4196,2021-01-01,달성습지·대명유수지건너,7041063700,1,대구광역시 달서구 월성2동
0,1,0,2,0,1,1,0,1,0,0,0,1,1,2,0,0,0,0,하차,4196,2021-01-01,달성습지·대명유수지건너,7041063700,10,대구광역시 달서구 월성2동
0,0,0,0,0,0,0,0,0,0,0,0,1,0,0,0,0,0,0,승차,4197,2021-01-01,달성습지·대명유수지앞,7041063600,1,대구광역시 달서구 월성2동
0,0,0,0,0,2,0,0,0,1,0,0,1,0,1,1,0,0,0,하차,4197,2021-01-01,달성습지·대명유수지앞,7041063600,6,대구광역시 달서구 월성2동
0,0,0,0,0,0,0,0,0,1,0,0,0,0,0,0,0,0,0,하차,1820,2021-01-01,달성예비군훈련장건너,7111006100,1,대구광역시 달성군 논공읍
0,0,0,0,1,0,0,0,1,0,1,0,0,0,0,0,0,0,0,승차,5322,2021-01-01,달성예비군훈련장앞,7111006000,3,대구광역시 달성군 논공읍
0,0,0,0,1,0,0,0,0,1,1,0,0,0,1,0,0,0,0,하차,5090,2021-01-01,달성우체국건너,7111024200,4,대구광역시 달성군 현풍면
0,0,0,2,1,3,1,1,0,4,2,5,0,1,0,17,2,1,0,승차,1982,2021-01-01,달성우체국앞,7111054300,40,대구광역시 달성군 현풍면
0,0,0,0,0,0,0,1,0,0,0,0,0,0,0,0,0,0,0,하차,1982,2021-01-01,달성우체국앞,7111054300,1,대구광역시 달성군 현풍면
0,3,7,0,1,0,2,3,6,2,3,6,1,3,4,2,2,0,0,승차,1450,2021-01-01,달성중학교건너,7111004200,45,대구광역시 달성군 화원읍
0,2,1,0,0,0,0,3,2,1,0,0,0,0,3,1,0,0,0,하차,1450,2021-01-01,달성중학교건너,7111004200,13,대구광역시 달성군 화원읍
2,5,0,2,1,2,1,6,5,3,5,2,3,0,0,7,5,0,0,승차,9128,2021-01-01,달성중학교앞,7111004100,49,대구광역시 달성군 화원읍
0,1,1,3,5,7,15,9,7,19,9,5,2,3,2,2,1,1,0,하차,9128,2021-01-01,달성중학교앞,7111004100,92,대구광역시 달성군 화원읍
0,0,0,0,0,1,0,1,0,0,0,0,0,2,1,0,2,0,0,승차,133,2021-01-01,달성초등학교건너,7031013800,7,대구광역시 서구 원대동
0,0,0,0,0,0,0,0,0,0,0,0,0,2,0,0,0,0,0,하차,133,2021-01-01,달성초등학교건너,7031013800,2,대구광역시 서구 원대동
0,0,0,0,1,0,0,0,0,0,2,1,0,0,0,0,0,0,0,승차,132,2021-01-01,달성초등학교앞,7031013700,4,대구광역시 서구 원대동
0,0,0,0,0,0,0,0,0,0,0,0,0,1,0,0,0,0,0,하차,132,2021-01-01,달성초등학교앞,7031013700,1,대구광역시 서구 원대동
0,0,0,0,0,0,1,1,0,0,1,0,0,0,4,0,0,0,0,하차,1826,2021-01-01,달성취수장건너,7111023300,7,대구광역시 달성군 논공읍
0,1,0,0,0,0,0,0,0,0,2,0,0,0,0,0,0,0,0,하차,1847,2021-01-01,달성취수장앞,7111023400,3,대구광역시 달성군 논공읍
0,1,4,0,0,0,0,0,0,2,3,2,0,1,0,0,0,1,0,승차,5086,2021-01-01,달성화성파크드림앞,7111057600,14,대구광역시 달성군 구지면
0,0,0,1,0,0,0,0,0,2,2,1,0,3,0,1,0,1,0,하차,5086,2021-01-01,달성화성파크드림앞,7111057600,11,대구광역시 달성군 구지면
0,0,0,1,1,1,1,0,0,2,1,0,0,0,0,0,0,0,0,승차,5419,2021-01-01,담안마을2,7111047000,7,대구광역시 달성군 가창면
0,0,0,0,0,0,0,0,0,0,0,0,1,0,0,0,0,0,0,승차,1087,2021-01-01,담티고개1,7061024100,1,대구광역시 수성구 고산2동
0,0,0,0,2,0,2,0,0,0,0,0,0,0,2,0,0,0,0,하차,1087,2021-01-01,담티고개1,7061024100,6,대구광역시 수성구 고산2동
0,0,0,0,0,0,3,0,1,0,1,0,0,2,1,0,0,0,0,승차,1251,2021-01-01,담티고개2,7061024200,8,대구광역시 수성구 고산2동
0,0,0,0,0,2,0,0,0,0,4,0,0,1,0,2,1,0,0,하차,1251,2021-01-01,담티고개2,7061024200,10,대구광역시 수성구 고산2동
0,0,0,0,0,0,0,0,0,0,0,1,0,0,0,0,0,0,0,승차,1713,2021-01-01,당동마을건너,7011043300,1,대구광역시 동구 공산동
0,0,0,0,0,0,0,0,0,0,0,0,0,0,0,1,0,0,0,승차,9021,2021-01-01,당정마을입구건너,7011043000,1,대구광역시 동구 공산동
0,0,0,0,0,0,0,0,0,2,0,0,0,0,0,0,1,0,0,승차,4060,2021-01-01,대1리용흥지건너,7111048400,3,대구광역시 달성군 현풍면
0,0,1,0,0,0,0,0,0,0,0,0,0,0,0,0,0,0,0,하차,4060,2021-01-01,대1리용흥지건너,7111048400,1,대구광역시 달성군 현풍면
0,1,0,0,0,0,0,0,0,1,0,0,1,0,0,0,0,0,0,하차,2733,2021-01-01,대1리용흥지앞,7111059900,3,대구광역시 달성군 현풍면
0,3,4,1,2,3,1,3,3,5,4,6,2,2,0,3,1,1,0,승차,813,2021-01-01,대건고교-효성여고1,7041051700,44,대구광역시 달서구 본동
0,0,1,0,0,0,0,0,0,0,2,1,2,4,0,0,1,2,1,하차,813,2021-01-01,대건고교-효성여고1,7041051700,14,대구광역시 달서구 본동
2,0,1,1,0,0,1,3,2,1,1,4,2,0,1,0,1,0,2,승차,814,2021-01-01,대건고교-효성여고2,7041051500,22,대구광역시 달서구 본동
0,0,0,0,1,1,0,0,1,1,1,0,1,0,0,0,1,0,0,하차,814,2021-01-01,대건고교-효성여고2,7041051500,7,대구광역시 달서구 본동
9,9,16,17,18,20,25,25,21,22,27,18,19,16,8,9,4,4,0,승차,963,2021-01-01,대곡강산타운,7041038200,287,대구광역시 달서구 도원동
0,0,0,1,0,0,1,1,2,5,2,2,1,2,2,3,0,0,0,하차,963,2021-01-01,대곡강산타운,7041038200,22,대구광역시 달서구 도원동
1,5,4,2,4,4,6,4,6,5,6,0,6,2,3,4,4,0,0,승차,9133,2021-01-01,대곡강산타운건너,7041021200,66,대구광역시 달서구 도원동
0,0,0,1,2,0,2,2,0,1,0,0,1,1,2,0,3,0,1,하차,9133,2021-01-01,대곡강산타운건너,7041021200,16,대구광역시 달서구 도원동
1,1,0,1,2,1,1,2,0,1,4,3,0,2,0,0,0,0,0,승차,4080,2021-01-01,대곡고등학교건너,7041062700,19,대구광역시 달서구 도원동
1,1,1,2,3,1,1,2,0,2,3,5,0,0,0,0,1,0,0,하차,4080,2021-01-01,대곡고등학교건너,7041062700,23,대구광역시 달서구 도원동
0,0,0,0,1,0,0,0,0,0,1,0,0,0,0,0,0,0,0,승차,4079,2021-01-01,대곡고등학교앞,7041061400,2,대구광역시 달서구 도원동
0,0,0,0,0,0,0,0,1,0,0,1,1,0,0,0,0,0,0,하차,4079,2021-01-01,대곡고등학교앞,7041061400,3,대구광역시 달서구 도원동
0,0,0,0,1,2,1,0,6,6,0,1,1,0,2,1,3,1,0,승차,4091,2021-01-01,대곡공원건너,7041062000,25,대구광역시 달서구 도원동
0,0,1,0,2,1,0,0,0,1,0,0,0,2,1,1,1,1,0,하차,4091,2021-01-01,대곡공원건너,7041062000,11,대구광역시 달서구 도원동
0,1,0,0,0,0,5,0,0,0,1,5,0,0,0,3,0,0,0,승차,4092,2021-01-01,대곡공원앞,7041062100,15,대구광역시 달서구 진천동
0,0,0,0,0,0,0,0,0,0,0,0,1,0,0,0,0,0,0,하차,4092,2021-01-01,대곡공원앞,7041062100,1,대구광역시 달서구 진천동
1,1,2,1,2,3,7,14,10,3,14,7,6,4,4,2,4,1,0,승차,5341,2021-01-01,대곡사계절타운건너,7041021500,86,대구광역시 달서구 도원동
0,0,0,1,0,0,0,0,0,0,0,0,0,0,0,0,0,0,0,하차,5341,2021-01-01,대곡사계절타운건너,7041021500,1,대구광역시 달서구 도원동
1,0,0,2,4,4,1,2,3,6,1,9,2,5,2,1,4,1,0,승차,9134,2021-01-01,대곡사계절타운앞,7041021600,48,대구광역시 달서구 도원동
0,0,1,0,1,4,2,0,1,3,0,3,3,2,7,1,4,1,0,하차,9134,2021-01-01,대곡사계절타운앞,7041021600,33,대구광역시 달서구 도원동
2,4,3,3,10,6,9,7,6,13,8,8,10,8,8,11,25,8,1,승차,2269,2021-01-01,대곡역(1번출구),7111000100,150,대구광역시 달성군 화원읍
0,0,0,2,0,2,0,1,1,0,3,1,0,2,1,1,1,0,0,하차,2269,2021-01-01,대곡역(1번출구),7111000100,15,대구광역시 달성군 화원읍
1,8,3,2,6,4,11,6,5,15,16,14,8,5,11,2,6,1,0,승차,1706,2021-01-01,대곡역(2번출구),7111000200,124,대구광역시 달서구 진천동
0,0,2,3,5,4,4,4,7,4,8,3,3,2,0,0,1,2,0,하차,1706,2021-01-01,대곡역(2번출구),7111000200,52,대구광역시 달서구 진천동
1,12,11,27,20,18,37,15,43,33,75,47,38,49,48,55,61,43,7,승차,9230,2021-01-01,대곡역(한라하우젠트건너),7041033800,640,대구광역시 달서구 진천동
0,0,0,5,2,5,8,0,6,9,10,1,3,14,7,4,4,0,1,하차,9230,2021-01-01,대곡역(한라하우젠트건너),7041033800,79,대구광역시 달서구 진천동
0,0,1,4,3,2,9,2,5,6,7,2,10,5,4,4,7,2,0,승차,1708,2021-01-01,대곡역(한라하우젠트앞),7041033900,73,대구광역시 달서구 진천동
0,2,1,1,5,1,2,5,5,4,3,3,1,1,1,0,0,2,0,하차,1708,2021-01-01,대곡역(한라하우젠트앞),7041033900,37,대구광역시 달서구 진천동
0,2,5,3,3,2,5,5,2,4,7,5,4,4,3,1,1,0,0,승차,2341,2021-01-01,대곡역그린빌,7111021600,56,대구광역시 달성군 화원읍
0,3,4,3,5,3,4,2,10,4,8,5,8,6,2,4,0,2,0,하차,2341,2021-01-01,대곡역그린빌,7111021600,73,대구광역시 달성군 화원읍
1,2,6,4,0,7,2,3,1,6,2,4,3,4,2,1,2,0,0,승차,5228,2021-01-01,대곡주공1단지앞,7041021800,50,대구광역시 달서구 도원동
0,0,0,0,1,0,4,1,0,1,2,5,1,2,0,1,0,2,0,하차,5228,2021-01-01,대곡주공1단지앞,7041021800,20,대구광역시 달서구 도원동
1,2,7,10,7,5,14,25,11,11,13,12,11,7,6,2,7,5,0,승차,2260,2021-01-01,대곡주공2단지앞,7041021700,156,대구광역시 달서구 도원동
0,0,0,1,0,1,1,0,0,2,0,3,0,1,1,1,1,1,0,하차,2260,2021-01-01,대곡주공2단지앞,7041021700,13,대구광역시 달서구 도원동
0,1,0,3,0,0,1,2,2,5,0,2,1,1,0,1,0,0,0,승차,3863,2021-01-01,대곡주공5단지건너,7041059600,19,대구광역시 달서구 진천동
0,0,0,0,0,1,0,0,0,1,0,0,0,0,0,0,0,0,0,하차,3863,2021-01-01,대곡주공5단지건너,7041059600,2,대구광역시 달서구 진천동
0,0,0,0,0,0,1,0,1,0,0,1,0,0,0,1,1,1,0,하차,3862,2021-01-01,대곡주공5단지앞,7041059500,6,대구광역시 달서구 도원동
0,2,5,1,0,4,1,3,0,6,0,5,5,1,2,2,2,0,0,승차,9132,2021-01-01,대곡주공6단지앞,7041021100,39,대구광역시 달서구 도원동
0,0,0,0,0,0,0,0,0,0,0,0,1,1,0,1,0,3,0,하차,9132,2021-01-01,대곡주공6단지앞,7041021100,6,대구광역시 달서구 도원동
0,7,5,12,5,7,9,10,14,13,12,14,4,4,2,5,0,0,0,승차,2261,2021-01-01,대곡주공7단지앞,7041021000,123,대구광역시 달서구 도원동
0,0,0,0,0,1,0,1,1,1,0,0,1,2,1,1,1,0,0,하차,2261,2021-01-01,대곡주공7단지앞,7041021000,10,대구광역시 달서구 도원동
2,2,5,2,3,1,4,7,0,2,1,3,4,1,1,1,0,0,0,승차,957,2021-01-01,대곡주공8단지건너,7041020600,39,대구광역시 달서구 도원동
0,0,0,0,0,0,0,0,0,0,1,1,0,1,0,0,0,0,0,하차,957,2021-01-01,대곡주공8단지건너,7041020600,3,대구광역시 달서구 도원동
0,4,10,13,4,6,8,14,7,5,12,17,8,2,5,5,2,3,0,승차,9130,2021-01-01,대곡주공8단지앞,7041020700,125,대구광역시 달서구 도원동
0,0,2,0,0,1,0,0,0,0,0,2,2,0,0,0,0,0,0,하차,9130,2021-01-01,대곡주공8단지앞,7041020700,7,대구광역시 달서구 도원동
0,0,0,0,0,0,0,2,0,0,0,1,0,1,0,0,1,0,0,하차,969,2021-01-01,대곡중학교건너,7041021400,5,대구광역시 달서구 도원동
0,0,0,0,1,0,1,2,1,0,1,0,0,0,0,1,0,0,0,승차,958,2021-01-01,대곡중학교앞,7041021300,7,대구광역시 달서구 도원동
0,0,0,0,0,0,0,0,0,0,2,0,0,0,0,0,0,0,0,하차,4097,2021-01-01,대곡청구아파트건너,7041062800,2,대구광역시 달서구 진천동
0,0,0,0,1,1,0,0,0,0,1,0,1,0,2,0,0,0,0,하차,4089,2021-01-01,대곡파출소1,7041061900,6,대구광역시 달서구 진천동
0,0,0,0,0,0,0,0,0,0,0,0,0,0,1,0,0,0,0,승차,4090,2021-01-01,대곡파출소2,7041062200,1,대구광역시 달서구 진천동
0,0,0,0,0,0,0,0,1,0,0,0,0,0,0,0,0,0,0,하차,4090,2021-01-01,대곡파출소2,7041062200,1,대구광역시 달서구 진천동
0,0,1,2,1,0,3,1,2,3,2,1,6,1,7,2,4,2,3,승차,9154,2021-01-01,대공원역(1번출구),7061036300,41,대구광역시 수성구 고산2동
3,1,2,0,2,2,2,4,3,7,2,3,7,4,0,3,5,4,0,하차,9154,2021-01-01,대공원역(1번출구),7061036300,54,대구광역시 수성구 고산2동
0,1,2,6,2,1,2,4,5,9,6,5,6,6,4,6,2,3,0,승차,9153,2021-01-01,대공원역(5번출구),7061036400,70,대구광역시 수성구 고산2동
0,0,0,0,0,0,0,0,0,3,1,3,0,1,0,0,0,0,1,하차,9153,2021-01-01,대공원역(5번출구),7061036400,9,대구광역시 수성구 고산2동
0,11,17,10,13,9,4,9,17,7,15,26,10,17,14,5,3,15,0,승차,2558,2021-01-01,대구가톨릭대학병원건너,7051005800,202,대구광역시 남구 대명4동
0,2,1,2,0,1,2,1,3,2,3,2,0,2,1,1,0,0,0,하차,2558,2021-01-01,대구가톨릭대학병원건너,7051005800,23,대구광역시 남구 대명4동
1,6,11,8,7,9,9,12,17,20,17,11,12,15,10,12,10,14,1,승차,2559,2021-01-01,대구가톨릭대학병원앞,7051005900,202,대구광역시 남구 대명4동
1,0,0,3,3,0,0,2,4,2,3,1,2,0,1,0,3,4,0,하차,2559,2021-01-01,대구가톨릭대학병원앞,7051005900,29,대구광역시 남구 대명4동
0,0,0,0,0,0,0,0,0,0,0,0,1,0,0,0,1,0,0,승차,2986,2021-01-01,대구경북지방병무청,7011051600,2,대구광역시 동구 안심3.4동
0,0,1,1,0,0,1,0,1,0,0,2,0,1,0,1,1,0,0,하차,2986,2021-01-01,대구경북지방병무청,7011051600,9,대구광역시 동구 안심3.4동
0,0,0,0,0,0,0,0,0,0,0,0,0,0,0,2,0,0,0,승차,4179,2021-01-01,대구경북지방중소벤처기업청앞,7041063503,2,대구광역시 달서구 월성2동
0,0,3,0,3,3,2,0,0,2,2,2,4,0,3,0,3,1,0,승차,5099,2021-01-01,대구경찰청,7061021900,28,대구광역시 수성구 지산1동
0,0,0,0,0,1,0,0,1,2,0,0,0,1,1,0,0,0,0,하차,5099,2021-01-01,대구경찰청,7061021900,6,대구광역시 수성구 지산1동
0,0,1,0,0,0,1,0,0,0,0,0,0,0,0,0,0,0,0,승차,4111,2021-01-01,대구경찰청건너,7061059200,2,대구광역시 수성구 지산1동
0,0,1,0,1,0,1,0,2,3,0,0,1,0,1,4,2,0,0,하차,4111,2021-01-01,대구경찰청건너,7061059200,16,대구광역시 수성구 지산1동
2,6,7,5,13,10,13,20,14,21,21,29,20,19,6,9,14,6,0,승차,2204,2021-01-01,대구고등학교건너,7051008500,235,대구광역시 남구 대명5동
1,2,2,4,6,8,0,9,6,7,6,8,11,7,2,3,2,4,0,하차,2204,2021-01-01,대구고등학교건너,7051008500,88,대구광역시 남구 대명5동
1,1,2,3,6,8,7,4,9,10,6,6,9,10,1,3,5,5,0,승차,2223,2021-01-01,대구고등학교앞,7051008600,96,대구광역시 남구 대명5동
0,1,1,2,0,3,6,3,0,5,2,5,3,3,9,6,5,2,0,하차,2223,2021-01-01,대구고등학교앞,7051008600,56,대구광역시 남구 대명5동
2,1,3,3,7,2,1,6,11,3,4,4,4,4,2,1,2,1,0,승차,2013,2021-01-01,대구고용노동청건너,7061016300,61,대구광역시 수성구 범어1동
0,0,0,0,1,2,0,1,0,1,2,0,0,0,2,0,1,1,0,하차,2013,2021-01-01,대구고용노동청건너,7061016300,11,대구광역시 수성구 범어1동
0,1,0,3,2,1,0,2,2,5,0,4,1,6,2,4,3,1,0,승차,17,2021-01-01,대구고용노동청앞,7061016500,37,대구광역시 수성구 황금2동
0,0,0,0,0,0,0,0,0,4,0,0,1,0,0,0,0,1,0,하차,17,2021-01-01,대구고용노동청앞,7061016500,6,대구광역시 수성구 황금2동
0,6,3,9,9,7,4,11,8,10,6,11,17,9,3,1,3,5,1,승차,569,2021-01-01,대구공업대학1,7041009400,123,대구광역시 달서구 본동
1,1,0,1,1,1,1,1,1,3,0,0,2,0,2,0,4,3,0,하차,569,2021-01-01,대구공업대학1,7041009400,22,대구광역시 달서구 본동
0,2,0,1,1,2,2,1,4,7,7,3,4,1,2,4,5,3,0,승차,5105,2021-01-01,대구공업대학2,7041009500,49,대구광역시 달서구 본동
0,3,0,1,2,1,3,1,1,1,4,6,3,1,2,0,2,0,0,하차,5105,2021-01-01,대구공업대학2,7041009500,31,대구광역시 달서구 본동
0,3,3,3,2,3,2,5,3,3,3,6,4,2,2,1,1,1,0,승차,9115,2021-01-01,대구공업대학건너,7041016200,47,대구광역시 달서구 본동
