date,food_name,trend
2024-01-01,돼지고기 구이,0
2024-01-02,돼지고기 구이,0
2024-01-03,돼지고기 구이,0
2024-01-04,돼지고기 구이,0
2024-01-05,돼지고기 구이,0
2024-01-06,돼지고기 구이,0
2024-01-07,돼지고기 구이,0
2024-01-08,돼지고기 구이,0
2024-01-09,돼지고기 구이,0
2024-01-10,돼지고기 구이,0
2024-01-11,돼지고기 구이,0
2024-01-12,돼지고기 구이,0
2024-01-13,돼지고기 구이,0
2024-01-14,돼지고기 구이,0
2024-01-15,돼지고기 구이,0
2024-01-16,돼지고기 구이,0
2024-01-17,돼지고기 구이,0
2024-01-18,돼지고기 구이,0
2024-01-19,돼지고기 구이,0
2024-01-20,돼지고기 구이,0
2024-01-21,돼지고기 구이,0
2024-01-22,돼지고기 구이,0
2024-01-23,돼지고기 구이,0
2024-01-24,돼지고기 구이,0
2024-01-25,돼지고기 구이,0
2024-01-26,돼지고기 구이,0
2024-01-27,돼지고기 구이,0
2024-01-28,돼지고기 구이,0
2024-01-29,돼지고기 구이,0
2024-01-30,돼지고기 구이,0
2024-01-31,돼지고기 구이,0
2024-02-01,돼지고기 구이,0
2024-02-02,돼지고기 구이,0
2024-02-03,돼지고기 구이,0
2024-02-04,돼지고기 구이,0
2024-02-05,돼지고기 구이,0
2024-02-06,돼지고기 구이,0
2024-02-07,돼지고기 구이,0
2024-02-08,돼지고기 구이,0
2024-02-09,돼지고기 구이,0
2024-02-10,돼지고기 구이,0
2024-02-11,돼지고기 구이,0
2024-02-12,돼지고기 구이,0
2024-02-13,돼지고기 구이,0
2024-02-14,돼지고기 구이,0
2024-02-15,돼지고기 구이,0
2024-02-16,돼지고기 구이,0
2024-02-17,돼지고기 구이,0
2024-02-18,돼지고기 구이,0
2024-02-19,돼지고기 구이,0
2024-02-20,돼지고기 구이,0
2024-02-21,돼지고기 구이,0
2024-02-22,돼지고기 구이,0
2024-02-23,돼지고기 구이,0
2024-02-24,돼지고기 구이,0
2024-02-25,돼지고기 구이,0
2024-02-26,돼지고기 구이,0
2024-02-27,돼지고기 구이,0
2024-02-28,돼지고기 구이,0
2024-02-29,돼지고기 구이,0
2024-03-01,돼지고기 구이,0
2024-03-02,돼지고기 구이,0
2024-03-03,돼지고기 구이,0
2024-03-04,돼지고기 구이,0
2024-03-05,돼지고기 구이,0
2024-03-06,돼지고기 구이,0
2024-03-07,돼지고기 구이,0
2024-03-08,돼지고기 구이,0
2024-03-09,돼지고기 구이,0
2024-03-10,돼지고기 구이,0
2024-03-11,돼지고기 구이,0
2024-03-12,돼지고기 구이,0
2024-03-13,돼지고기 구이,0
2024-03-14,돼지고기 구이,0
2024-03-15,돼지고기 구이,0
2024-03-16,돼지고기 구이,0
2024-03-17,돼지고기 구이,0
2024-03-18,돼지고기 구이,0
2024-03-19,돼지고기 구이,0
2024-03-20,돼지고기 구이,0
2024-03-21,돼지고기 구이,0
2024-03-22,돼지고기 구이,0
2024-03-23,돼지고기 구이,0
2024-03-24,돼지고기 구이,0
2024-03-25,돼지고기 구이,0
2024-03-26,돼지고기 구이,0
2024-03-27,돼지고기 구이,0
2024-03-28,돼지고기 구이,0
2024-03-29,돼지고기 구이,0
2024-03-30,돼지고기 구이,0
2024-03-31,돼지고기 구이,0
2024-04-01,돼지고기 구이,0
2024-04-02,돼지고기 구이,0
2024-04-03,돼지고기 구이,0
2024-04-04,돼지고기 구이,0
2024-04-05,돼지고기 구이,0
2024-04-06,돼지고기 구이,0
2024-04-07,돼지고기 구이,0
2024-04-08,돼지고기 구이,0
2024-04-09,돼지고기 구이,0
2024-04-10,돼지고기 구이,0
2024-04-11,돼지고기 구이,0
2024-04-12,돼지고기 구이,0
2024-04-13,돼지고기 구이,0
2024-04-14,돼지고기 구이,0
2024-04-15,돼지고기 구이,0
2024-04-16,돼지고기 구이,0
2024-04-17,돼지고기 구이,0
2024-04-18,돼지고기 구이,0
2024-04-19,돼지고기 구이,0
2024-04-20,돼지고기 구이,0
2024-04-21,돼지고기 구이,0
2024-04-22,돼지고기 구이,0
2024-04-23,돼지고기 구이,0
2024-04-24,돼지고기 구이,0
2024-04-25,돼지고기 구이,0
2024-04-26,돼지고기 구이,0
2024-04-27,돼지고기 구이,0
2024-04-28,돼지고기 구이,0
2024-04-29,돼지고기 구이,0
2024-04-30,돼지고기 구이,0
2024-01-01,국수,39
2024-01-02,국수,29
2024-01-03,국수,37
2024-01-04,국수,34
2024-01-05,국수,31
2024-01-06,국수,40
2024-01-07,국수,39
2024-01-08,국수,30
2024-01-09,국수,26
2024-01-10,국수,35
2024-01-11,국수,29
2024-01-12,국수,29
2024-01-13,국수,42
2024-01-14,국수,33
2024-01-15,국수,26
2024-01-16,국수,34
2024-01-17,국수,28
2024-01-18,국수,28
2024-01-19,국수,31
2024-01-20,국수,38
2024-01-21,국수,36
2024-01-22,국수,33
2024-01-23,국수,31
2024-01-24,국수,23
2024-01-25,국수,24
2024-01-26,국수,21
2024-01-27,국수,47
2024-01-28,국수,37
2024-01-29,국수,34
2024-01-30,국수,31
2024-01-31,국수,30
2024-02-01,국수,30
2024-02-02,국수,28
2024-02-03,국수,28
2024-02-04,국수,35
2024-02-05,국수,32
2024-02-06,국수,31
2024-02-07,국수,30
2024-02-08,국수,34
2024-02-09,국수,31
2024-02-10,국수,27
2024-02-11,국수,27
2024-02-12,국수,40
2024-02-13,국수,24
2024-02-14,국수,27
2024-02-15,국수,28
2024-02-16,국수,29
2024-02-17,국수,31
2024-02-18,국수,31
2024-02-19,국수,25
2024-02-20,국수,27
2024-02-21,국수,33
2024-02-22,국수,29
2024-02-23,국수,31
2024-02-24,국수,33
2024-02-25,국수,25
2024-02-26,국수,26
2024-02-27,국수,28
2024-02-28,국수,29
2024-02-29,국수,31
2024-03-01,국수,37
2024-03-02,국수,46
2024-03-03,국수,40
2024-03-04,국수,27
2024-03-05,국수,40
2024-03-06,국수,30
2024-03-07,국수,24
2024-03-08,국수,31
2024-03-09,국수,37
2024-03-10,국수,38
2024-03-11,국수,26
2024-03-12,국수,30
2024-03-13,국수,30
2024-03-14,국수,28
2024-03-15,국수,35
2024-03-16,국수,40
2024-03-17,국수,35
2024-03-18,국수,38
2024-03-19,국수,24
2024-03-20,국수,34
2024-03-21,국수,28
2024-03-22,국수,36
2024-03-23,국수,32
2024-03-24,국수,38
2024-03-25,국수,33
2024-03-26,국수,27
2024-03-27,국수,26
2024-03-28,국수,31
2024-03-29,국수,30
2024-03-30,국수,38
2024-03-31,국수,38
2024-04-01,국수,33
2024-04-02,국수,34
2024-04-03,국수,28
2024-04-04,국수,32
2024-04-05,국수,33
2024-04-06,국수,35
2024-04-07,국수,42
2024-04-08,국수,26
2024-04-09,국수,30
2024-04-10,국수,33
2024-04-11,국수,28
2024-04-12,국수,35
2024-04-13,국수,33
2024-04-14,국수,42
2024-04-15,국수,29
2024-04-16,국수,36
2024-04-17,국수,34
2024-04-18,국수,32
2024-04-19,국수,38
2024-04-20,국수,37
2024-04-21,국수,36
2024-04-22,국수,33
2024-04-23,국수,40
2024-04-24,국수,28
2024-04-25,국수,32
2024-04-26,국수,38
2024-04-27,국수,37
2024-04-28,국수,44
2024-04-29,국수,38
2024-04-30,국수,31
2024-01-01,칼국수,44
2024-01-02,칼국수,30
2024-01-03,칼국수,40
2024-01-04,칼국수,45
2024-01-05,칼국수,55
2024-01-06,칼국수,80
2024-01-07,칼국수,76
2024-01-08,칼국수,64
2024-01-09,칼국수,41
2024-01-10,칼국수,40
2024-01-11,칼국수,48
2024-01-12,칼국수,47
2024-01-13,칼국수,52
2024-01-14,칼국수,55
2024-01-15,칼국수,41
2024-01-16,칼국수,100
2024-01-17,칼국수,69
2024-01-18,칼국수,41
2024-01-19,칼국수,41
2024-01-20,칼국수,38
2024-01-21,칼국수,82
2024-01-22,칼국수,50
2024-01-23,칼국수,44
2024-01-24,칼국수,34
2024-01-25,칼국수,32
2024-01-26,칼국수,34
2024-01-27,칼국수,47
2024-01-28,칼국수,39
2024-01-29,칼국수,34
2024-01-30,칼국수,31
2024-01-31,칼국수,29
2024-02-01,칼국수,36
2024-02-02,칼국수,19
2024-02-03,칼국수,37
2024-02-04,칼국수,38
2024-02-05,칼국수,29
2024-02-06,칼국수,26
2024-02-07,칼국수,28
2024-02-08,칼국수,41
2024-02-09,칼국수,39
2024-02-10,칼국수,32
2024-02-11,칼국수,49
2024-02-12,칼국수,47
2024-02-13,칼국수,37
2024-02-14,칼국수,26
2024-02-15,칼국수,33
2024-02-16,칼국수,34
2024-02-17,칼국수,31
2024-02-18,칼국수,30
2024-02-19,칼국수,32
2024-02-20,칼국수,26
2024-02-21,칼국수,32
2024-02-22,칼국수,34
2024-02-23,칼국수,28
2024-02-24,칼국수,37
2024-02-25,칼국수,32
2024-02-26,칼국수,27
2024-02-27,칼국수,36
2024-02-28,칼국수,37
2024-02-29,칼국수,33
2024-03-01,칼국수,33
2024-03-02,칼국수,35
2024-03-03,칼국수,39
2024-03-04,칼국수,24
2024-03-05,칼국수,26
2024-03-06,칼국수,31
2024-03-07,칼국수,22
2024-03-08,칼국수,24
2024-03-09,칼국수,33
2024-03-10,칼국수,38
2024-03-11,칼국수,28
2024-03-12,칼국수,30
2024-03-13,칼국수,23
2024-03-14,칼국수,31
2024-03-15,칼국수,33
2024-03-16,칼국수,39
2024-03-17,칼국수,48
2024-03-18,칼국수,28
2024-03-19,칼국수,31
2024-03-20,칼국수,32
2024-03-21,칼국수,28
2024-03-22,칼국수,36
2024-03-23,칼국수,37
2024-03-24,칼국수,40
2024-03-25,칼국수,28
2024-03-26,칼국수,30
2024-03-27,칼국수,33
2024-03-28,칼국수,32
2024-03-29,칼국수,26
2024-03-30,칼국수,39
2024-03-31,칼국수,39
2024-04-01,칼국수,23
2024-04-02,칼국수,38
2024-04-03,칼국수,33
2024-04-04,칼국수,28
2024-04-05,칼국수,30
2024-04-06,칼국수,49
2024-04-07,칼국수,26
2024-04-08,칼국수,32
2024-04-09,칼국수,27
2024-04-10,칼국수,31
2024-04-11,칼국수,38
2024-04-12,칼국수,32
2024-04-13,칼국수,27
2024-04-14,칼국수,30
2024-04-15,칼국수,39
2024-04-16,칼국수,25
2024-04-17,칼국수,24
2024-04-18,칼국수,29
2024-04-19,칼국수,32
2024-04-20,칼국수,38
2024-04-21,칼국수,27
2024-04-22,칼국수,24
2024-04-23,칼국수,34
2024-04-24,칼국수,30
2024-04-25,칼국수,32
2024-04-26,칼국수,34
2024-04-27,칼국수,34
2024-04-28,칼국수,30
2024-04-29,칼국수,32
2024-04-30,칼국수,37
2024-01-01,수제비,0
2024-01-02,수제비,9
2024-01-03,수제비,7
2024-01-04,수제비,7
2024-01-05,수제비,0
2024-01-06,수제비,0
2024-01-07,수제비,0
2024-01-08,수제비,0
2024-01-09,수제비,7
2024-01-10,수제비,6
2024-01-11,수제비,9
2024-01-12,수제비,0
2024-01-13,수제비,0
2024-01-14,수제비,0
2024-01-15,수제비,0
2024-01-16,수제비,6
2024-01-17,수제비,0
2024-01-18,수제비,0
2024-01-19,수제비,6
2024-01-20,수제비,0
2024-01-21,수제비,8
2024-01-22,수제비,8
2024-01-23,수제비,7
2024-01-24,수제비,8
2024-01-25,수제비,11
2024-01-26,수제비,9
2024-01-27,수제비,9
2024-01-28,수제비,8
2024-01-29,수제비,6
2024-01-30,수제비,0
2024-01-31,수제비,0
2024-02-01,수제비,0
2024-02-02,수제비,0
2024-02-03,수제비,8
2024-02-04,수제비,8
2024-02-05,수제비,0
2024-02-06,수제비,6
2024-02-07,수제비,8
2024-02-08,수제비,0
2024-02-09,수제비,11
2024-02-10,수제비,0
2024-02-11,수제비,0
2024-02-12,수제비,0
2024-02-13,수제비,0
2024-02-14,수제비,0
2024-02-15,수제비,0
2024-02-16,수제비,8
2024-02-17,수제비,0
2024-02-18,수제비,7
2024-02-19,수제비,0
2024-02-20,수제비,6
2024-02-21,수제비,6
2024-02-22,수제비,8
2024-02-23,수제비,6
2024-02-24,수제비,8
2024-02-25,수제비,0
2024-02-26,수제비,7
2024-02-27,수제비,0
2024-02-28,수제비,0
2024-02-29,수제비,0
2024-03-01,수제비,8
2024-03-02,수제비,0
2024-03-03,수제비,0
2024-03-04,수제비,7
2024-03-05,수제비,10
2024-03-06,수제비,9
2024-03-07,수제비,6
2024-03-08,수제비,0
2024-03-09,수제비,0
2024-03-10,수제비,8
2024-03-11,수제비,0
2024-03-12,수제비,0
2024-03-13,수제비,0
2024-03-14,수제비,0
2024-03-15,수제비,0
2024-03-16,수제비,0
2024-03-17,수제비,8
2024-03-18,수제비,0
2024-03-19,수제비,0
2024-03-20,수제비,6
2024-03-21,수제비,0
2024-03-22,수제비,0
2024-03-23,수제비,10
2024-03-24,수제비,0
2024-03-25,수제비,7
2024-03-26,수제비,7
2024-03-27,수제비,7
2024-03-28,수제비,0
2024-03-29,수제비,0
2024-03-30,수제비,0
2024-03-31,수제비,9
2024-04-01,수제비,0
2024-04-02,수제비,8
2024-04-03,수제비,10
2024-04-04,수제비,0
2024-04-05,수제비,6
2024-04-06,수제비,14
2024-04-07,수제비,0
2024-04-08,수제비,11
2024-04-09,수제비,6
2024-04-10,수제비,8
2024-04-11,수제비,0
2024-04-12,수제비,6
2024-04-13,수제비,0
2024-04-14,수제비,0
2024-04-15,수제비,9
2024-04-16,수제비,7
2024-04-17,수제비,8
2024-04-18,수제비,10
2024-04-19,수제비,0
2024-04-20,수제비,0
2024-04-21,수제비,0
2024-04-22,수제비,6
2024-04-23,수제비,0
2024-04-24,수제비,7
2024-04-25,수제비,0
2024-04-26,수제비,0
2024-04-27,수제비,11
2024-04-28,수제비,0
2024-04-29,수제비,0
2024-04-30,수제비,0
2024-01-01,소고기,50
2024-01-02,소고기,33
2024-01-03,소고기,31
2024-01-04,소고기,34
2024-01-05,소고기,39
2024-01-06,소고기,42
2024-01-07,소고기,36
2024-01-08,소고기,34
2024-01-09,소고기,45
2024-01-10,소고기,39
2024-01-11,소고기,34
2024-01-12,소고기,39
2024-01-13,소고기,40
2024-01-14,소고기,38
2024-01-15,소고기,46
2024-01-16,소고기,41
2024-01-17,소고기,35
2024-01-18,소고기,41
2024-01-19,소고기,36
2024-01-20,소고기,34
2024-01-21,소고기,44
2024-01-22,소고기,36
2024-01-23,소고기,39
2024-01-24,소고기,39
2024-01-25,소고기,31
2024-01-26,소고기,35
2024-01-27,소고기,47
2024-01-28,소고기,33
2024-01-29,소고기,39
2024-01-30,소고기,41
2024-01-31,소고기,39
2024-02-01,소고기,43
2024-02-02,소고기,37
2024-02-03,소고기,50
2024-02-04,소고기,54
2024-02-05,소고기,40
2024-02-06,소고기,44
2024-02-07,소고기,44
2024-02-08,소고기,49
2024-02-09,소고기,70
2024-02-10,소고기,52
2024-02-11,소고기,56
2024-02-12,소고기,50
2024-02-13,소고기,33
2024-02-14,소고기,33
2024-02-15,소고기,36
2024-02-16,소고기,34
2024-02-17,소고기,35
2024-02-18,소고기,34
2024-02-19,소고기,37
2024-02-20,소고기,36
2024-02-21,소고기,35
2024-02-22,소고기,32
2024-02-23,소고기,43
2024-02-24,소고기,41
2024-02-25,소고기,38
2024-02-26,소고기,34
2024-02-27,소고기,32
2024-02-28,소고기,34
2024-02-29,소고기,28
2024-03-01,소고기,45
2024-03-02,소고기,40
2024-03-03,소고기,35
2024-03-04,소고기,25
2024-03-05,소고기,32
2024-03-06,소고기,31
2024-03-07,소고기,40
2024-03-08,소고기,39
2024-03-09,소고기,45
2024-03-10,소고기,40
2024-03-11,소고기,30
2024-03-12,소고기,38
2024-03-13,소고기,38
2024-03-14,소고기,31
2024-03-15,소고기,37
2024-03-16,소고기,42
2024-03-17,소고기,38
2024-03-18,소고기,36
2024-03-19,소고기,42
2024-03-20,소고기,40
2024-03-21,소고기,31
2024-03-22,소고기,34
2024-03-23,소고기,37
2024-03-24,소고기,33
2024-03-25,소고기,35
2024-03-26,소고기,31
2024-03-27,소고기,36
2024-03-28,소고기,32
2024-03-29,소고기,30
2024-03-30,소고기,44
2024-03-31,소고기,34
2024-04-01,소고기,33
2024-04-02,소고기,25
2024-04-03,소고기,38
2024-04-04,소고기,30
2024-04-05,소고기,39
2024-04-06,소고기,42
2024-04-07,소고기,37
2024-04-08,소고기,46
2024-04-09,소고기,28
2024-04-10,소고기,33
2024-04-11,소고기,34
2024-04-12,소고기,37
2024-04-13,소고기,30
2024-04-14,소고기,26
2024-04-15,소고기,32
2024-04-16,소고기,33
2024-04-17,소고기,34
2024-04-18,소고기,38
2024-04-19,소고기,39
2024-04-20,소고기,53
2024-04-21,소고기,31
2024-04-22,소고기,39
2024-04-23,소고기,36
2024-04-24,소고기,33
2024-04-25,소고기,30
2024-04-26,소고기,35
2024-04-27,소고기,40
2024-04-28,소고기,34
2024-04-29,소고기,42
2024-04-30,소고기,36
2024-01-01,된장찌개,29
2024-01-02,된장찌개,34
2024-01-03,된장찌개,36
2024-01-04,된장찌개,41
2024-01-05,된장찌개,28
2024-01-06,된장찌개,46
2024-01-07,된장찌개,34
2024-01-08,된장찌개,31
2024-01-09,된장찌개,19
2024-01-10,된장찌개,43
2024-01-11,된장찌개,19
2024-01-12,된장찌개,27
2024-01-13,된장찌개,31
2024-01-14,된장찌개,36
2024-01-15,된장찌개,28
2024-01-16,된장찌개,22
2024-01-17,된장찌개,21
2024-01-18,된장찌개,21
2024-01-19,된장찌개,30
2024-01-20,된장찌개,0
2024-01-21,된장찌개,23
2024-01-22,된장찌개,23
2024-01-23,된장찌개,33
2024-01-24,된장찌개,29
2024-01-25,된장찌개,29
2024-01-26,된장찌개,28
2024-01-27,된장찌개,0
2024-01-28,된장찌개,33
2024-01-29,된장찌개,25
2024-01-30,된장찌개,18
2024-01-31,된장찌개,23
2024-02-01,된장찌개,35
2024-02-02,된장찌개,23
2024-02-03,된장찌개,29
2024-02-04,된장찌개,36
2024-02-05,된장찌개,20
2024-02-06,된장찌개,23
2024-02-07,된장찌개,35
2024-02-08,된장찌개,24
2024-02-09,된장찌개,0
2024-02-10,된장찌개,27
2024-02-11,된장찌개,35
2024-02-12,된장찌개,28
2024-02-13,된장찌개,0
2024-02-14,된장찌개,24
2024-02-15,된장찌개,0
2024-02-16,된장찌개,19
2024-02-17,된장찌개,27
2024-02-18,된장찌개,31
2024-02-19,된장찌개,23
2024-02-20,된장찌개,36
2024-02-21,된장찌개,29
2024-02-22,된장찌개,0
2024-02-23,된장찌개,0
2024-02-24,된장찌개,25
2024-02-25,된장찌개,23
2024-02-26,된장찌개,20
2024-02-27,된장찌개,0
2024-02-28,된장찌개,31
2024-02-29,된장찌개,32
2024-03-01,된장찌개,53
2024-03-02,된장찌개,30
2024-03-03,된장찌개,30
2024-03-04,된장찌개,26
2024-03-05,된장찌개,28
2024-03-06,된장찌개,23
2024-03-07,된장찌개,19
2024-03-08,된장찌개,0
2024-03-09,된장찌개,25
2024-03-10,된장찌개,35
2024-03-11,된장찌개,23
2024-03-12,된장찌개,32
2024-03-13,된장찌개,0
2024-03-14,된장찌개,23
2024-03-15,된장찌개,50
2024-03-16,된장찌개,27
2024-03-17,된장찌개,27
2024-03-18,된장찌개,0
2024-03-19,된장찌개,26
2024-03-20,된장찌개,37
2024-03-21,된장찌개,0
2024-03-22,된장찌개,26
2024-03-23,된장찌개,26
2024-03-24,된장찌개,29
2024-03-25,된장찌개,27
2024-03-26,된장찌개,20
2024-03-27,된장찌개,28
2024-03-28,된장찌개,33
2024-03-29,된장찌개,34
2024-03-30,된장찌개,0
2024-03-31,된장찌개,38
2024-04-01,된장찌개,24
2024-04-02,된장찌개,29
2024-04-03,된장찌개,24
2024-04-04,된장찌개,21
2024-04-05,된장찌개,0
2024-04-06,된장찌개,38
2024-04-07,된장찌개,26
2024-04-08,된장찌개,31
2024-04-09,된장찌개,27
2024-04-10,된장찌개,33
2024-04-11,된장찌개,0
2024-04-12,된장찌개,0
2024-04-13,된장찌개,0
2024-04-14,된장찌개,0
2024-04-15,된장찌개,19
2024-04-16,된장찌개,31
2024-04-17,된장찌개,22
2024-04-18,된장찌개,0
2024-04-19,된장찌개,34
2024-04-20,된장찌개,27
2024-04-21,된장찌개,32
2024-04-22,된장찌개,24
2024-04-23,된장찌개,45
2024-04-24,된장찌개,0
2024-04-25,된장찌개,21
2024-04-26,된장찌개,0
2024-04-27,된장찌개,28
2024-04-28,된장찌개,23
2024-04-29,된장찌개,40
2024-04-30,된장찌개,23
2024-01-01,청국장,0
2024-01-02,청국장,42
2024-01-03,청국장,44
2024-01-04,청국장,32
2024-01-05,청국장,23
2024-01-06,청국장,35
2024-01-07,청국장,26
2024-01-08,청국장,23
2024-01-09,청국장,36
2024-01-10,청국장,24
2024-01-11,청국장,28
2024-01-12,청국장,22
2024-01-13,청국장,29
2024-01-14,청국장,29
2024-01-15,청국장,18
2024-01-16,청국장,20
2024-01-17,청국장,30
2024-01-18,청국장,27
2024-01-19,청국장,0
2024-01-20,청국장,22
2024-01-21,청국장,0
2024-01-22,청국장,24
2024-01-23,청국장,21
2024-01-24,청국장,22
2024-01-25,청국장,23
2024-01-26,청국장,40
2024-01-27,청국장,25
2024-01-28,청국장,28
2024-01-29,청국장,31
2024-01-30,청국장,19
2024-01-31,청국장,22
2024-02-01,청국장,27
2024-02-02,청국장,0
2024-02-03,청국장,29
2024-02-04,청국장,30
2024-02-05,청국장,28
2024-02-06,청국장,18
2024-02-07,청국장,20
2024-02-08,청국장,0
2024-02-09,청국장,0
2024-02-10,청국장,0
2024-02-11,청국장,0
2024-02-12,청국장,22
2024-02-13,청국장,22
2024-02-14,청국장,20
2024-02-15,청국장,21
2024-02-16,청국장,25
2024-02-17,청국장,0
2024-02-18,청국장,21
2024-02-19,청국장,27
2024-02-20,청국장,22
2024-02-21,청국장,24
2024-02-22,청국장,0
2024-02-23,청국장,0
2024-02-24,청국장,21
2024-02-25,청국장,27
2024-02-26,청국장,30
2024-02-27,청국장,0
2024-02-28,청국장,28
2024-02-29,청국장,0
2024-03-01,청국장,0
2024-03-02,청국장,0
2024-03-03,청국장,26
2024-03-04,청국장,0
2024-03-05,청국장,0
2024-03-06,청국장,0
2024-03-07,청국장,32
2024-03-08,청국장,22
2024-03-09,청국장,0
2024-03-10,청국장,27
2024-03-11,청국장,21
2024-03-12,청국장,0
2024-03-13,청국장,0
2024-03-14,청국장,0
2024-03-15,청국장,23
2024-03-16,청국장,0
2024-03-17,청국장,0
2024-03-18,청국장,23
2024-03-19,청국장,0
2024-03-20,청국장,26
2024-03-21,청국장,33
2024-03-22,청국장,0
2024-03-23,청국장,0
2024-03-24,청국장,31
2024-03-25,청국장,0
2024-03-26,청국장,27
2024-03-27,청국장,0
2024-03-28,청국장,19
2024-03-29,청국장,33
2024-03-30,청국장,0
2024-03-31,청국장,38
2024-04-01,청국장,25
2024-04-02,청국장,22
2024-04-03,청국장,24
2024-04-04,청국장,18
2024-04-05,청국장,0
2024-04-06,청국장,0
2024-04-07,청국장,27
2024-04-08,청국장,24
2024-04-09,청국장,21
2024-04-10,청국장,0
2024-04-11,청국장,0
2024-04-12,청국장,0
2024-04-13,청국장,25
2024-04-14,청국장,22
2024-04-15,청국장,0
2024-04-16,청국장,18
2024-04-17,청국장,0
2024-04-18,청국장,22
2024-04-19,청국장,23
2024-04-20,청국장,0
2024-04-21,청국장,0
2024-04-22,청국장,0
2024-04-23,청국장,18
2024-04-24,청국장,0
2024-04-25,청국장,20
2024-04-26,청국장,0
2024-04-27,청국장,23
2024-04-28,청국장,0
2024-04-29,청국장,26
2024-04-30,청국장,0
2024-01-01,곱창,57
2024-01-02,곱창,57
2024-01-03,곱창,59
2024-01-04,곱창,81
2024-01-05,곱창,76
2024-01-06,곱창,82
2024-01-07,곱창,96
2024-01-08,곱창,61
2024-01-09,곱창,80
2024-01-10,곱창,87
2024-01-11,곱창,83
2024-01-12,곱창,60
2024-01-13,곱창,83
2024-01-14,곱창,63
2024-01-15,곱창,59
2024-01-16,곱창,59
2024-01-17,곱창,82
2024-01-18,곱창,74
2024-01-19,곱창,78
2024-01-20,곱창,68
2024-01-21,곱창,69
2024-01-22,곱창,70
2024-01-23,곱창,75
2024-01-24,곱창,83
2024-01-25,곱창,90
2024-01-26,곱창,74
2024-01-27,곱창,80
2024-01-28,곱창,78
2024-01-29,곱창,61
2024-01-30,곱창,88
2024-01-31,곱창,71
2024-02-01,곱창,65
2024-02-02,곱창,68
2024-02-03,곱창,83
2024-02-04,곱창,75
2024-02-05,곱창,67
2024-02-06,곱창,74
2024-02-07,곱창,78
2024-02-08,곱창,93
2024-02-09,곱창,80
2024-02-10,곱창,79
2024-02-11,곱창,67
2024-02-12,곱창,80
2024-02-13,곱창,54
2024-02-14,곱창,63
2024-02-15,곱창,69
2024-02-16,곱창,64
2024-02-17,곱창,81
2024-02-18,곱창,73
2024-02-19,곱창,62
2024-02-20,곱창,67
2024-02-21,곱창,62
2024-02-22,곱창,81
2024-02-23,곱창,66
2024-02-24,곱창,83
2024-02-25,곱창,77
2024-02-26,곱창,55
2024-02-27,곱창,71
2024-02-28,곱창,75
2024-02-29,곱창,69
2024-03-01,곱창,92
2024-03-02,곱창,76
2024-03-03,곱창,90
2024-03-04,곱창,48
2024-03-05,곱창,69
2024-03-06,곱창,78
2024-03-07,곱창,66
2024-03-08,곱창,85
2024-03-09,곱창,80
2024-03-10,곱창,61
2024-03-11,곱창,74
2024-03-12,곱창,69
2024-03-13,곱창,67
2024-03-14,곱창,97
2024-03-15,곱창,93
2024-03-16,곱창,83
2024-03-17,곱창,42
2024-03-18,곱창,61
2024-03-19,곱창,50
2024-03-20,곱창,58
2024-03-21,곱창,68
2024-03-22,곱창,80
2024-03-23,곱창,70
2024-03-24,곱창,67
2024-03-25,곱창,83
2024-03-26,곱창,54
2024-03-27,곱창,66
2024-03-28,곱창,67
2024-03-29,곱창,73
2024-03-30,곱창,100
2024-03-31,곱창,69
2024-04-01,곱창,48
2024-04-02,곱창,67
2024-04-03,곱창,53
2024-04-04,곱창,64
2024-04-05,곱창,90
2024-04-06,곱창,70
2024-04-07,곱창,51
2024-04-08,곱창,55
2024-04-09,곱창,78
2024-04-10,곱창,67
2024-04-11,곱창,62
2024-04-12,곱창,73
2024-04-13,곱창,94
2024-04-14,곱창,47
2024-04-15,곱창,66
2024-04-16,곱창,63
2024-04-17,곱창,55
2024-04-18,곱창,74
2024-04-19,곱창,56
2024-04-20,곱창,54
2024-04-21,곱창,56
2024-04-22,곱창,61
2024-04-23,곱창,58
2024-04-24,곱창,54
2024-04-25,곱창,84
2024-04-26,곱창,78
2024-04-27,곱창,66
2024-04-28,곱창,63
2024-04-29,곱창,62
2024-04-30,곱창,76
2024-01-01,막창,25
2024-01-02,막창,33
2024-01-03,막창,34
2024-01-04,막창,20
2024-01-05,막창,35
2024-01-06,막창,0
2024-01-07,막창,23
2024-01-08,막창,22
2024-01-09,막창,26
2024-01-10,막창,26
2024-01-11,막창,25
2024-01-12,막창,33
2024-01-13,막창,42
2024-01-14,막창,28
2024-01-15,막창,0
2024-01-16,막창,31
2024-01-17,막창,28
2024-01-18,막창,26
2024-01-19,막창,20
2024-01-20,막창,28
2024-01-21,막창,25
2024-01-22,막창,24
2024-01-23,막창,0
2024-01-24,막창,25
2024-01-25,막창,30
2024-01-26,막창,26
2024-01-27,막창,27
2024-01-28,막창,0
2024-01-29,막창,19
2024-01-30,막창,24
2024-01-31,막창,19
2024-02-01,막창,21
2024-02-02,막창,0
2024-02-03,막창,33
2024-02-04,막창,31
2024-02-05,막창,0
2024-02-06,막창,28
2024-02-07,막창,25
2024-02-08,막창,37
2024-02-09,막창,29
2024-02-10,막창,26
2024-02-11,막창,40
2024-02-12,막창,0
2024-02-13,막창,22
2024-02-14,막창,29
2024-02-15,막창,0
2024-02-16,막창,21
2024-02-17,막창,32
2024-02-18,막창,24
2024-02-19,막창,19
2024-02-20,막창,31
2024-02-21,막창,23
2024-02-22,막창,0
2024-02-23,막창,0
2024-02-24,막창,24
2024-02-25,막창,0
2024-02-26,막창,27
2024-02-27,막창,19
2024-02-28,막창,18
2024-02-29,막창,28
2024-03-01,막창,0
2024-03-02,막창,26
2024-03-03,막창,0
2024-03-04,막창,27
2024-03-05,막창,19
2024-03-06,막창,24
2024-03-07,막창,0
2024-03-08,막창,31
2024-03-09,막창,0
2024-03-10,막창,0
2024-03-11,막창,0
2024-03-12,막창,0
2024-03-13,막창,21
2024-03-14,막창,30
2024-03-15,막창,33
2024-03-16,막창,30
2024-03-17,막창,23
2024-03-18,막창,0
2024-03-19,막창,0
2024-03-20,막창,0
2024-03-21,막창,22
2024-03-22,막창,27
2024-03-23,막창,24
2024-03-24,막창,0
2024-03-25,막창,18
2024-03-26,막창,20
2024-03-27,막창,0
2024-03-28,막창,0
2024-03-29,막창,0
2024-03-30,막창,45
2024-03-31,막창,36
2024-04-01,막창,0
2024-04-02,막창,0
2024-04-03,막창,20
2024-04-04,막창,20
2024-04-05,막창,21
2024-04-06,막창,0
2024-04-07,막창,27
2024-04-08,막창,0
2024-04-09,막창,28
2024-04-10,막창,20
2024-04-11,막창,26
2024-04-12,막창,45
2024-04-13,막창,27
2024-04-14,막창,0
2024-04-15,막창,32
2024-04-16,막창,30
2024-04-17,막창,23
2024-04-18,막창,25
2024-04-19,막창,34
2024-04-20,막창,23
2024-04-21,막창,37
2024-04-22,막창,0
2024-04-23,막창,0
2024-04-24,막창,31
2024-04-25,막창,23
2024-04-26,막창,0
2024-04-27,막창,28
2024-04-28,막창,31
2024-04-29,막창,25
2024-04-30,막창,0
2024-01-01,내장부위,0
2024-01-02,내장부위,0
2024-01-03,내장부위,0
2024-01-04,내장부위,0
2024-01-05,내장부위,0
2024-01-06,내장부위,0
2024-01-07,내장부위,0
2024-01-08,내장부위,0
2024-01-09,내장부위,0
2024-01-10,내장부위,0
2024-01-11,내장부위,0
2024-01-12,내장부위,0
2024-01-13,내장부위,0
2024-01-14,내장부위,0
2024-01-15,내장부위,0
2024-01-16,내장부위,0
2024-01-17,내장부위,0
2024-01-18,내장부위,0
2024-01-19,내장부위,0
2024-01-20,내장부위,0
2024-01-21,내장부위,0
2024-01-22,내장부위,0
2024-01-23,내장부위,0
2024-01-24,내장부위,0
2024-01-25,내장부위,0
2024-01-26,내장부위,0
2024-01-27,내장부위,0
2024-01-28,내장부위,0
2024-01-29,내장부위,0
2024-01-30,내장부위,0
2024-01-31,내장부위,0
2024-02-01,내장부위,0
2024-02-02,내장부위,0
2024-02-03,내장부위,0
2024-02-04,내장부위,0
2024-02-05,내장부위,0
2024-02-06,내장부위,0
2024-02-07,내장부위,0
2024-02-08,내장부위,0
2024-02-09,내장부위,0
2024-02-10,내장부위,0
2024-02-11,내장부위,0
2024-02-12,내장부위,0
2024-02-13,내장부위,0
2024-02-14,내장부위,0
2024-02-15,내장부위,0
2024-02-16,내장부위,0
2024-02-17,내장부위,0
2024-02-18,내장부위,0
2024-02-19,내장부위,0
2024-02-20,내장부위,0
2024-02-21,내장부위,0
2024-02-22,내장부위,0
2024-02-23,내장부위,0
2024-02-24,내장부위,0
2024-02-25,내장부위,0
2024-02-26,내장부위,0
2024-02-27,내장부위,0
2024-02-28,내장부위,0
2024-02-29,내장부위,0
2024-03-01,내장부위,0
2024-03-02,내장부위,0
2024-03-03,내장부위,0
2024-03-04,내장부위,0
2024-03-05,내장부위,0
2024-03-06,내장부위,0
2024-03-07,내장부위,0
2024-03-08,내장부위,0
2024-03-09,내장부위,0
2024-03-10,내장부위,0
2024-03-11,내장부위,0
2024-03-12,내장부위,0
2024-03-13,내장부위,0
2024-03-14,내장부위,0
2024-03-15,내장부위,0
2024-03-16,내장부위,0
2024-03-17,내장부위,0
2024-03-18,내장부위,0
2024-03-19,내장부위,0
2024-03-20,내장부위,0
2024-03-21,내장부위,0
2024-03-22,내장부위,0
2024-03-23,내장부위,0
2024-03-24,내장부위,0
2024-03-25,내장부위,0
2024-03-26,내장부위,0
2024-03-27,내장부위,0
2024-03-28,내장부위,0
2024-03-29,내장부위,0
2024-03-30,내장부위,0
2024-03-31,내장부위,0
2024-04-01,내장부위,0
2024-04-02,내장부위,0
2024-04-03,내장부위,0
2024-04-04,내장부위,0
2024-04-05,내장부위,0
2024-04-06,내장부위,0
2024-04-07,내장부위,0
2024-04-08,내장부위,0
2024-04-09,내장부위,0
2024-04-10,내장부위,0
2024-04-11,내장부위,0
2024-04-12,내장부위,0
2024-04-13,내장부위,0
2024-04-14,내장부위,0
2024-04-15,내장부위,0
2024-04-16,내장부위,0
2024-04-17,내장부위,0
2024-04-18,내장부위,0
2024-04-19,내장부위,0
2024-04-20,내장부위,0
2024-04-21,내장부위,0
2024-04-22,내장부위,0
2024-04-23,내장부위,0
2024-04-24,내장부위,0
2024-04-25,내장부위,0
2024-04-26,내장부위,0
2024-04-27,내장부위,0
2024-04-28,내장부위,0
2024-04-29,내장부위,0
2024-04-30,내장부위,0
2024-01-01,계란찜,0
2024-01-02,계란찜,4
2024-01-03,계란찜,4
2024-01-04,계란찜,5
2024-01-05,계란찜,8
2024-01-06,계란찜,8
2024-01-07,계란찜,6
2024-01-08,계란찜,4
2024-01-09,계란찜,3
2024-01-10,계란찜,0
2024-01-11,계란찜,5
2024-01-12,계란찜,3
2024-01-13,계란찜,0
2024-01-14,계란찜,8
2024-01-15,계란찜,4
2024-01-16,계란찜,5
2024-01-17,계란찜,6
2024-01-18,계란찜,4
2024-01-19,계란찜,4
2024-01-20,계란찜,5
2024-01-21,계란찜,6
2024-01-22,계란찜,11
2024-01-23,계란찜,6
2024-01-24,계란찜,0
2024-01-25,계란찜,6
2024-01-26,계란찜,5
2024-01-27,계란찜,6
2024-01-28,계란찜,7
2024-01-29,계란찜,4
2024-01-30,계란찜,4
2024-01-31,계란찜,4
2024-02-01,계란찜,4
2024-02-02,계란찜,0
2024-02-03,계란찜,6
2024-02-04,계란찜,6
2024-02-05,계란찜,3
2024-02-06,계란찜,6
2024-02-07,계란찜,5
2024-02-08,계란찜,7
2024-02-09,계란찜,0
2024-02-10,계란찜,4
2024-02-11,계란찜,5
2024-02-12,계란찜,4
2024-02-13,계란찜,0
2024-02-14,계란찜,0
2024-02-15,계란찜,3
2024-02-16,계란찜,4
2024-02-17,계란찜,5
2024-02-18,계란찜,6
2024-02-19,계란찜,6
2024-02-20,계란찜,4
2024-02-21,계란찜,5
2024-02-22,계란찜,6
2024-02-23,계란찜,6
2024-02-24,계란찜,5
2024-02-25,계란찜,5
2024-02-26,계란찜,3
2024-02-27,계란찜,0
2024-02-28,계란찜,4
2024-02-29,계란찜,4
2024-03-01,계란찜,0
2024-03-02,계란찜,0
2024-03-03,계란찜,6
2024-03-04,계란찜,4
2024-03-05,계란찜,6
2024-03-06,계란찜,6
2024-03-07,계란찜,5
2024-03-08,계란찜,0
2024-03-09,계란찜,0
2024-03-10,계란찜,5
2024-03-11,계란찜,5
2024-03-12,계란찜,0
2024-03-13,계란찜,4
2024-03-14,계란찜,0
2024-03-15,계란찜,4
2024-03-16,계란찜,0
2024-03-17,계란찜,5
2024-03-18,계란찜,3
2024-03-19,계란찜,0
2024-03-20,계란찜,7
2024-03-21,계란찜,0
2024-03-22,계란찜,5
2024-03-23,계란찜,4
2024-03-24,계란찜,4
2024-03-25,계란찜,5
2024-03-26,계란찜,0
2024-03-27,계란찜,3
2024-03-28,계란찜,3
2024-03-29,계란찜,5
2024-03-30,계란찜,4
2024-03-31,계란찜,5
2024-04-01,계란찜,5
2024-04-02,계란찜,5
2024-04-03,계란찜,3
2024-04-04,계란찜,4
2024-04-05,계란찜,3
2024-04-06,계란찜,0
2024-04-07,계란찜,0
2024-04-08,계란찜,4
2024-04-09,계란찜,5
2024-04-10,계란찜,4
2024-04-11,계란찜,0
2024-04-12,계란찜,0
2024-04-13,계란찜,5
2024-04-14,계란찜,5
2024-04-15,계란찜,3
2024-04-16,계란찜,0
2024-04-17,계란찜,4
2024-04-18,계란찜,0
2024-04-19,계란찜,4
2024-04-20,계란찜,5
2024-04-21,계란찜,0
2024-04-22,계란찜,3
2024-04-23,계란찜,4
2024-04-24,계란찜,3
2024-04-25,계란찜,6
2024-04-26,계란찜,4
2024-04-27,계란찜,4
2024-04-28,계란찜,4
2024-04-29,계란찜,4
2024-04-30,계란찜,5
2024-01-01,계란말이,0
2024-01-02,계란말이,0
2024-01-03,계란말이,4
2024-01-04,계란말이,0
2024-01-05,계란말이,0
2024-01-06,계란말이,0
2024-01-07,계란말이,0
2024-01-08,계란말이,0
2024-01-09,계란말이,0
2024-01-10,계란말이,0
2024-01-11,계란말이,0
2024-01-12,계란말이,0
2024-01-13,계란말이,0
2024-01-14,계란말이,0
2024-01-15,계란말이,0
2024-01-16,계란말이,0
2024-01-17,계란말이,0
2024-01-18,계란말이,3
2024-01-19,계란말이,0
2024-01-20,계란말이,0
2024-01-21,계란말이,0
2024-01-22,계란말이,0
2024-01-23,계란말이,3
2024-01-24,계란말이,0
2024-01-25,계란말이,0
2024-01-26,계란말이,0
2024-01-27,계란말이,0
2024-01-28,계란말이,0
2024-01-29,계란말이,0
2024-01-30,계란말이,0
2024-01-31,계란말이,0
2024-02-01,계란말이,0
2024-02-02,계란말이,0
2024-02-03,계란말이,5
2024-02-04,계란말이,4
2024-02-05,계란말이,0
2024-02-06,계란말이,0
2024-02-07,계란말이,0
2024-02-08,계란말이,0
2024-02-09,계란말이,0
2024-02-10,계란말이,0
2024-02-11,계란말이,0
2024-02-12,계란말이,0
2024-02-13,계란말이,3
2024-02-14,계란말이,0
2024-02-15,계란말이,0
2024-02-16,계란말이,0
2024-02-17,계란말이,0
2024-02-18,계란말이,0
2024-02-19,계란말이,0
2024-02-20,계란말이,0
2024-02-21,계란말이,0
2024-02-22,계란말이,0
2024-02-23,계란말이,0
2024-02-24,계란말이,0
2024-02-25,계란말이,0
2024-02-26,계란말이,0
2024-02-27,계란말이,0
2024-02-28,계란말이,0
2024-02-29,계란말이,0
2024-03-01,계란말이,0
2024-03-02,계란말이,5
2024-03-03,계란말이,0
2024-03-04,계란말이,0
2024-03-05,계란말이,0
2024-03-06,계란말이,0
2024-03-07,계란말이,0
2024-03-08,계란말이,0
2024-03-09,계란말이,0
2024-03-10,계란말이,0
2024-03-11,계란말이,0
2024-03-12,계란말이,0
2024-03-13,계란말이,0
2024-03-14,계란말이,0
2024-03-15,계란말이,0
2024-03-16,계란말이,0
2024-03-17,계란말이,0
2024-03-18,계란말이,0
2024-03-19,계란말이,0
2024-03-20,계란말이,0
2024-03-21,계란말이,0
2024-03-22,계란말이,0
2024-03-23,계란말이,0
2024-03-24,계란말이,0
2024-03-25,계란말이,4
2024-03-26,계란말이,0
2024-03-27,계란말이,0
2024-03-28,계란말이,0
2024-03-29,계란말이,0
2024-03-30,계란말이,4
2024-03-31,계란말이,0
2024-04-01,계란말이,3
2024-04-02,계란말이,0
2024-04-03,계란말이,0
2024-04-04,계란말이,0
2024-04-05,계란말이,0
2024-04-06,계란말이,0
2024-04-07,계란말이,0
2024-04-08,계란말이,0
2024-04-09,계란말이,0
2024-04-10,계란말이,3
2024-04-11,계란말이,0
2024-04-12,계란말이,0
2024-04-13,계란말이,0
2024-04-14,계란말이,0
2024-04-15,계란말이,0
2024-04-16,계란말이,0
2024-04-17,계란말이,0
2024-04-18,계란말이,0
2024-04-19,계란말이,0
2024-04-20,계란말이,0
2024-04-21,계란말이,0
2024-04-22,계란말이,0
2024-04-23,계란말이,0
2024-04-24,계란말이,0
2024-04-25,계란말이,0
2024-04-26,계란말이,0
2024-04-27,계란말이,0
2024-04-28,계란말이,0
2024-04-29,계란말이,0
2024-04-30,계란말이,0
2024-01-01,죽,47
2024-01-02,죽,42
2024-01-03,죽,40
2024-01-04,죽,38
2024-01-05,죽,100
2024-01-06,죽,88
2024-01-07,죽,69
2024-01-08,죽,56
2024-01-09,죽,40
2024-01-10,죽,44
2024-01-11,죽,38
2024-01-12,죽,42
2024-01-13,죽,46
2024-01-14,죽,47
2024-01-15,죽,32
2024-01-16,죽,34
2024-01-17,죽,33
2024-01-18,죽,27
2024-01-19,죽,28
2024-01-20,죽,26
2024-01-21,죽,28
2024-01-22,죽,22
2024-01-23,죽,21
2024-01-24,죽,24
2024-01-25,죽,18
2024-01-26,죽,21
2024-01-27,죽,23
2024-01-28,죽,24
2024-01-29,죽,21
2024-01-30,죽,16
2024-01-31,죽,16
2024-02-01,죽,15
2024-02-02,죽,21
2024-02-03,죽,22
2024-02-04,죽,25
2024-02-05,죽,19
2024-02-06,죽,18
2024-02-07,죽,16
2024-02-08,죽,17
2024-02-09,죽,21
2024-02-10,죽,15
2024-02-11,죽,19
2024-02-12,죽,22
2024-02-13,죽,19
2024-02-14,죽,16
2024-02-15,죽,14
2024-02-16,죽,16
2024-02-17,죽,16
2024-02-18,죽,21
2024-02-19,죽,13
2024-02-20,죽,16
2024-02-21,죽,18
2024-02-22,죽,15
2024-02-23,죽,14
2024-02-24,죽,18
2024-02-25,죽,17
2024-02-26,죽,14
2024-02-27,죽,16
2024-02-28,죽,18
2024-02-29,죽,15
2024-03-01,죽,12
2024-03-02,죽,16
2024-03-03,죽,20
2024-03-04,죽,15
2024-03-05,죽,15
2024-03-06,죽,12
2024-03-07,죽,13
2024-03-08,죽,13
2024-03-09,죽,16
2024-03-10,죽,16
2024-03-11,죽,17
2024-03-12,죽,15
2024-03-13,죽,14
2024-03-14,죽,15
2024-03-15,죽,17
2024-03-16,죽,17
2024-03-17,죽,19
2024-03-18,죽,18
2024-03-19,죽,13
2024-03-20,죽,14
2024-03-21,죽,13
2024-03-22,죽,14
2024-03-23,죽,16
2024-03-24,죽,19
2024-03-25,죽,15
2024-03-26,죽,14
2024-03-27,죽,12
2024-03-28,죽,16
2024-03-29,죽,11
2024-03-30,죽,16
2024-03-31,죽,18
2024-04-01,죽,14
2024-04-02,죽,14
2024-04-03,죽,10
2024-04-04,죽,11
2024-04-05,죽,10
2024-04-06,죽,19
2024-04-07,죽,17
2024-04-08,죽,12
2024-04-09,죽,14
2024-04-10,죽,16
2024-04-11,죽,14
2024-04-12,죽,15
2024-04-13,죽,17
2024-04-14,죽,15
2024-04-15,죽,13
2024-04-16,죽,13
2024-04-17,죽,12
2024-04-18,죽,16
2024-04-19,죽,11
2024-04-20,죽,16
2024-04-21,죽,14
2024-04-22,죽,17
2024-04-23,죽,14
2024-04-24,죽,13
2024-04-25,죽,15
2024-04-26,죽,14
2024-04-27,죽,8
2024-04-28,죽,14
2024-04-29,죽,15
2024-04-30,죽,14
2024-01-01,육회,7
2024-01-02,육회,4
2024-01-03,육회,5
2024-01-04,육회,5
2024-01-05,육회,9
2024-01-06,육회,4
2024-01-07,육회,6
2024-01-08,육회,6
2024-01-09,육회,6
2024-01-10,육회,4
2024-01-11,육회,6
2024-01-12,육회,7
2024-01-13,육회,7
2024-01-14,육회,7
2024-01-15,육회,5
2024-01-16,육회,6
2024-01-17,육회,5
2024-01-18,육회,7
2024-01-19,육회,6
2024-01-20,육회,0
2024-01-21,육회,6
2024-01-22,육회,0
2024-01-23,육회,3
2024-01-24,육회,6
2024-01-25,육회,5
2024-01-26,육회,6
2024-01-27,육회,7
2024-01-28,육회,6
2024-01-29,육회,5
2024-01-30,육회,4
2024-01-31,육회,7
2024-02-01,육회,6
2024-02-02,육회,7
2024-02-03,육회,7
2024-02-04,육회,7
2024-02-05,육회,4
2024-02-06,육회,5
2024-02-07,육회,10
2024-02-08,육회,5
2024-02-09,육회,6
2024-02-10,육회,6
2024-02-11,육회,5
2024-02-12,육회,6
2024-02-13,육회,7
2024-02-14,육회,4
2024-02-15,육회,6
2024-02-16,육회,7
2024-02-17,육회,10
2024-02-18,육회,4
2024-02-19,육회,6
2024-02-20,육회,5
2024-02-21,육회,4
2024-02-22,육회,5
2024-02-23,육회,4
2024-02-24,육회,8
2024-02-25,육회,5
2024-02-26,육회,6
2024-02-27,육회,7
2024-02-28,육회,5
2024-02-29,육회,5
2024-03-01,육회,7
2024-03-02,육회,6
2024-03-03,육회,6
2024-03-04,육회,6
2024-03-05,육회,7
2024-03-06,육회,4
2024-03-07,육회,8
2024-03-08,육회,7
2024-03-09,육회,10
2024-03-10,육회,4
2024-03-11,육회,6
2024-03-12,육회,6
2024-03-13,육회,6
2024-03-14,육회,6
2024-03-15,육회,8
2024-03-16,육회,10
2024-03-17,육회,5
2024-03-18,육회,4
2024-03-19,육회,8
2024-03-20,육회,4
2024-03-21,육회,5
2024-03-22,육회,5
2024-03-23,육회,9
2024-03-24,육회,7
2024-03-25,육회,3
2024-03-26,육회,8
2024-03-27,육회,4
2024-03-28,육회,6
2024-03-29,육회,5
2024-03-30,육회,7
2024-03-31,육회,9
2024-04-01,육회,7
2024-04-02,육회,7
2024-04-03,육회,7
2024-04-04,육회,4
2024-04-05,육회,5
2024-04-06,육회,12
2024-04-07,육회,7
2024-04-08,육회,6
2024-04-09,육회,7
2024-04-10,육회,4
2024-04-11,육회,8
2024-04-12,육회,7
2024-04-13,육회,5
2024-04-14,육회,9
2024-04-15,육회,6
2024-04-16,육회,6
2024-04-17,육회,6
2024-04-18,육회,3
2024-04-19,육회,7
2024-04-20,육회,5
2024-04-21,육회,6
2024-04-22,육회,6
2024-04-23,육회,5
2024-04-24,육회,6
2024-04-25,육회,0
2024-04-26,육회,6
2024-04-27,육회,7
2024-04-28,육회,7
2024-04-29,육회,8
2024-04-30,육회,7
2024-01-01,고추장찌개,4
2024-01-02,고추장찌개,0
2024-01-03,고추장찌개,0
2024-01-04,고추장찌개,0
2024-01-05,고추장찌개,0
2024-01-06,고추장찌개,0
2024-01-07,고추장찌개,0
2024-01-08,고추장찌개,0
2024-01-09,고추장찌개,0
2024-01-10,고추장찌개,0
2024-01-11,고추장찌개,0
2024-01-12,고추장찌개,0
2024-01-13,고추장찌개,0
2024-01-14,고추장찌개,0
2024-01-15,고추장찌개,0
2024-01-16,고추장찌개,0
2024-01-17,고추장찌개,0
2024-01-18,고추장찌개,0
2024-01-19,고추장찌개,0
2024-01-20,고추장찌개,0
2024-01-21,고추장찌개,0
2024-01-22,고추장찌개,0
2024-01-23,고추장찌개,0
2024-01-24,고추장찌개,0
2024-01-25,고추장찌개,0
2024-01-26,고추장찌개,0
2024-01-27,고추장찌개,0
2024-01-28,고추장찌개,0
2024-01-29,고추장찌개,0
2024-01-30,고추장찌개,0
2024-01-31,고추장찌개,0
2024-02-01,고추장찌개,0
2024-02-02,고추장찌개,0
2024-02-03,고추장찌개,0
2024-02-04,고추장찌개,0
2024-02-05,고추장찌개,0
2024-02-06,고추장찌개,0
2024-02-07,고추장찌개,0
2024-02-08,고추장찌개,0
2024-02-09,고추장찌개,0
2024-02-10,고추장찌개,0
2024-02-11,고추장찌개,0
2024-02-12,고추장찌개,0
2024-02-13,고추장찌개,0
2024-02-14,고추장찌개,0
2024-02-15,고추장찌개,0
2024-02-16,고추장찌개,0
2024-02-17,고추장찌개,0
2024-02-18,고추장찌개,0
2024-02-19,고추장찌개,0
2024-02-20,고추장찌개,0
2024-02-21,고추장찌개,0
2024-02-22,고추장찌개,0
2024-02-23,고추장찌개,0
2024-02-24,고추장찌개,0
2024-02-25,고추장찌개,0
2024-02-26,고추장찌개,0
2024-02-27,고추장찌개,0
2024-02-28,고추장찌개,0
2024-02-29,고추장찌개,0
2024-03-01,고추장찌개,0
2024-03-02,고추장찌개,0
2024-03-03,고추장찌개,0
2024-03-04,고추장찌개,0
2024-03-05,고추장찌개,0
2024-03-06,고추장찌개,0
2024-03-07,고추장찌개,0
2024-03-08,고추장찌개,0
2024-03-09,고추장찌개,0
2024-03-10,고추장찌개,0
2024-03-11,고추장찌개,0
2024-03-12,고추장찌개,0
2024-03-13,고추장찌개,0
2024-03-14,고추장찌개,0
2024-03-15,고추장찌개,0
2024-03-16,고추장찌개,0
2024-03-17,고추장찌개,0
2024-03-18,고추장찌개,0
2024-03-19,고추장찌개,0
2024-03-20,고추장찌개,0
2024-03-21,고추장찌개,0
2024-03-22,고추장찌개,0
2024-03-23,고추장찌개,0
2024-03-24,고추장찌개,0
2024-03-25,고추장찌개,0
2024-03-26,고추장찌개,0
2024-03-27,고추장찌개,0
2024-03-28,고추장찌개,0
2024-03-29,고추장찌개,0
2024-03-30,고추장찌개,0
2024-03-31,고추장찌개,0
2024-04-01,고추장찌개,0
2024-04-02,고추장찌개,0
2024-04-03,고추장찌개,0
2024-04-04,고추장찌개,0
2024-04-05,고추장찌개,0
2024-04-06,고추장찌개,0
2024-04-07,고추장찌개,0
2024-04-08,고추장찌개,0
2024-04-09,고추장찌개,0
2024-04-10,고추장찌개,0
2024-04-11,고추장찌개,0
2024-04-12,고추장찌개,0
2024-04-13,고추장찌개,0
2024-04-14,고추장찌개,0
2024-04-15,고추장찌개,0
2024-04-16,고추장찌개,0
2024-04-17,고추장찌개,0
2024-04-18,고추장찌개,0
2024-04-19,고추장찌개,0
2024-04-20,고추장찌개,0
2024-04-21,고추장찌개,0
2024-04-22,고추장찌개,0
2024-04-23,고추장찌개,0
2024-04-24,고추장찌개,0
2024-04-25,고추장찌개,0
2024-04-26,고추장찌개,0
2024-04-27,고추장찌개,0
2024-04-28,고추장찌개,0
2024-04-29,고추장찌개,0
2024-04-30,고추장찌개,0
2024-01-01,돼지찌개,0
2024-01-02,돼지찌개,0
2024-01-03,돼지찌개,0
2024-01-04,돼지찌개,0
2024-01-05,돼지찌개,0
2024-01-06,돼지찌개,0
2024-01-07,돼지찌개,0
2024-01-08,돼지찌개,0
2024-01-09,돼지찌개,0
2024-01-10,돼지찌개,0
2024-01-11,돼지찌개,0
2024-01-12,돼지찌개,0
2024-01-13,돼지찌개,0
2024-01-14,돼지찌개,0
2024-01-15,돼지찌개,0
2024-01-16,돼지찌개,0
2024-01-17,돼지찌개,0
2024-01-18,돼지찌개,0
2024-01-19,돼지찌개,0
2024-01-20,돼지찌개,0
2024-01-21,돼지찌개,0
2024-01-22,돼지찌개,0
2024-01-23,돼지찌개,0
2024-01-24,돼지찌개,0
2024-01-25,돼지찌개,0
2024-01-26,돼지찌개,0
2024-01-27,돼지찌개,0
2024-01-28,돼지찌개,0
2024-01-29,돼지찌개,0
2024-01-30,돼지찌개,0
2024-01-31,돼지찌개,0
2024-02-01,돼지찌개,0
2024-02-02,돼지찌개,0
2024-02-03,돼지찌개,0
2024-02-04,돼지찌개,0
2024-02-05,돼지찌개,0
2024-02-06,돼지찌개,0
2024-02-07,돼지찌개,0
2024-02-08,돼지찌개,0
2024-02-09,돼지찌개,0
2024-02-10,돼지찌개,0
2024-02-11,돼지찌개,0
2024-02-12,돼지찌개,0
2024-02-13,돼지찌개,0
2024-02-14,돼지찌개,0
2024-02-15,돼지찌개,0
2024-02-16,돼지찌개,0
2024-02-17,돼지찌개,0
2024-02-18,돼지찌개,0
2024-02-19,돼지찌개,0
2024-02-20,돼지찌개,0
2024-02-21,돼지찌개,0
2024-02-22,돼지찌개,0
2024-02-23,돼지찌개,0
2024-02-24,돼지찌개,0
2024-02-25,돼지찌개,0
2024-02-26,돼지찌개,0
2024-02-27,돼지찌개,0
2024-02-28,돼지찌개,0
2024-02-29,돼지찌개,0
2024-03-01,돼지찌개,0
2024-03-02,돼지찌개,1
2024-03-03,돼지찌개,0
2024-03-04,돼지찌개,0
2024-03-05,돼지찌개,0
2024-03-06,돼지찌개,0
2024-03-07,돼지찌개,0
2024-03-08,돼지찌개,1
2024-03-09,돼지찌개,0
2024-03-10,돼지찌개,0
2024-03-11,돼지찌개,0
2024-03-12,돼지찌개,0
2024-03-13,돼지찌개,1
2024-03-14,돼지찌개,0
2024-03-15,돼지찌개,0
2024-03-16,돼지찌개,0
2024-03-17,돼지찌개,0
2024-03-18,돼지찌개,0
2024-03-19,돼지찌개,0
2024-03-20,돼지찌개,0
2024-03-21,돼지찌개,0
2024-03-22,돼지찌개,0
2024-03-23,돼지찌개,0
2024-03-24,돼지찌개,0
2024-03-25,돼지찌개,0
2024-03-26,돼지찌개,0
2024-03-27,돼지찌개,0
2024-03-28,돼지찌개,0
2024-03-29,돼지찌개,0
2024-03-30,돼지찌개,0
2024-03-31,돼지찌개,1
2024-04-01,돼지찌개,0
2024-04-02,돼지찌개,0
2024-04-03,돼지찌개,0
2024-04-04,돼지찌개,0
2024-04-05,돼지찌개,0
2024-04-06,돼지찌개,0
2024-04-07,돼지찌개,0
2024-04-08,돼지찌개,0
2024-04-09,돼지찌개,0
2024-04-10,돼지찌개,0
2024-04-11,돼지찌개,0
2024-04-12,돼지찌개,0
2024-04-13,돼지찌개,0
2024-04-14,돼지찌개,0
2024-04-15,돼지찌개,0
2024-04-16,돼지찌개,0
2024-04-17,돼지찌개,0
2024-04-18,돼지찌개,0
2024-04-19,돼지찌개,0
2024-04-20,돼지찌개,0
2024-04-21,돼지찌개,0
2024-04-22,돼지찌개,0
2024-04-23,돼지찌개,1
2024-04-24,돼지찌개,0
2024-04-25,돼지찌개,0
2024-04-26,돼지찌개,0
2024-04-27,돼지찌개,0
2024-04-28,돼지찌개,0
2024-04-29,돼지찌개,0
2024-04-30,돼지찌개,0
2024-01-01,전,36
2024-01-02,전,35
2024-01-03,전,34
2024-01-04,전,33
2024-01-05,전,34
2024-01-06,전,35
2024-01-07,전,36
2024-01-08,전,34
2024-01-09,전,32
2024-01-10,전,33
2024-01-11,전,32
2024-01-12,전,35
2024-01-13,전,35
2024-01-14,전,35
2024-01-15,전,42
2024-01-16,전,37
2024-01-17,전,42
2024-01-18,전,32
2024-01-19,전,32
2024-01-20,전,35
2024-01-21,전,34
2024-01-22,전,32
2024-01-23,전,34
2024-01-24,전,41
2024-01-25,전,37
2024-01-26,전,32
2024-01-27,전,34
2024-01-28,전,35
2024-01-29,전,35
2024-01-30,전,43
2024-01-31,전,52
2024-02-01,전,37
2024-02-02,전,43
2024-02-03,전,43
2024-02-04,전,38
2024-02-05,전,35
2024-02-06,전,42
2024-02-07,전,48
2024-02-08,전,39
2024-02-09,전,39
2024-02-10,전,35
2024-02-11,전,37
2024-02-12,전,37
2024-02-13,전,36
2024-02-14,전,56
2024-02-15,전,40
2024-02-16,전,37
2024-02-17,전,37
2024-02-18,전,40
2024-02-19,전,39
2024-02-20,전,39
2024-02-21,전,37
2024-02-22,전,36
2024-02-23,전,39
2024-02-24,전,37
2024-02-25,전,39
2024-02-26,전,42
2024-02-27,전,41
2024-02-28,전,34
2024-02-29,전,31
2024-03-01,전,34
2024-03-02,전,35
2024-03-03,전,36
2024-03-04,전,34
2024-03-05,전,34
2024-03-06,전,37
2024-03-07,전,32
2024-03-08,전,35
2024-03-09,전,48
2024-03-10,전,43
2024-03-11,전,43
2024-03-12,전,40
2024-03-13,전,38
2024-03-14,전,33
2024-03-15,전,33
2024-03-16,전,36
2024-03-17,전,53
2024-03-18,전,52
2024-03-19,전,45
2024-03-20,전,42
2024-03-21,전,53
2024-03-22,전,39
2024-03-23,전,38
2024-03-24,전,37
2024-03-25,전,37
2024-03-26,전,48
2024-03-27,전,35
2024-03-28,전,34
2024-03-29,전,33
2024-03-30,전,35
2024-03-31,전,34
2024-04-01,전,33
2024-04-02,전,40
2024-04-03,전,100
2024-04-04,전,75
2024-04-05,전,54
2024-04-06,전,48
2024-04-07,전,43
2024-04-08,전,36
2024-04-09,전,35
2024-04-10,전,37
2024-04-11,전,36
2024-04-12,전,37
2024-04-13,전,34
2024-04-14,전,34
2024-04-15,전,33
2024-04-16,전,34
2024-04-17,전,34
2024-04-18,전,37
2024-04-19,전,38
2024-04-20,전,34
2024-04-21,전,35
2024-04-22,전,36
2024-04-23,전,32
2024-04-24,전,35
2024-04-25,전,37
2024-04-26,전,34
2024-04-27,전,34
2024-04-28,전,34
2024-04-29,전,37
2024-04-30,전,35
2024-01-01,빈대떡,0
2024-01-02,빈대떡,0
2024-01-03,빈대떡,0
2024-01-04,빈대떡,0
2024-01-05,빈대떡,0
2024-01-06,빈대떡,0
2024-01-07,빈대떡,0
2024-01-08,빈대떡,0
2024-01-09,빈대떡,0
2024-01-10,빈대떡,0
2024-01-11,빈대떡,0
2024-01-12,빈대떡,0
2024-01-13,빈대떡,0
2024-01-14,빈대떡,0
2024-01-15,빈대떡,0
2024-01-16,빈대떡,0
2024-01-17,빈대떡,0
2024-01-18,빈대떡,0
2024-01-19,빈대떡,0
2024-01-20,빈대떡,0
2024-01-21,빈대떡,0
2024-01-22,빈대떡,0
2024-01-23,빈대떡,0
2024-01-24,빈대떡,0
2024-01-25,빈대떡,0
2024-01-26,빈대떡,0
2024-01-27,빈대떡,0
2024-01-28,빈대떡,0
2024-01-29,빈대떡,0
2024-01-30,빈대떡,0
2024-01-31,빈대떡,0
2024-02-01,빈대떡,0
2024-02-02,빈대떡,0
2024-02-03,빈대떡,0
2024-02-04,빈대떡,0
2024-02-05,빈대떡,0
2024-02-06,빈대떡,0
2024-02-07,빈대떡,0
2024-02-08,빈대떡,0
2024-02-09,빈대떡,0
2024-02-10,빈대떡,0
2024-02-11,빈대떡,0
2024-02-12,빈대떡,0
2024-02-13,빈대떡,0
2024-02-14,빈대떡,0
2024-02-15,빈대떡,0
2024-02-16,빈대떡,0
2024-02-17,빈대떡,0
2024-02-18,빈대떡,0
2024-02-19,빈대떡,0
2024-02-20,빈대떡,0
2024-02-21,빈대떡,0
2024-02-22,빈대떡,0
2024-02-23,빈대떡,0
2024-02-24,빈대떡,0
2024-02-25,빈대떡,0
2024-02-26,빈대떡,0
2024-02-27,빈대떡,0
2024-02-28,빈대떡,0
2024-02-29,빈대떡,0
2024-03-01,빈대떡,0
2024-03-02,빈대떡,0
2024-03-03,빈대떡,0
2024-03-04,빈대떡,0
2024-03-05,빈대떡,0
2024-03-06,빈대떡,0
2024-03-07,빈대떡,0
2024-03-08,빈대떡,0
2024-03-09,빈대떡,0
2024-03-10,빈대떡,0
2024-03-11,빈대떡,0
2024-03-12,빈대떡,0
2024-03-13,빈대떡,0
2024-03-14,빈대떡,0
2024-03-15,빈대떡,0
2024-03-16,빈대떡,0
2024-03-17,빈대떡,0
2024-03-18,빈대떡,0
2024-03-19,빈대떡,0
2024-03-20,빈대떡,0
2024-03-21,빈대떡,0
2024-03-22,빈대떡,0
2024-03-23,빈대떡,0
2024-03-24,빈대떡,0
2024-03-25,빈대떡,0
2024-03-26,빈대떡,0
2024-03-27,빈대떡,0
2024-03-28,빈대떡,0
2024-03-29,빈대떡,0
2024-03-30,빈대떡,0
2024-03-31,빈대떡,0
2024-04-01,빈대떡,0
2024-04-02,빈대떡,0
2024-04-03,빈대떡,0
2024-04-04,빈대떡,0
2024-04-05,빈대떡,0
2024-04-06,빈대떡,0
2024-04-07,빈대떡,0
2024-04-08,빈대떡,0
2024-04-09,빈대떡,0
2024-04-10,빈대떡,0
2024-04-11,빈대떡,0
2024-04-12,빈대떡,0
2024-04-13,빈대떡,0
2024-04-14,빈대떡,0
2024-04-15,빈대떡,0
2024-04-16,빈대떡,0
2024-04-17,빈대떡,0
2024-04-18,빈대떡,0
2024-04-19,빈대떡,0
2024-04-20,빈대떡,0
2024-04-21,빈대떡,0
2024-04-22,빈대떡,0
2024-04-23,빈대떡,0
2024-04-24,빈대떡,0
2024-04-25,빈대떡,0
2024-04-26,빈대떡,0
2024-04-27,빈대떡,0
2024-04-28,빈대떡,0
2024-04-29,빈대떡,0
2024-04-30,빈대떡,0
2024-01-01,부침개,0
2024-01-02,부침개,0
2024-01-03,부침개,0
2024-01-04,부침개,0
2024-01-05,부침개,0
2024-01-06,부침개,0
2024-01-07,부침개,0
2024-01-08,부침개,0
2024-01-09,부침개,0
2024-01-10,부침개,0
2024-01-11,부침개,0
2024-01-12,부침개,0
2024-01-13,부침개,0
2024-01-14,부침개,0
2024-01-15,부침개,0
2024-01-16,부침개,0
2024-01-17,부침개,1
2024-01-18,부침개,0
2024-01-19,부침개,0
2024-01-20,부침개,0
2024-01-21,부침개,0
2024-01-22,부침개,0
2024-01-23,부침개,0
2024-01-24,부침개,0
2024-01-25,부침개,0
2024-01-26,부침개,1
2024-01-27,부침개,0
2024-01-28,부침개,0
2024-01-29,부침개,0
2024-01-30,부침개,0
2024-01-31,부침개,0
2024-02-01,부침개,0
2024-02-02,부침개,0
2024-02-03,부침개,0
2024-02-04,부침개,0
2024-02-05,부침개,0
2024-02-06,부침개,0
2024-02-07,부침개,0
2024-02-08,부침개,0
2024-02-09,부침개,0
2024-02-10,부침개,0
2024-02-11,부침개,0
2024-02-12,부침개,0
2024-02-13,부침개,0
2024-02-14,부침개,0
2024-02-15,부침개,1
2024-02-16,부침개,0
2024-02-17,부침개,0
2024-02-18,부침개,0
2024-02-19,부침개,0
2024-02-20,부침개,0
2024-02-21,부침개,0
2024-02-22,부침개,0
2024-02-23,부침개,0
2024-02-24,부침개,0
2024-02-25,부침개,0
2024-02-26,부침개,0
2024-02-27,부침개,0
2024-02-28,부침개,0
2024-02-29,부침개,0
2024-03-01,부침개,0
2024-03-02,부침개,0
2024-03-03,부침개,0
2024-03-04,부침개,0
2024-03-05,부침개,0
2024-03-06,부침개,0
2024-03-07,부침개,1
2024-03-08,부침개,0
2024-03-09,부침개,0
2024-03-10,부침개,0
2024-03-11,부침개,0
2024-03-12,부침개,0
2024-03-13,부침개,0
2024-03-14,부침개,0
2024-03-15,부침개,0
2024-03-16,부침개,0
2024-03-17,부침개,1
2024-03-18,부침개,0
2024-03-19,부침개,0
2024-03-20,부침개,0
2024-03-21,부침개,0
2024-03-22,부침개,0
2024-03-23,부침개,0
2024-03-24,부침개,0
2024-03-25,부침개,0
2024-03-26,부침개,0
2024-03-27,부침개,0
2024-03-28,부침개,0
2024-03-29,부침개,0
2024-03-30,부침개,0
2024-03-31,부침개,0
2024-04-01,부침개,0
2024-04-02,부침개,0
2024-04-03,부침개,0
2024-04-04,부침개,0
2024-04-05,부침개,0
2024-04-06,부침개,0
2024-04-07,부침개,0
2024-04-08,부침개,0
2024-04-09,부침개,0
2024-04-10,부침개,0
2024-04-11,부침개,0
2024-04-12,부침개,0
2024-04-13,부침개,0
2024-04-14,부침개,0
2024-04-15,부침개,0
2024-04-16,부침개,0
2024-04-17,부침개,0
2024-04-18,부침개,0
2024-04-19,부침개,0
2024-04-20,부침개,0
2024-04-21,부침개,0
2024-04-22,부침개,0
2024-04-23,부침개,0
2024-04-24,부침개,0
2024-04-25,부침개,0
2024-04-26,부침개,0
2024-04-27,부침개,0
2024-04-28,부침개,0
2024-04-29,부침개,0
2024-04-30,부침개,0
2024-01-01,비빔밥,1
2024-01-02,비빔밥,1
2024-01-03,비빔밥,1
2024-01-04,비빔밥,1
2024-01-05,비빔밥,1
2024-01-06,비빔밥,2
2024-01-07,비빔밥,2
2024-01-08,비빔밥,1
2024-01-09,비빔밥,1
2024-01-10,비빔밥,1
2024-01-11,비빔밥,1
2024-01-12,비빔밥,2
2024-01-13,비빔밥,2
2024-01-14,비빔밥,1
2024-01-15,비빔밥,1
2024-01-16,비빔밥,2
2024-01-17,비빔밥,1
2024-01-18,비빔밥,1
2024-01-19,비빔밥,1
2024-01-20,비빔밥,1
2024-01-21,비빔밥,1
2024-01-22,비빔밥,1
2024-01-23,비빔밥,1
2024-01-24,비빔밥,1
2024-01-25,비빔밥,1
2024-01-26,비빔밥,1
2024-01-27,비빔밥,1
2024-01-28,비빔밥,1
2024-01-29,비빔밥,1
2024-01-30,비빔밥,1
2024-01-31,비빔밥,1
2024-02-01,비빔밥,1
2024-02-02,비빔밥,1
2024-02-03,비빔밥,1
2024-02-04,비빔밥,1
2024-02-05,비빔밥,1
2024-02-06,비빔밥,1
2024-02-07,비빔밥,1
2024-02-08,비빔밥,1
2024-02-09,비빔밥,1
2024-02-10,비빔밥,1
2024-02-11,비빔밥,1
2024-02-12,비빔밥,1
2024-02-13,비빔밥,1
2024-02-14,비빔밥,1
2024-02-15,비빔밥,1
2024-02-16,비빔밥,1
2024-02-17,비빔밥,1
2024-02-18,비빔밥,0
2024-02-19,비빔밥,1
2024-02-20,비빔밥,1
2024-02-21,비빔밥,1
2024-02-22,비빔밥,1
2024-02-23,비빔밥,1
2024-02-24,비빔밥,1
2024-02-25,비빔밥,1
2024-02-26,비빔밥,1
2024-02-27,비빔밥,1
2024-02-28,비빔밥,1
2024-02-29,비빔밥,1
2024-03-01,비빔밥,0
2024-03-02,비빔밥,1
2024-03-03,비빔밥,1
2024-03-04,비빔밥,1
2024-03-05,비빔밥,1
2024-03-06,비빔밥,1
2024-03-07,비빔밥,1
2024-03-08,비빔밥,1
2024-03-09,비빔밥,1
2024-03-10,비빔밥,1
2024-03-11,비빔밥,1
2024-03-12,비빔밥,1
2024-03-13,비빔밥,1
2024-03-14,비빔밥,1
2024-03-15,비빔밥,1
2024-03-16,비빔밥,1
2024-03-17,비빔밥,1
2024-03-18,비빔밥,1
2024-03-19,비빔밥,2
2024-03-20,비빔밥,1
2024-03-21,비빔밥,1
2024-03-22,비빔밥,1
2024-03-23,비빔밥,2
2024-03-24,비빔밥,1
2024-03-25,비빔밥,1
2024-03-26,비빔밥,2
2024-03-27,비빔밥,1
2024-03-28,비빔밥,2
2024-03-29,비빔밥,0
2024-03-30,비빔밥,2
2024-03-31,비빔밥,1
2024-04-01,비빔밥,1
2024-04-02,비빔밥,2
2024-04-03,비빔밥,2
2024-04-04,비빔밥,1
2024-04-05,비빔밥,1
2024-04-06,비빔밥,1
2024-04-07,비빔밥,2
2024-04-08,비빔밥,1
2024-04-09,비빔밥,1
2024-04-10,비빔밥,1
2024-04-11,비빔밥,2
2024-04-12,비빔밥,2
2024-04-13,비빔밥,1
2024-04-14,비빔밥,1
2024-04-15,비빔밥,2
2024-04-16,비빔밥,2
2024-04-17,비빔밥,2
2024-04-18,비빔밥,2
2024-04-19,비빔밥,2
2024-04-20,비빔밥,1
2024-04-21,비빔밥,1
2024-04-22,비빔밥,2
2024-04-23,비빔밥,2
2024-04-24,비빔밥,1
2024-04-25,비빔밥,1
2024-04-26,비빔밥,2
2024-04-27,비빔밥,1
2024-04-28,비빔밥,1
2024-04-29,비빔밥,2
2024-04-30,비빔밥,1
2024-01-01,물냉면,0
2024-01-02,물냉면,0
2024-01-03,물냉면,0
2024-01-04,물냉면,0
2024-01-05,물냉면,0
2024-01-06,물냉면,0
2024-01-07,물냉면,0
2024-01-08,물냉면,0
2024-01-09,물냉면,0
2024-01-10,물냉면,0
2024-01-11,물냉면,0
2024-01-12,물냉면,0
2024-01-13,물냉면,0
2024-01-14,물냉면,0
2024-01-15,물냉면,0
2024-01-16,물냉면,0
2024-01-17,물냉면,0
2024-01-18,물냉면,0
2024-01-19,물냉면,0
2024-01-20,물냉면,0
2024-01-21,물냉면,0
2024-01-22,물냉면,0
2024-01-23,물냉면,0
2024-01-24,물냉면,0
2024-01-25,물냉면,0
2024-01-26,물냉면,0
2024-01-27,물냉면,0
2024-01-28,물냉면,0
2024-01-29,물냉면,0
2024-01-30,물냉면,0
2024-01-31,물냉면,0
2024-02-01,물냉면,0
2024-02-02,물냉면,0
2024-02-03,물냉면,0
2024-02-04,물냉면,0
2024-02-05,물냉면,0
2024-02-06,물냉면,0
2024-02-07,물냉면,0
2024-02-08,물냉면,0
2024-02-09,물냉면,0
2024-02-10,물냉면,0
2024-02-11,물냉면,0
2024-02-12,물냉면,0
2024-02-13,물냉면,0
2024-02-14,물냉면,0
2024-02-15,물냉면,0
2024-02-16,물냉면,0
2024-02-17,물냉면,0
2024-02-18,물냉면,0
2024-02-19,물냉면,0
2024-02-20,물냉면,0
2024-02-21,물냉면,0
2024-02-22,물냉면,0
2024-02-23,물냉면,0
2024-02-24,물냉면,0
2024-02-25,물냉면,0
2024-02-26,물냉면,0
2024-02-27,물냉면,0
2024-02-28,물냉면,0
2024-02-29,물냉면,0
2024-03-01,물냉면,0
2024-03-02,물냉면,0
2024-03-03,물냉면,0
2024-03-04,물냉면,0
2024-03-05,물냉면,0
2024-03-06,물냉면,0
2024-03-07,물냉면,0
2024-03-08,물냉면,0
2024-03-09,물냉면,0
2024-03-10,물냉면,0
2024-03-11,물냉면,0
2024-03-12,물냉면,0
2024-03-13,물냉면,0
2024-03-14,물냉면,0
2024-03-15,물냉면,0
2024-03-16,물냉면,0
2024-03-17,물냉면,0
2024-03-18,물냉면,0
2024-03-19,물냉면,0
2024-03-20,물냉면,0
2024-03-21,물냉면,0
2024-03-22,물냉면,0
2024-03-23,물냉면,0
2024-03-24,물냉면,0
2024-03-25,물냉면,0
2024-03-26,물냉면,0
2024-03-27,물냉면,0
2024-03-28,물냉면,0
2024-03-29,물냉면,0
2024-03-30,물냉면,0
2024-03-31,물냉면,0
2024-04-01,물냉면,0
2024-04-02,물냉면,0
2024-04-03,물냉면,0
2024-04-04,물냉면,0
2024-04-05,물냉면,0
2024-04-06,물냉면,0
2024-04-07,물냉면,0
2024-04-08,물냉면,0
2024-04-09,물냉면,0
2024-04-10,물냉면,0
2024-04-11,물냉면,0
2024-04-12,물냉면,0
2024-04-13,물냉면,0
2024-04-14,물냉면,0
2024-04-15,물냉면,0
2024-04-16,물냉면,0
2024-04-17,물냉면,0
2024-04-18,물냉면,0
2024-04-19,물냉면,0
2024-04-20,물냉면,0
2024-04-21,물냉면,0
2024-04-22,물냉면,0
2024-04-23,물냉면,0
2024-04-24,물냉면,0
2024-04-25,물냉면,0
2024-04-26,물냉면,0
2024-04-27,물냉면,0
2024-04-28,물냉면,0
2024-04-29,물냉면,0
2024-04-30,물냉면,0
2024-01-01,돼지갈비,56
2024-01-02,돼지갈비,0
2024-01-03,돼지갈비,29
2024-01-04,돼지갈비,33
2024-01-05,돼지갈비,28
2024-01-06,돼지갈비,30
2024-01-07,돼지갈비,33
2024-01-08,돼지갈비,31
2024-01-09,돼지갈비,0
2024-01-10,돼지갈비,0
2024-01-11,돼지갈비,0
2024-01-12,돼지갈비,0
2024-01-13,돼지갈비,0
2024-01-14,돼지갈비,0
2024-01-15,돼지갈비,28
2024-01-16,돼지갈비,0
2024-01-17,돼지갈비,25
2024-01-18,돼지갈비,0
2024-01-19,돼지갈비,52
2024-01-20,돼지갈비,36
2024-01-21,돼지갈비,41
2024-01-22,돼지갈비,0
2024-01-23,돼지갈비,0
2024-01-24,돼지갈비,34
2024-01-25,돼지갈비,39
2024-01-26,돼지갈비,30
2024-01-27,돼지갈비,38
2024-01-28,돼지갈비,47
2024-01-29,돼지갈비,31
2024-01-30,돼지갈비,32
2024-01-31,돼지갈비,0
2024-02-01,돼지갈비,35
2024-02-02,돼지갈비,36
2024-02-03,돼지갈비,51
2024-02-04,돼지갈비,33
2024-02-05,돼지갈비,41
2024-02-06,돼지갈비,35
2024-02-07,돼지갈비,41
2024-02-08,돼지갈비,96
2024-02-09,돼지갈비,90
2024-02-10,돼지갈비,54
2024-02-11,돼지갈비,0
2024-02-12,돼지갈비,33
2024-02-13,돼지갈비,0
2024-02-14,돼지갈비,0
2024-02-15,돼지갈비,26
2024-02-16,돼지갈비,0
2024-02-17,돼지갈비,40
2024-02-18,돼지갈비,36
2024-02-19,돼지갈비,33
2024-02-20,돼지갈비,0
2024-02-21,돼지갈비,25
2024-02-22,돼지갈비,27
2024-02-23,돼지갈비,27
2024-02-24,돼지갈비,0
2024-02-25,돼지갈비,43
2024-02-26,돼지갈비,32
2024-02-27,돼지갈비,0
2024-02-28,돼지갈비,43
2024-02-29,돼지갈비,47
2024-03-01,돼지갈비,50
2024-03-02,돼지갈비,35
2024-03-03,돼지갈비,38
2024-03-04,돼지갈비,0
2024-03-05,돼지갈비,0
2024-03-06,돼지갈비,35
2024-03-07,돼지갈비,26
2024-03-08,돼지갈비,0
2024-03-09,돼지갈비,50
2024-03-10,돼지갈비,40
2024-03-11,돼지갈비,25
2024-03-12,돼지갈비,55
2024-03-13,돼지갈비,0
2024-03-14,돼지갈비,0
2024-03-15,돼지갈비,33
2024-03-16,돼지갈비,44
2024-03-17,돼지갈비,0
2024-03-18,돼지갈비,0
2024-03-19,돼지갈비,33
2024-03-20,돼지갈비,0
2024-03-21,돼지갈비,28
2024-03-22,돼지갈비,0
2024-03-23,돼지갈비,33
2024-03-24,돼지갈비,0
2024-03-25,돼지갈비,0
2024-03-26,돼지갈비,31
2024-03-27,돼지갈비,0
2024-03-28,돼지갈비,0
2024-03-29,돼지갈비,27
2024-03-30,돼지갈비,53
2024-03-31,돼지갈비,0
2024-04-01,돼지갈비,0
2024-04-02,돼지갈비,0
2024-04-03,돼지갈비,26
2024-04-04,돼지갈비,0
2024-04-05,돼지갈비,0
2024-04-06,돼지갈비,40
2024-04-07,돼지갈비,30
2024-04-08,돼지갈비,0
2024-04-09,돼지갈비,0
2024-04-10,돼지갈비,39
2024-04-11,돼지갈비,33
2024-04-12,돼지갈비,0
2024-04-13,돼지갈비,0
2024-04-14,돼지갈비,29
2024-04-15,돼지갈비,0
2024-04-16,돼지갈비,0
2024-04-17,돼지갈비,0
2024-04-18,돼지갈비,0
2024-04-19,돼지갈비,0
2024-04-20,돼지갈비,0
2024-04-21,돼지갈비,34
2024-04-22,돼지갈비,0
2024-04-23,돼지갈비,38
2024-04-24,돼지갈비,0
2024-04-25,돼지갈비,30
2024-04-26,돼지갈비,40
2024-04-27,돼지갈비,0
2024-04-28,돼지갈비,31
2024-04-29,돼지갈비,40
2024-04-30,돼지갈비,0
2024-01-01,주물럭,0
2024-01-02,주물럭,0
2024-01-03,주물럭,0
2024-01-04,주물럭,0
2024-01-05,주물럭,0
2024-01-06,주물럭,0
2024-01-07,주물럭,0
2024-01-08,주물럭,0
2024-01-09,주물럭,0
2024-01-10,주물럭,0
2024-01-11,주물럭,0
2024-01-12,주물럭,0
2024-01-13,주물럭,0
2024-01-14,주물럭,0
2024-01-15,주물럭,0
2024-01-16,주물럭,0
2024-01-17,주물럭,0
2024-01-18,주물럭,0
2024-01-19,주물럭,0
2024-01-20,주물럭,0
2024-01-21,주물럭,0
2024-01-22,주물럭,0
2024-01-23,주물럭,0
2024-01-24,주물럭,0
2024-01-25,주물럭,0
2024-01-26,주물럭,0
2024-01-27,주물럭,0
2024-01-28,주물럭,0
2024-01-29,주물럭,0
2024-01-30,주물럭,0
2024-01-31,주물럭,0
2024-02-01,주물럭,0
2024-02-02,주물럭,0
2024-02-03,주물럭,0
2024-02-04,주물럭,0
2024-02-05,주물럭,0
2024-02-06,주물럭,0
2024-02-07,주물럭,0
2024-02-08,주물럭,0
2024-02-09,주물럭,0
2024-02-10,주물럭,0
2024-02-11,주물럭,0
2024-02-12,주물럭,35
2024-02-13,주물럭,0
2024-02-14,주물럭,0
2024-02-15,주물럭,0
2024-02-16,주물럭,0
2024-02-17,주물럭,0
2024-02-18,주물럭,0
2024-02-19,주물럭,0
2024-02-20,주물럭,0
2024-02-21,주물럭,0
2024-02-22,주물럭,0
2024-02-23,주물럭,0
2024-02-24,주물럭,0
2024-02-25,주물럭,0
2024-02-26,주물럭,0
2024-02-27,주물럭,0
2024-02-28,주물럭,0
2024-02-29,주물럭,0
2024-03-01,주물럭,0
2024-03-02,주물럭,0
2024-03-03,주물럭,0
2024-03-04,주물럭,0
2024-03-05,주물럭,0
2024-03-06,주물럭,0
2024-03-07,주물럭,0
2024-03-08,주물럭,0
2024-03-09,주물럭,0
2024-03-10,주물럭,0
2024-03-11,주물럭,0
2024-03-12,주물럭,0
2024-03-13,주물럭,0
2024-03-14,주물럭,0
2024-03-15,주물럭,0
2024-03-16,주물럭,0
2024-03-17,주물럭,0
2024-03-18,주물럭,0
2024-03-19,주물럭,0
2024-03-20,주물럭,0
2024-03-21,주물럭,0
2024-03-22,주물럭,0
2024-03-23,주물럭,0
2024-03-24,주물럭,0
2024-03-25,주물럭,0
2024-03-26,주물럭,0
2024-03-27,주물럭,0
2024-03-28,주물럭,0
2024-03-29,주물럭,0
2024-03-30,주물럭,0
2024-03-31,주물럭,0
2024-04-01,주물럭,0
2024-04-02,주물럭,0
2024-04-03,주물럭,0
2024-04-04,주물럭,0
2024-04-05,주물럭,0
2024-04-06,주물럭,0
2024-04-07,주물럭,0
2024-04-08,주물럭,0
2024-04-09,주물럭,0
2024-04-10,주물럭,0
2024-04-11,주물럭,0
2024-04-12,주물럭,0
2024-04-13,주물럭,39
2024-04-14,주물럭,0
2024-04-15,주물럭,0
2024-04-16,주물럭,0
2024-04-17,주물럭,0
2024-04-18,주물럭,0
2024-04-19,주물럭,0
2024-04-20,주물럭,0
2024-04-21,주물럭,0
2024-04-22,주물럭,0
2024-04-23,주물럭,0
2024-04-24,주물럭,0
2024-04-25,주물럭,0
2024-04-26,주물럭,0
2024-04-27,주물럭,0
2024-04-28,주물럭,0
2024-04-29,주물럭,0
2024-04-30,주물럭,0
2024-01-01,양념갈비,0
2024-01-02,양념갈비,0
2024-01-03,양념갈비,0
2024-01-04,양념갈비,0
2024-01-05,양념갈비,0
2024-01-06,양념갈비,0
2024-01-07,양념갈비,0
2024-01-08,양념갈비,0
2024-01-09,양념갈비,0
2024-01-10,양념갈비,0
2024-01-11,양념갈비,0
2024-01-12,양념갈비,0
2024-01-13,양념갈비,0
2024-01-14,양념갈비,0
2024-01-15,양념갈비,0
2024-01-16,양념갈비,0
2024-01-17,양념갈비,0
2024-01-18,양념갈비,0
2024-01-19,양념갈비,0
2024-01-20,양념갈비,0
2024-01-21,양념갈비,0
2024-01-22,양념갈비,0
2024-01-23,양념갈비,0
2024-01-24,양념갈비,0
2024-01-25,양념갈비,0
2024-01-26,양념갈비,0
2024-01-27,양념갈비,0
2024-01-28,양념갈비,0
2024-01-29,양념갈비,0
2024-01-30,양념갈비,0
2024-01-31,양념갈비,0
2024-02-01,양념갈비,25
2024-02-02,양념갈비,0
2024-02-03,양념갈비,43
2024-02-04,양념갈비,53
2024-02-05,양념갈비,0
2024-02-06,양념갈비,0
2024-02-07,양념갈비,47
2024-02-08,양념갈비,100
2024-02-09,양념갈비,50
2024-02-10,양념갈비,0
2024-02-11,양념갈비,0
2024-02-12,양념갈비,0
2024-02-13,양념갈비,0
2024-02-14,양념갈비,0
2024-02-15,양념갈비,0
2024-02-16,양념갈비,0
2024-02-17,양념갈비,31
2024-02-18,양념갈비,0
2024-02-19,양념갈비,0
2024-02-20,양념갈비,0
2024-02-21,양념갈비,0
2024-02-22,양념갈비,0
2024-02-23,양념갈비,0
2024-02-24,양념갈비,0
2024-02-25,양념갈비,0
2024-02-26,양념갈비,0
2024-02-27,양념갈비,0
2024-02-28,양념갈비,0
2024-02-29,양념갈비,0
2024-03-01,양념갈비,42
2024-03-02,양념갈비,0
2024-03-03,양념갈비,0
2024-03-04,양념갈비,0
2024-03-05,양념갈비,0
2024-03-06,양념갈비,0
2024-03-07,양념갈비,0
2024-03-08,양념갈비,0
2024-03-09,양념갈비,0
2024-03-10,양념갈비,0
2024-03-11,양념갈비,0
2024-03-12,양념갈비,0
2024-03-13,양념갈비,0
2024-03-14,양념갈비,0
2024-03-15,양념갈비,0
2024-03-16,양념갈비,0
2024-03-17,양념갈비,0
2024-03-18,양념갈비,0
2024-03-19,양념갈비,0
2024-03-20,양념갈비,0
2024-03-21,양념갈비,0
2024-03-22,양념갈비,0
2024-03-23,양념갈비,0
2024-03-24,양념갈비,0
2024-03-25,양념갈비,0
2024-03-26,양념갈비,0
2024-03-27,양념갈비,0
2024-03-28,양념갈비,0
2024-03-29,양념갈비,0
2024-03-30,양념갈비,0
2024-03-31,양념갈비,0
2024-04-01,양념갈비,0
2024-04-02,양념갈비,0
2024-04-03,양념갈비,0
2024-04-04,양념갈비,0
2024-04-05,양념갈비,0
2024-04-06,양념갈비,0
2024-04-07,양념갈비,0
2024-04-08,양념갈비,0
2024-04-09,양념갈비,0
2024-04-10,양념갈비,0
2024-04-11,양념갈비,0
2024-04-12,양념갈비,0
2024-04-13,양념갈비,0
2024-04-14,양념갈비,0
2024-04-15,양념갈비,0
2024-04-16,양념갈비,0
2024-04-17,양념갈비,0
2024-04-18,양념갈비,0
2024-04-19,양념갈비,0
2024-04-20,양념갈비,0
2024-04-21,양념갈비,0
2024-04-22,양념갈비,0
2024-04-23,양념갈비,0
2024-04-24,양념갈비,0
2024-04-25,양념갈비,0
2024-04-26,양념갈비,0
2024-04-27,양념갈비,0
2024-04-28,양념갈비,0
2024-04-29,양념갈비,0
2024-04-30,양념갈비,0
2024-01-01,새우구이,0
2024-01-02,새우구이,0
2024-01-03,새우구이,0
2024-01-04,새우구이,0
2024-01-05,새우구이,0
2024-01-06,새우구이,0
2024-01-07,새우구이,0
2024-01-08,새우구이,0
2024-01-09,새우구이,0
2024-01-10,새우구이,0
2024-01-11,새우구이,0
2024-01-12,새우구이,0
2024-01-13,새우구이,0
2024-01-14,새우구이,0
2024-01-15,새우구이,0
2024-01-16,새우구이,0
2024-01-17,새우구이,0
2024-01-18,새우구이,0
2024-01-19,새우구이,0
2024-01-20,새우구이,0
2024-01-21,새우구이,0
2024-01-22,새우구이,0
2024-01-23,새우구이,0
2024-01-24,새우구이,0
2024-01-25,새우구이,0
2024-01-26,새우구이,0
2024-01-27,새우구이,0
2024-01-28,새우구이,0
2024-01-29,새우구이,0
2024-01-30,새우구이,0
2024-01-31,새우구이,0
2024-02-01,새우구이,0
2024-02-02,새우구이,0
2024-02-03,새우구이,0
2024-02-04,새우구이,0
2024-02-05,새우구이,0
2024-02-06,새우구이,29
2024-02-07,새우구이,0
2024-02-08,새우구이,0
2024-02-09,새우구이,0
2024-02-10,새우구이,0
2024-02-11,새우구이,0
2024-02-12,새우구이,0
2024-02-13,새우구이,0
2024-02-14,새우구이,0
2024-02-15,새우구이,0
2024-02-16,새우구이,0
2024-02-17,새우구이,0
2024-02-18,새우구이,0
2024-02-19,새우구이,0
2024-02-20,새우구이,0
2024-02-21,새우구이,0
2024-02-22,새우구이,0
2024-02-23,새우구이,0
2024-02-24,새우구이,0
2024-02-25,새우구이,0
2024-02-26,새우구이,0
2024-02-27,새우구이,0
2024-02-28,새우구이,0
2024-02-29,새우구이,0
2024-03-01,새우구이,0
2024-03-02,새우구이,0
2024-03-03,새우구이,0
2024-03-04,새우구이,0
2024-03-05,새우구이,0
2024-03-06,새우구이,0
2024-03-07,새우구이,0
2024-03-08,새우구이,0
2024-03-09,새우구이,0
2024-03-10,새우구이,0
2024-03-11,새우구이,0
2024-03-12,새우구이,0
2024-03-13,새우구이,0
2024-03-14,새우구이,0
2024-03-15,새우구이,0
2024-03-16,새우구이,0
2024-03-17,새우구이,0
2024-03-18,새우구이,0
2024-03-19,새우구이,0
2024-03-20,새우구이,0
2024-03-21,새우구이,0
2024-03-22,새우구이,0
2024-03-23,새우구이,0
2024-03-24,새우구이,0
2024-03-25,새우구이,0
2024-03-26,새우구이,0
2024-03-27,새우구이,0
2024-03-28,새우구이,0
2024-03-29,새우구이,0
2024-03-30,새우구이,0
2024-03-31,새우구이,0
2024-04-01,새우구이,0
2024-04-02,새우구이,0
2024-04-03,새우구이,0
2024-04-04,새우구이,0
2024-04-05,새우구이,0
2024-04-06,새우구이,0
2024-04-07,새우구이,0
2024-04-08,새우구이,0
2024-04-09,새우구이,0
2024-04-10,새우구이,0
2024-04-11,새우구이,0
2024-04-12,새우구이,0
2024-04-13,새우구이,0
2024-04-14,새우구이,0
2024-04-15,새우구이,0
2024-04-16,새우구이,0
2024-04-17,새우구이,0
2024-04-18,새우구이,0
2024-04-19,새우구이,0
2024-04-20,새우구이,0
2024-04-21,새우구이,0
2024-04-22,새우구이,0
2024-04-23,새우구이,0
2024-04-24,새우구이,0
2024-04-25,새우구이,0
2024-04-26,새우구이,0
2024-04-27,새우구이,0
2024-04-28,새우구이,0
2024-04-29,새우구이,0
2024-04-30,새우구이,0
2024-01-01,양념게장,0
2024-01-02,양념게장,0
2024-01-03,양념게장,0
2024-01-04,양념게장,0
2024-01-05,양념게장,0
2024-01-06,양념게장,0
2024-01-07,양념게장,0
2024-01-08,양념게장,0
2024-01-09,양념게장,0
2024-01-10,양념게장,0
2024-01-11,양념게장,0
2024-01-12,양념게장,0
2024-01-13,양념게장,0
2024-01-14,양념게장,0
2024-01-15,양념게장,0
2024-01-16,양념게장,0
2024-01-17,양념게장,0
2024-01-18,양념게장,0
2024-01-19,양념게장,0
2024-01-20,양념게장,0
2024-01-21,양념게장,0
2024-01-22,양념게장,0
2024-01-23,양념게장,0
2024-01-24,양념게장,0
2024-01-25,양념게장,0
2024-01-26,양념게장,0
2024-01-27,양념게장,0
2024-01-28,양념게장,0
2024-01-29,양념게장,0
2024-01-30,양념게장,0
2024-01-31,양념게장,0
2024-02-01,양념게장,0
2024-02-02,양념게장,0
2024-02-03,양념게장,0
2024-02-04,양념게장,0
2024-02-05,양념게장,0
2024-02-06,양념게장,0
2024-02-07,양념게장,0
2024-02-08,양념게장,0
2024-02-09,양념게장,0
2024-02-10,양념게장,0
2024-02-11,양념게장,0
2024-02-12,양념게장,0
2024-02-13,양념게장,0
2024-02-14,양념게장,0
2024-02-15,양념게장,0
2024-02-16,양념게장,0
2024-02-17,양념게장,0
2024-02-18,양념게장,0
2024-02-19,양념게장,0
2024-02-20,양념게장,0
2024-02-21,양념게장,0
2024-02-22,양념게장,0
2024-02-23,양념게장,0
2024-02-24,양념게장,0
2024-02-25,양념게장,0
2024-02-26,양념게장,0
2024-02-27,양념게장,0
2024-02-28,양념게장,0
2024-02-29,양념게장,0
2024-03-01,양념게장,0
2024-03-02,양념게장,0
2024-03-03,양념게장,0
2024-03-04,양념게장,0
2024-03-05,양념게장,0
2024-03-06,양념게장,0
2024-03-07,양념게장,0
2024-03-08,양념게장,0
2024-03-09,양념게장,0
2024-03-10,양념게장,0
2024-03-11,양념게장,0
2024-03-12,양념게장,0
2024-03-13,양념게장,0
2024-03-14,양념게장,0
2024-03-15,양념게장,0
2024-03-16,양념게장,0
2024-03-17,양념게장,0
2024-03-18,양념게장,0
2024-03-19,양념게장,0
2024-03-20,양념게장,0
2024-03-21,양념게장,0
2024-03-22,양념게장,0
2024-03-23,양념게장,0
2024-03-24,양념게장,0
2024-03-25,양념게장,0
2024-03-26,양념게장,0
2024-03-27,양념게장,0
2024-03-28,양념게장,0
2024-03-29,양념게장,0
2024-03-30,양념게장,0
2024-03-31,양념게장,0
2024-04-01,양념게장,0
2024-04-02,양념게장,0
2024-04-03,양념게장,0
2024-04-04,양념게장,0
2024-04-05,양념게장,0
2024-04-06,양념게장,0
2024-04-07,양념게장,0
2024-04-08,양념게장,0
2024-04-09,양념게장,0
2024-04-10,양념게장,0
2024-04-11,양념게장,0
2024-04-12,양념게장,0
2024-04-13,양념게장,0
2024-04-14,양념게장,0
2024-04-15,양념게장,0
2024-04-16,양념게장,0
2024-04-17,양념게장,0
2024-04-18,양념게장,0
2024-04-19,양념게장,0
2024-04-20,양념게장,0
2024-04-21,양념게장,0
2024-04-22,양념게장,0
2024-04-23,양념게장,0
2024-04-24,양념게장,0
2024-04-25,양념게장,0
2024-04-26,양념게장,0
2024-04-27,양념게장,0
2024-04-28,양념게장,0
2024-04-29,양념게장,0
2024-04-30,양념게장,0
2024-01-01,수육,20
2024-01-02,수육,13
2024-01-03,수육,18
2024-01-04,수육,16
2024-01-05,수육,13
2024-01-06,수육,31
2024-01-07,수육,24
2024-01-08,수육,19
2024-01-09,수육,16
2024-01-10,수육,20
2024-01-11,수육,21
2024-01-12,수육,28
2024-01-13,수육,18
2024-01-14,수육,18
2024-01-15,수육,19
2024-01-16,수육,16
2024-01-17,수육,12
2024-01-18,수육,14
2024-01-19,수육,20
2024-01-20,수육,18
2024-01-21,수육,24
2024-01-22,수육,23
2024-01-23,수육,12
2024-01-24,수육,17
2024-01-25,수육,19
2024-01-26,수육,17
2024-01-27,수육,23
2024-01-28,수육,24
2024-01-29,수육,13
2024-01-30,수육,16
2024-01-31,수육,15
2024-02-01,수육,17
2024-02-02,수육,21
2024-02-03,수육,21
2024-02-04,수육,24
2024-02-05,수육,0
2024-02-06,수육,20
2024-02-07,수육,13
2024-02-08,수육,20
2024-02-09,수육,28
2024-02-10,수육,18
2024-02-11,수육,11
2024-02-12,수육,12
2024-02-13,수육,10
2024-02-14,수육,9
2024-02-15,수육,12
2024-02-16,수육,16
2024-02-17,수육,15
2024-02-18,수육,12
2024-02-19,수육,13
2024-02-20,수육,16
2024-02-21,수육,13
2024-02-22,수육,17
2024-02-23,수육,18
2024-02-24,수육,18
2024-02-25,수육,13
2024-02-26,수육,17
2024-02-27,수육,18
2024-02-28,수육,20
2024-02-29,수육,22
2024-03-01,수육,21
2024-03-02,수육,27
2024-03-03,수육,24
2024-03-04,수육,20
2024-03-05,수육,20
2024-03-06,수육,16
2024-03-07,수육,12
2024-03-08,수육,15
2024-03-09,수육,18
2024-03-10,수육,20
2024-03-11,수육,13
2024-03-12,수육,20
2024-03-13,수육,20
2024-03-14,수육,18
2024-03-15,수육,12
2024-03-16,수육,23
2024-03-17,수육,14
2024-03-18,수육,0
2024-03-19,수육,16
2024-03-20,수육,13
2024-03-21,수육,13
2024-03-22,수육,18
2024-03-23,수육,23
2024-03-24,수육,0
2024-03-25,수육,14
2024-03-26,수육,21
2024-03-27,수육,20
2024-03-28,수육,15
2024-03-29,수육,16
2024-03-30,수육,19
2024-03-31,수육,15
2024-04-01,수육,17
2024-04-02,수육,16
2024-04-03,수육,12
2024-04-04,수육,18
2024-04-05,수육,14
2024-04-06,수육,16
2024-04-07,수육,20
2024-04-08,수육,15
2024-04-09,수육,10
2024-04-10,수육,14
2024-04-11,수육,73
2024-04-12,수육,100
2024-04-13,수육,22
2024-04-14,수육,14
2024-04-15,수육,18
2024-04-16,수육,25
2024-04-17,수육,23
2024-04-18,수육,23
2024-04-19,수육,22
2024-04-20,수육,19
2024-04-21,수육,18
2024-04-22,수육,21
2024-04-23,수육,50
2024-04-24,수육,19
2024-04-25,수육,16
2024-04-26,수육,16
2024-04-27,수육,23
2024-04-28,수육,17
2024-04-29,수육,9
2024-04-30,수육,16
2024-01-01,매운탕,11
2024-01-02,매운탕,13
2024-01-03,매운탕,8
2024-01-04,매운탕,0
2024-01-05,매운탕,9
2024-01-06,매운탕,0
2024-01-07,매운탕,10
2024-01-08,매운탕,0
2024-01-09,매운탕,0
2024-01-10,매운탕,8
2024-01-11,매운탕,0
2024-01-12,매운탕,10
2024-01-13,매운탕,0
2024-01-14,매운탕,12
2024-01-15,매운탕,9
2024-01-16,매운탕,0
2024-01-17,매운탕,0
2024-01-18,매운탕,0
2024-01-19,매운탕,0
2024-01-20,매운탕,13
2024-01-21,매운탕,0
2024-01-22,매운탕,0
2024-01-23,매운탕,0
2024-01-24,매운탕,8
2024-01-25,매운탕,0
2024-01-26,매운탕,12
2024-01-27,매운탕,0
2024-01-28,매운탕,0
2024-01-29,매운탕,0
2024-01-30,매운탕,10
2024-01-31,매운탕,15
2024-02-01,매운탕,0
2024-02-02,매운탕,9
2024-02-03,매운탕,0
2024-02-04,매운탕,0
2024-02-05,매운탕,9
2024-02-06,매운탕,0
2024-02-07,매운탕,0
2024-02-08,매운탕,0
2024-02-09,매운탕,0
2024-02-10,매운탕,0
2024-02-11,매운탕,13
2024-02-12,매운탕,15
2024-02-13,매운탕,0
2024-02-14,매운탕,0
2024-02-15,매운탕,0
2024-02-16,매운탕,0
2024-02-17,매운탕,11
2024-02-18,매운탕,0
2024-02-19,매운탕,0
2024-02-20,매운탕,10
2024-02-21,매운탕,0
2024-02-22,매운탕,8
2024-02-23,매운탕,0
2024-02-24,매운탕,10
2024-02-25,매운탕,13
2024-02-26,매운탕,8
2024-02-27,매운탕,0
2024-02-28,매운탕,0
2024-02-29,매운탕,0
2024-03-01,매운탕,0
2024-03-02,매운탕,0
2024-03-03,매운탕,10
2024-03-04,매운탕,0
2024-03-05,매운탕,0
2024-03-06,매운탕,0
2024-03-07,매운탕,0
2024-03-08,매운탕,0
2024-03-09,매운탕,0
2024-03-10,매운탕,14
2024-03-11,매운탕,0
2024-03-12,매운탕,0
2024-03-13,매운탕,0
2024-03-14,매운탕,9
2024-03-15,매운탕,9
2024-03-16,매운탕,0
2024-03-17,매운탕,0
2024-03-18,매운탕,10
2024-03-19,매운탕,0
2024-03-20,매운탕,9
2024-03-21,매운탕,0
2024-03-22,매운탕,0
2024-03-23,매운탕,0
2024-03-24,매운탕,10
2024-03-25,매운탕,0
2024-03-26,매운탕,0
2024-03-27,매운탕,0
2024-03-28,매운탕,9
2024-03-29,매운탕,0
2024-03-30,매운탕,0
2024-03-31,매운탕,0
2024-04-01,매운탕,0
2024-04-02,매운탕,9
2024-04-03,매운탕,9
2024-04-04,매운탕,0
2024-04-05,매운탕,9
2024-04-06,매운탕,0
2024-04-07,매운탕,0
2024-04-08,매운탕,0
2024-04-09,매운탕,0
2024-04-10,매운탕,0
2024-04-11,매운탕,0
2024-04-12,매운탕,9
2024-04-13,매운탕,0
2024-04-14,매운탕,11
2024-04-15,매운탕,0
2024-04-16,매운탕,0
2024-04-17,매운탕,0
2024-04-18,매운탕,0
2024-04-19,매운탕,0
2024-04-20,매운탕,0
2024-04-21,매운탕,9
2024-04-22,매운탕,0
2024-04-23,매운탕,0
2024-04-24,매운탕,0
2024-04-25,매운탕,0
2024-04-26,매운탕,0
2024-04-27,매운탕,0
2024-04-28,매운탕,0
2024-04-29,매운탕,0
2024-04-30,매운탕,0
2024-01-01,해물탕,0
2024-01-02,해물탕,0
2024-01-03,해물탕,0
2024-01-04,해물탕,0
2024-01-05,해물탕,0
2024-01-06,해물탕,0
2024-01-07,해물탕,0
2024-01-08,해물탕,0
2024-01-09,해물탕,0
2024-01-10,해물탕,0
2024-01-11,해물탕,0
2024-01-12,해물탕,0
2024-01-13,해물탕,0
2024-01-14,해물탕,0
2024-01-15,해물탕,0
2024-01-16,해물탕,0
2024-01-17,해물탕,0
2024-01-18,해물탕,0
2024-01-19,해물탕,0
2024-01-20,해물탕,0
2024-01-21,해물탕,0
2024-01-22,해물탕,0
2024-01-23,해물탕,0
2024-01-24,해물탕,0
2024-01-25,해물탕,0
2024-01-26,해물탕,0
2024-01-27,해물탕,0
2024-01-28,해물탕,0
2024-01-29,해물탕,0
2024-01-30,해물탕,0
2024-01-31,해물탕,0
2024-02-01,해물탕,0
2024-02-02,해물탕,0
2024-02-03,해물탕,0
2024-02-04,해물탕,0
2024-02-05,해물탕,0
2024-02-06,해물탕,0
2024-02-07,해물탕,11
2024-02-08,해물탕,0
2024-02-09,해물탕,0
2024-02-10,해물탕,0
2024-02-11,해물탕,0
2024-02-12,해물탕,0
2024-02-13,해물탕,0
2024-02-14,해물탕,0
2024-02-15,해물탕,0
2024-02-16,해물탕,0
2024-02-17,해물탕,0
2024-02-18,해물탕,0
2024-02-19,해물탕,0
2024-02-20,해물탕,0
2024-02-21,해물탕,0
2024-02-22,해물탕,0
2024-02-23,해물탕,0
2024-02-24,해물탕,0
2024-02-25,해물탕,0
2024-02-26,해물탕,0
2024-02-27,해물탕,0
2024-02-28,해물탕,0
2024-02-29,해물탕,9
2024-03-01,해물탕,0
2024-03-02,해물탕,0
2024-03-03,해물탕,0
2024-03-04,해물탕,0
2024-03-05,해물탕,0
2024-03-06,해물탕,0
2024-03-07,해물탕,0
2024-03-08,해물탕,0
2024-03-09,해물탕,0
2024-03-10,해물탕,0
2024-03-11,해물탕,0
2024-03-12,해물탕,0
2024-03-13,해물탕,0
2024-03-14,해물탕,0
2024-03-15,해물탕,0
2024-03-16,해물탕,0
2024-03-17,해물탕,0
2024-03-18,해물탕,0
2024-03-19,해물탕,0
2024-03-20,해물탕,0
2024-03-21,해물탕,0
2024-03-22,해물탕,0
2024-03-23,해물탕,0
2024-03-24,해물탕,0
2024-03-25,해물탕,0
2024-03-26,해물탕,0
2024-03-27,해물탕,0
2024-03-28,해물탕,0
2024-03-29,해물탕,0
2024-03-30,해물탕,0
2024-03-31,해물탕,0
2024-04-01,해물탕,0
2024-04-02,해물탕,0
2024-04-03,해물탕,0
2024-04-04,해물탕,0
2024-04-05,해물탕,0
2024-04-06,해물탕,0
2024-04-07,해물탕,0
2024-04-08,해물탕,0
2024-04-09,해물탕,0
2024-04-10,해물탕,0
2024-04-11,해물탕,0
2024-04-12,해물탕,0
2024-04-13,해물탕,0
2024-04-14,해물탕,0
2024-04-15,해물탕,0
2024-04-16,해물탕,0
2024-04-17,해물탕,0
2024-04-18,해물탕,0
2024-04-19,해물탕,0
2024-04-20,해물탕,0
2024-04-21,해물탕,0
2024-04-22,해물탕,0
2024-04-23,해물탕,0
2024-04-24,해물탕,0
2024-04-25,해물탕,0
2024-04-26,해물탕,0
2024-04-27,해물탕,0
2024-04-28,해물탕,0
2024-04-29,해물탕,0
2024-04-30,해물탕,0
2024-01-01,생선구이,11
2024-01-02,생선구이,0
2024-01-03,생선구이,0
2024-01-04,생선구이,0
2024-01-05,생선구이,0
2024-01-06,생선구이,13
2024-01-07,생선구이,14
2024-01-08,생선구이,0
2024-01-09,생선구이,0
2024-01-10,생선구이,0
2024-01-11,생선구이,0
2024-01-12,생선구이,9
2024-01-13,생선구이,10
2024-01-14,생선구이,14
2024-01-15,생선구이,9
2024-01-16,생선구이,10
2024-01-17,생선구이,0
2024-01-18,생선구이,0
2024-01-19,생선구이,9
2024-01-20,생선구이,0
2024-01-21,생선구이,10
2024-01-22,생선구이,0
2024-01-23,생선구이,11
2024-01-24,생선구이,0
2024-01-25,생선구이,0
2024-01-26,생선구이,13
2024-01-27,생선구이,0
2024-01-28,생선구이,0
2024-01-29,생선구이,0
2024-01-30,생선구이,0
2024-01-31,생선구이,0
2024-02-01,생선구이,12
2024-02-02,생선구이,10
2024-02-03,생선구이,0
2024-02-04,생선구이,0
2024-02-05,생선구이,0
2024-02-06,생선구이,0
2024-02-07,생선구이,9
2024-02-08,생선구이,0
2024-02-09,생선구이,0
2024-02-10,생선구이,0
2024-02-11,생선구이,0
2024-02-12,생선구이,11
2024-02-13,생선구이,0
2024-02-14,생선구이,0
2024-02-15,생선구이,0
2024-02-16,생선구이,0
2024-02-17,생선구이,0
2024-02-18,생선구이,12
2024-02-19,생선구이,8
2024-02-20,생선구이,0
2024-02-21,생선구이,0
2024-02-22,생선구이,0
2024-02-23,생선구이,0
2024-02-24,생선구이,9
2024-02-25,생선구이,0
2024-02-26,생선구이,0
2024-02-27,생선구이,0
2024-02-28,생선구이,0
2024-02-29,생선구이,0
2024-03-01,생선구이,19
2024-03-02,생선구이,0
2024-03-03,생선구이,0
2024-03-04,생선구이,0
2024-03-05,생선구이,14
2024-03-06,생선구이,0
2024-03-07,생선구이,0
2024-03-08,생선구이,10
2024-03-09,생선구이,13
2024-03-10,생선구이,13
2024-03-11,생선구이,0
2024-03-12,생선구이,0
2024-03-13,생선구이,11
2024-03-14,생선구이,10
2024-03-15,생선구이,0
2024-03-16,생선구이,9
2024-03-17,생선구이,0
2024-03-18,생선구이,0
2024-03-19,생선구이,0
2024-03-20,생선구이,0
2024-03-21,생선구이,0
2024-03-22,생선구이,0
2024-03-23,생선구이,0
2024-03-24,생선구이,0
2024-03-25,생선구이,9
2024-03-26,생선구이,0
2024-03-27,생선구이,0
2024-03-28,생선구이,8
2024-03-29,생선구이,0
2024-03-30,생선구이,15
2024-03-31,생선구이,0
2024-04-01,생선구이,0
2024-04-02,생선구이,8
2024-04-03,생선구이,0
2024-04-04,생선구이,0
2024-04-05,생선구이,0
2024-04-06,생선구이,15
2024-04-07,생선구이,12
2024-04-08,생선구이,0
2024-04-09,생선구이,8
2024-04-10,생선구이,0
2024-04-11,생선구이,0
2024-04-12,생선구이,9
2024-04-13,생선구이,0
2024-04-14,생선구이,14
2024-04-15,생선구이,0
2024-04-16,생선구이,0
2024-04-17,생선구이,0
2024-04-18,생선구이,0
2024-04-19,생선구이,0
2024-04-20,생선구이,0
2024-04-21,생선구이,12
2024-04-22,생선구이,8
2024-04-23,생선구이,9
2024-04-24,생선구이,0
2024-04-25,생선구이,0
2024-04-26,생선구이,0
2024-04-27,생선구이,0
2024-04-28,생선구이,0
2024-04-29,생선구이,0
2024-04-30,생선구이,0
2024-01-01,닭갈비,26
2024-01-02,닭갈비,36
2024-01-03,닭갈비,37
2024-01-04,닭갈비,47
2024-01-05,닭갈비,43
2024-01-06,닭갈비,66
2024-01-07,닭갈비,54
2024-01-08,닭갈비,34
2024-01-09,닭갈비,39
2024-01-10,닭갈비,53
2024-01-11,닭갈비,34
2024-01-12,닭갈비,58
2024-01-13,닭갈비,90
2024-01-14,닭갈비,58
2024-01-15,닭갈비,38
2024-01-16,닭갈비,34
2024-01-17,닭갈비,43
2024-01-18,닭갈비,56
2024-01-19,닭갈비,53
2024-01-20,닭갈비,43
2024-01-21,닭갈비,68
2024-01-22,닭갈비,40
2024-01-23,닭갈비,31
2024-01-24,닭갈비,40
2024-01-25,닭갈비,44
2024-01-26,닭갈비,36
2024-01-27,닭갈비,40
2024-01-28,닭갈비,45
2024-01-29,닭갈비,49
2024-01-30,닭갈비,46
2024-01-31,닭갈비,45
2024-02-01,닭갈비,57
2024-02-02,닭갈비,38
2024-02-03,닭갈비,52
2024-02-04,닭갈비,80
2024-02-05,닭갈비,44
2024-02-06,닭갈비,53
2024-02-07,닭갈비,53
2024-02-08,닭갈비,44
2024-02-09,닭갈비,44
2024-02-10,닭갈비,58
2024-02-11,닭갈비,58
2024-02-12,닭갈비,50
2024-02-13,닭갈비,48
2024-02-14,닭갈비,48
2024-02-15,닭갈비,37
2024-02-16,닭갈비,58
2024-02-17,닭갈비,67
2024-02-18,닭갈비,27
2024-02-19,닭갈비,30
2024-02-20,닭갈비,43
2024-02-21,닭갈비,35
2024-02-22,닭갈비,49
2024-02-23,닭갈비,58
2024-02-24,닭갈비,68
2024-02-25,닭갈비,46
2024-02-26,닭갈비,45
2024-02-27,닭갈비,28
2024-02-28,닭갈비,62
2024-02-29,닭갈비,28
2024-03-01,닭갈비,78
2024-03-02,닭갈비,50
2024-03-03,닭갈비,52
2024-03-04,닭갈비,0
2024-03-05,닭갈비,32
2024-03-06,닭갈비,37
2024-03-07,닭갈비,51
2024-03-08,닭갈비,41
2024-03-09,닭갈비,65
2024-03-10,닭갈비,50
2024-03-11,닭갈비,23
2024-03-12,닭갈비,46
2024-03-13,닭갈비,43
2024-03-14,닭갈비,53
2024-03-15,닭갈비,57
2024-03-16,닭갈비,62
2024-03-17,닭갈비,25
2024-03-18,닭갈비,35
2024-03-19,닭갈비,41
2024-03-20,닭갈비,42
2024-03-21,닭갈비,49
2024-03-22,닭갈비,62
2024-03-23,닭갈비,33
2024-03-24,닭갈비,0
2024-03-25,닭갈비,54
2024-03-26,닭갈비,44
2024-03-27,닭갈비,57
2024-03-28,닭갈비,32
2024-03-29,닭갈비,38
2024-03-30,닭갈비,43
2024-03-31,닭갈비,52
2024-04-01,닭갈비,51
2024-04-02,닭갈비,35
2024-04-03,닭갈비,41
2024-04-04,닭갈비,45
2024-04-05,닭갈비,54
2024-04-06,닭갈비,65
2024-04-07,닭갈비,46
2024-04-08,닭갈비,68
2024-04-09,닭갈비,50
2024-04-10,닭갈비,31
2024-04-11,닭갈비,45
2024-04-12,닭갈비,41
2024-04-13,닭갈비,57
2024-04-14,닭갈비,52
2024-04-15,닭갈비,51
2024-04-16,닭갈비,37
2024-04-17,닭갈비,39
2024-04-18,닭갈비,45
2024-04-19,닭갈비,60
2024-04-20,닭갈비,51
2024-04-21,닭갈비,43
2024-04-22,닭갈비,31
2024-04-23,닭갈비,41
2024-04-24,닭갈비,46
2024-04-25,닭갈비,48
2024-04-26,닭갈비,82
2024-04-27,닭갈비,35
2024-04-28,닭갈비,64
2024-04-29,닭갈비,41
2024-04-30,닭갈비,64
2024-01-01,해장국,82
2024-01-02,해장국,67
2024-01-03,해장국,64
2024-01-04,해장국,52
2024-01-05,해장국,47
2024-01-06,해장국,71
2024-01-07,해장국,71
2024-01-08,해장국,53
2024-01-09,해장국,63
2024-01-10,해장국,51
2024-01-11,해장국,64
2024-01-12,해장국,70
2024-01-13,해장국,64
2024-01-14,해장국,69
2024-01-15,해장국,56
2024-01-16,해장국,62
2024-01-17,해장국,67
2024-01-18,해장국,60
2024-01-19,해장국,77
2024-01-20,해장국,69
2024-01-21,해장국,63
2024-01-22,해장국,62
2024-01-23,해장국,61
2024-01-24,해장국,52
2024-01-25,해장국,69
2024-01-26,해장국,100
2024-01-27,해장국,66
2024-01-28,해장국,86
2024-01-29,해장국,67
2024-01-30,해장국,36
2024-01-31,해장국,61
2024-02-01,해장국,34
2024-02-02,해장국,55
2024-02-03,해장국,60
2024-02-04,해장국,64
2024-02-05,해장국,39
2024-02-06,해장국,61
2024-02-07,해장국,38
2024-02-08,해장국,81
2024-02-09,해장국,77
2024-02-10,해장국,82
2024-02-11,해장국,84
2024-02-12,해장국,48
2024-02-13,해장국,57
2024-02-14,해장국,41
2024-02-15,해장국,47
2024-02-16,해장국,37
2024-02-17,해장국,71
2024-02-18,해장국,63
2024-02-19,해장국,57
2024-02-20,해장국,44
2024-02-21,해장국,46
2024-02-22,해장국,50
2024-02-23,해장국,52
2024-02-24,해장국,74
2024-02-25,해장국,58
2024-02-26,해장국,40
2024-02-27,해장국,43
2024-02-28,해장국,46
2024-02-29,해장국,59
2024-03-01,해장국,67
2024-03-02,해장국,83
2024-03-03,해장국,71
2024-03-04,해장국,46
2024-03-05,해장국,28
2024-03-06,해장국,51
2024-03-07,해장국,40
2024-03-08,해장국,53
2024-03-09,해장국,74
2024-03-10,해장국,70
2024-03-11,해장국,55
2024-03-12,해장국,55
2024-03-13,해장국,44
2024-03-14,해장국,45
2024-03-15,해장국,51
2024-03-16,해장국,77
2024-03-17,해장국,55
2024-03-18,해장국,37
2024-03-19,해장국,69
2024-03-20,해장국,61
2024-03-21,해장국,59
2024-03-22,해장국,58
2024-03-23,해장국,59
2024-03-24,해장국,71
2024-03-25,해장국,68
2024-03-26,해장국,36
2024-03-27,해장국,39
2024-03-28,해장국,34
2024-03-29,해장국,34
2024-03-30,해장국,65
2024-03-31,해장국,59
2024-04-01,해장국,70
2024-04-02,해장국,38
2024-04-03,해장국,45
2024-04-04,해장국,47
2024-04-05,해장국,42
2024-04-06,해장국,61
2024-04-07,해장국,70
2024-04-08,해장국,52
2024-04-09,해장국,38
2024-04-10,해장국,64
2024-04-11,해장국,63
2024-04-12,해장국,55
2024-04-13,해장국,71
2024-04-14,해장국,49
2024-04-15,해장국,38
2024-04-16,해장국,69
2024-04-17,해장국,58
2024-04-18,해장국,51
2024-04-19,해장국,65
2024-04-20,해장국,73
2024-04-21,해장국,71
2024-04-22,해장국,44
2024-04-23,해장국,53
2024-04-24,해장국,58
2024-04-25,해장국,48
2024-04-26,해장국,46
2024-04-27,해장국,76
2024-04-28,해장국,65
2024-04-29,해장국,49
2024-04-30,해장국,77
2024-01-01,보쌈,96
2024-01-02,보쌈,27
2024-01-03,보쌈,61
2024-01-04,보쌈,67
2024-01-05,보쌈,43
2024-01-06,보쌈,81
2024-01-07,보쌈,75
2024-01-08,보쌈,64
2024-01-09,보쌈,66
2024-01-10,보쌈,64
2024-01-11,보쌈,73
2024-01-12,보쌈,65
2024-01-13,보쌈,89
2024-01-14,보쌈,68
2024-01-15,보쌈,63
2024-01-16,보쌈,87
2024-01-17,보쌈,57
2024-01-18,보쌈,57
2024-01-19,보쌈,39
2024-01-20,보쌈,66
2024-01-21,보쌈,43
2024-01-22,보쌈,46
2024-01-23,보쌈,45
2024-01-24,보쌈,45
2024-01-25,보쌈,73
2024-01-26,보쌈,62
2024-01-27,보쌈,54
2024-01-28,보쌈,67
2024-01-29,보쌈,53
2024-01-30,보쌈,42
2024-01-31,보쌈,55
2024-02-01,보쌈,33
2024-02-02,보쌈,55
2024-02-03,보쌈,70
2024-02-04,보쌈,51
2024-02-05,보쌈,43
2024-02-06,보쌈,46
2024-02-07,보쌈,38
2024-02-08,보쌈,41
2024-02-09,보쌈,39
2024-02-10,보쌈,55
2024-02-11,보쌈,76
2024-02-12,보쌈,53
2024-02-13,보쌈,50
2024-02-14,보쌈,0
2024-02-15,보쌈,39
2024-02-16,보쌈,41
2024-02-17,보쌈,55
2024-02-18,보쌈,71
2024-02-19,보쌈,52
2024-02-20,보쌈,31
2024-02-21,보쌈,32
2024-02-22,보쌈,42
2024-02-23,보쌈,37
2024-02-24,보쌈,59
2024-02-25,보쌈,31
2024-02-26,보쌈,58
2024-02-27,보쌈,54
2024-02-28,보쌈,0
2024-02-29,보쌈,46
2024-03-01,보쌈,63
2024-03-02,보쌈,63
2024-03-03,보쌈,69
2024-03-04,보쌈,0
2024-03-05,보쌈,40
2024-03-06,보쌈,49
2024-03-07,보쌈,52
2024-03-08,보쌈,55
2024-03-09,보쌈,47
2024-03-10,보쌈,61
2024-03-11,보쌈,40
2024-03-12,보쌈,40
2024-03-13,보쌈,50
2024-03-14,보쌈,32
2024-03-15,보쌈,52
2024-03-16,보쌈,74
2024-03-17,보쌈,63
2024-03-18,보쌈,62
2024-03-19,보쌈,48
2024-03-20,보쌈,57
2024-03-21,보쌈,42
2024-03-22,보쌈,57
2024-03-23,보쌈,44
2024-03-24,보쌈,60
2024-03-25,보쌈,47
2024-03-26,보쌈,46
2024-03-27,보쌈,40
2024-03-28,보쌈,43
2024-03-29,보쌈,43
2024-03-30,보쌈,53
2024-03-31,보쌈,41
2024-04-01,보쌈,40
2024-04-02,보쌈,47
2024-04-03,보쌈,28
2024-04-04,보쌈,27
2024-04-05,보쌈,58
2024-04-06,보쌈,35
2024-04-07,보쌈,65
2024-04-08,보쌈,50
2024-04-09,보쌈,36
2024-04-10,보쌈,0
2024-04-11,보쌈,34
2024-04-12,보쌈,62
2024-04-13,보쌈,44
2024-04-14,보쌈,26
2024-04-15,보쌈,49
2024-04-16,보쌈,45
2024-04-17,보쌈,40
2024-04-18,보쌈,57
2024-04-19,보쌈,36
2024-04-20,보쌈,46
2024-04-21,보쌈,31
2024-04-22,보쌈,39
2024-04-23,보쌈,31
2024-04-24,보쌈,33
2024-04-25,보쌈,36
2024-04-26,보쌈,55
2024-04-27,보쌈,63
2024-04-28,보쌈,40
2024-04-29,보쌈,47
2024-04-30,보쌈,65
2024-01-01,비빔냉면,0
2024-01-02,비빔냉면,0
2024-01-03,비빔냉면,0
2024-01-04,비빔냉면,0
2024-01-05,비빔냉면,0
2024-01-06,비빔냉면,0
2024-01-07,비빔냉면,0
2024-01-08,비빔냉면,0
2024-01-09,비빔냉면,0
2024-01-10,비빔냉면,0
2024-01-11,비빔냉면,0
2024-01-12,비빔냉면,0
2024-01-13,비빔냉면,0
2024-01-14,비빔냉면,0
2024-01-15,비빔냉면,0
2024-01-16,비빔냉면,0
2024-01-17,비빔냉면,0
2024-01-18,비빔냉면,0
2024-01-19,비빔냉면,0
2024-01-20,비빔냉면,0
2024-01-21,비빔냉면,0
2024-01-22,비빔냉면,0
2024-01-23,비빔냉면,0
2024-01-24,비빔냉면,0
2024-01-25,비빔냉면,0
2024-01-26,비빔냉면,0
2024-01-27,비빔냉면,0
2024-01-28,비빔냉면,0
2024-01-29,비빔냉면,0
2024-01-30,비빔냉면,0
2024-01-31,비빔냉면,0
2024-02-01,비빔냉면,0
2024-02-02,비빔냉면,0
2024-02-03,비빔냉면,0
2024-02-04,비빔냉면,0
2024-02-05,비빔냉면,0
2024-02-06,비빔냉면,0
2024-02-07,비빔냉면,0
2024-02-08,비빔냉면,0
2024-02-09,비빔냉면,0
2024-02-10,비빔냉면,0
2024-02-11,비빔냉면,0
2024-02-12,비빔냉면,0
2024-02-13,비빔냉면,0
2024-02-14,비빔냉면,0
2024-02-15,비빔냉면,0
2024-02-16,비빔냉면,0
2024-02-17,비빔냉면,0
2024-02-18,비빔냉면,0
2024-02-19,비빔냉면,0
2024-02-20,비빔냉면,0
2024-02-21,비빔냉면,0
2024-02-22,비빔냉면,0
2024-02-23,비빔냉면,0
2024-02-24,비빔냉면,0
2024-02-25,비빔냉면,0
2024-02-26,비빔냉면,0
2024-02-27,비빔냉면,0
2024-02-28,비빔냉면,0
2024-02-29,비빔냉면,0
2024-03-01,비빔냉면,0
2024-03-02,비빔냉면,0
2024-03-03,비빔냉면,0
2024-03-04,비빔냉면,0
2024-03-05,비빔냉면,0
2024-03-06,비빔냉면,0
2024-03-07,비빔냉면,0
2024-03-08,비빔냉면,0
2024-03-09,비빔냉면,0
2024-03-10,비빔냉면,0
2024-03-11,비빔냉면,0
2024-03-12,비빔냉면,0
2024-03-13,비빔냉면,0
2024-03-14,비빔냉면,0
2024-03-15,비빔냉면,0
2024-03-16,비빔냉면,0
2024-03-17,비빔냉면,0
2024-03-18,비빔냉면,0
2024-03-19,비빔냉면,0
2024-03-20,비빔냉면,0
2024-03-21,비빔냉면,0
2024-03-22,비빔냉면,0
2024-03-23,비빔냉면,0
2024-03-24,비빔냉면,0
2024-03-25,비빔냉면,0
2024-03-26,비빔냉면,0
2024-03-27,비빔냉면,0
2024-03-28,비빔냉면,0
2024-03-29,비빔냉면,0
2024-03-30,비빔냉면,0
2024-03-31,비빔냉면,0
2024-04-01,비빔냉면,0
2024-04-02,비빔냉면,0
2024-04-03,비빔냉면,0
2024-04-04,비빔냉면,0
2024-04-05,비빔냉면,0
2024-04-06,비빔냉면,0
2024-04-07,비빔냉면,0
2024-04-08,비빔냉면,0
2024-04-09,비빔냉면,0
2024-04-10,비빔냉면,0
2024-04-11,비빔냉면,0
2024-04-12,비빔냉면,0
2024-04-13,비빔냉면,0
2024-04-14,비빔냉면,0
2024-04-15,비빔냉면,0
2024-04-16,비빔냉면,0
2024-04-17,비빔냉면,0
2024-04-18,비빔냉면,0
2024-04-19,비빔냉면,0
2024-04-20,비빔냉면,0
2024-04-21,비빔냉면,0
2024-04-22,비빔냉면,0
2024-04-23,비빔냉면,0
2024-04-24,비빔냉면,0
2024-04-25,비빔냉면,0
2024-04-26,비빔냉면,0
2024-04-27,비빔냉면,0
2024-04-28,비빔냉면,0
2024-04-29,비빔냉면,0
2024-04-30,비빔냉면,0
2024-01-01,설렁탕,42
2024-01-02,설렁탕,0
2024-01-03,설렁탕,27
2024-01-04,설렁탕,30
2024-01-05,설렁탕,37
2024-01-06,설렁탕,32
2024-01-07,설렁탕,46
2024-01-08,설렁탕,31
2024-01-09,설렁탕,23
2024-01-10,설렁탕,28
2024-01-11,설렁탕,0
2024-01-12,설렁탕,29
2024-01-13,설렁탕,35
2024-01-14,설렁탕,25
2024-01-15,설렁탕,32
2024-01-16,설렁탕,24
2024-01-17,설렁탕,38
2024-01-18,설렁탕,0
2024-01-19,설렁탕,31
2024-01-20,설렁탕,0
2024-01-21,설렁탕,32
2024-01-22,설렁탕,29
2024-01-23,설렁탕,25
2024-01-24,설렁탕,27
2024-01-25,설렁탕,0
2024-01-26,설렁탕,35
2024-01-27,설렁탕,33
2024-01-28,설렁탕,34
2024-01-29,설렁탕,28
2024-01-30,설렁탕,0
2024-01-31,설렁탕,0
2024-02-01,설렁탕,0
2024-02-02,설렁탕,23
2024-02-03,설렁탕,30
2024-02-04,설렁탕,30
2024-02-05,설렁탕,42
2024-02-06,설렁탕,0
2024-02-07,설렁탕,25
2024-02-08,설렁탕,36
2024-02-09,설렁탕,33
2024-02-10,설렁탕,0
2024-02-11,설렁탕,71
2024-02-12,설렁탕,0
2024-02-13,설렁탕,44
2024-02-14,설렁탕,27
2024-02-15,설렁탕,24
2024-02-16,설렁탕,31
2024-02-17,설렁탕,35
2024-02-18,설렁탕,39
2024-02-19,설렁탕,26
2024-02-20,설렁탕,32
2024-02-21,설렁탕,0
2024-02-22,설렁탕,25
2024-02-23,설렁탕,31
2024-02-24,설렁탕,34
2024-02-25,설렁탕,25
2024-02-26,설렁탕,27
2024-02-27,설렁탕,24
2024-02-28,설렁탕,0
2024-02-29,설렁탕,29
2024-03-01,설렁탕,49
2024-03-02,설렁탕,77
2024-03-03,설렁탕,27
2024-03-04,설렁탕,28
2024-03-05,설렁탕,22
2024-03-06,설렁탕,0
2024-03-07,설렁탕,0
2024-03-08,설렁탕,23
2024-03-09,설렁탕,0
2024-03-10,설렁탕,44
2024-03-11,설렁탕,30
2024-03-12,설렁탕,32
2024-03-13,설렁탕,0
2024-03-14,설렁탕,0
2024-03-15,설렁탕,0
2024-03-16,설렁탕,31
2024-03-17,설렁탕,0
2024-03-18,설렁탕,42
2024-03-19,설렁탕,27
2024-03-20,설렁탕,43
2024-03-21,설렁탕,0
2024-03-22,설렁탕,0
2024-03-23,설렁탕,30
2024-03-24,설렁탕,0
2024-03-25,설렁탕,25
2024-03-26,설렁탕,37
2024-03-27,설렁탕,0
2024-03-28,설렁탕,0
2024-03-29,설렁탕,37
2024-03-30,설렁탕,0
2024-03-31,설렁탕,0
2024-04-01,설렁탕,0
2024-04-02,설렁탕,27
2024-04-03,설렁탕,0
2024-04-04,설렁탕,33
2024-04-05,설렁탕,25
2024-04-06,설렁탕,41
2024-04-07,설렁탕,32
2024-04-08,설렁탕,23
2024-04-09,설렁탕,22
2024-04-10,설렁탕,0
2024-04-11,설렁탕,42
2024-04-12,설렁탕,25
2024-04-13,설렁탕,0
2024-04-14,설렁탕,28
2024-04-15,설렁탕,0
2024-04-16,설렁탕,28
2024-04-17,설렁탕,0
2024-04-18,설렁탕,0
2024-04-19,설렁탕,24
2024-04-20,설렁탕,41
2024-04-21,설렁탕,0
2024-04-22,설렁탕,29
2024-04-23,설렁탕,27
2024-04-24,설렁탕,0
2024-04-25,설렁탕,25
2024-04-26,설렁탕,0
2024-04-27,설렁탕,41
2024-04-28,설렁탕,0
2024-04-29,설렁탕,23
2024-04-30,설렁탕,0
2024-01-01,곰탕,46
2024-01-02,곰탕,40
2024-01-03,곰탕,59
2024-01-04,곰탕,29
2024-01-05,곰탕,46
2024-01-06,곰탕,41
2024-01-07,곰탕,61
2024-01-08,곰탕,45
2024-01-09,곰탕,41
2024-01-10,곰탕,81
2024-01-11,곰탕,40
2024-01-12,곰탕,40
2024-01-13,곰탕,62
2024-01-14,곰탕,47
2024-01-15,곰탕,30
2024-01-16,곰탕,31
2024-01-17,곰탕,34
2024-01-18,곰탕,35
2024-01-19,곰탕,51
2024-01-20,곰탕,50
2024-01-21,곰탕,50
2024-01-22,곰탕,47
2024-01-23,곰탕,57
2024-01-24,곰탕,47
2024-01-25,곰탕,48
2024-01-26,곰탕,0
2024-01-27,곰탕,63
2024-01-28,곰탕,39
2024-01-29,곰탕,39
2024-01-30,곰탕,49
2024-01-31,곰탕,46
2024-02-01,곰탕,37
2024-02-02,곰탕,26
2024-02-03,곰탕,48
2024-02-04,곰탕,49
2024-02-05,곰탕,45
2024-02-06,곰탕,64
2024-02-07,곰탕,34
2024-02-08,곰탕,70
2024-02-09,곰탕,54
2024-02-10,곰탕,33
2024-02-11,곰탕,50
2024-02-12,곰탕,77
2024-02-13,곰탕,72
2024-02-14,곰탕,88
2024-02-15,곰탕,46
2024-02-16,곰탕,33
2024-02-17,곰탕,56
2024-02-18,곰탕,56
2024-02-19,곰탕,38
2024-02-20,곰탕,54
2024-02-21,곰탕,34
2024-02-22,곰탕,48
2024-02-23,곰탕,40
2024-02-24,곰탕,45
2024-02-25,곰탕,40
2024-02-26,곰탕,34
2024-02-27,곰탕,51
2024-02-28,곰탕,35
2024-02-29,곰탕,47
2024-03-01,곰탕,47
2024-03-02,곰탕,36
2024-03-03,곰탕,68
2024-03-04,곰탕,54
2024-03-05,곰탕,39
2024-03-06,곰탕,44
2024-03-07,곰탕,50
2024-03-08,곰탕,36
2024-03-09,곰탕,44
2024-03-10,곰탕,44
2024-03-11,곰탕,52
2024-03-12,곰탕,43
2024-03-13,곰탕,53
2024-03-14,곰탕,35
2024-03-15,곰탕,40
2024-03-16,곰탕,46
2024-03-17,곰탕,38
2024-03-18,곰탕,32
2024-03-19,곰탕,26
2024-03-20,곰탕,44
2024-03-21,곰탕,41
2024-03-22,곰탕,30
2024-03-23,곰탕,45
2024-03-24,곰탕,28
2024-03-25,곰탕,35
2024-03-26,곰탕,35
2024-03-27,곰탕,29
2024-03-28,곰탕,0
2024-03-29,곰탕,0
2024-03-30,곰탕,33
2024-03-31,곰탕,37
2024-04-01,곰탕,25
2024-04-02,곰탕,32
2024-04-03,곰탕,31
2024-04-04,곰탕,26
2024-04-05,곰탕,40
2024-04-06,곰탕,33
2024-04-07,곰탕,25
2024-04-08,곰탕,28
2024-04-09,곰탕,28
2024-04-10,곰탕,0
2024-04-11,곰탕,23
2024-04-12,곰탕,31
2024-04-13,곰탕,0
2024-04-14,곰탕,0
2024-04-15,곰탕,39
2024-04-16,곰탕,0
2024-04-17,곰탕,24
2024-04-18,곰탕,28
2024-04-19,곰탕,26
2024-04-20,곰탕,27
2024-04-21,곰탕,30
2024-04-22,곰탕,29
2024-04-23,곰탕,26
2024-04-24,곰탕,32
2024-04-25,곰탕,42
2024-04-26,곰탕,33
2024-04-27,곰탕,0
2024-04-28,곰탕,29
2024-04-29,곰탕,32
2024-04-30,곰탕,45
2024-01-01,정식,67
2024-01-02,정식,62
2024-01-03,정식,78
2024-01-04,정식,51
2024-01-05,정식,64
2024-01-06,정식,65
2024-01-07,정식,47
2024-01-08,정식,66
2024-01-09,정식,67
2024-01-10,정식,74
2024-01-11,정식,61
2024-01-12,정식,68
2024-01-13,정식,59
2024-01-14,정식,69
2024-01-15,정식,82
2024-01-16,정식,51
2024-01-17,정식,63
2024-01-18,정식,58
2024-01-19,정식,60
2024-01-20,정식,58
2024-01-21,정식,49
2024-01-22,정식,77
2024-01-23,정식,73
2024-01-24,정식,46
2024-01-25,정식,47
2024-01-26,정식,53
2024-01-27,정식,68
2024-01-28,정식,76
2024-01-29,정식,94
2024-01-30,정식,76
2024-01-31,정식,73
2024-02-01,정식,70
2024-02-02,정식,71
2024-02-03,정식,62
2024-02-04,정식,78
2024-02-05,정식,72
2024-02-06,정식,68
2024-02-07,정식,61
2024-02-08,정식,66
2024-02-09,정식,64
2024-02-10,정식,42
2024-02-11,정식,64
2024-02-12,정식,76
2024-02-13,정식,66
2024-02-14,정식,57
2024-02-15,정식,58
2024-02-16,정식,27
2024-02-17,정식,29
2024-02-18,정식,78
2024-02-19,정식,58
2024-02-20,정식,75
2024-02-21,정식,69
2024-02-22,정식,47
2024-02-23,정식,57
2024-02-24,정식,63
2024-02-25,정식,54
2024-02-26,정식,62
2024-02-27,정식,67
2024-02-28,정식,48
2024-02-29,정식,51
2024-03-01,정식,51
2024-03-02,정식,55
2024-03-03,정식,67
2024-03-04,정식,65
2024-03-05,정식,55
2024-03-06,정식,52
2024-03-07,정식,63
2024-03-08,정식,51
2024-03-09,정식,71
2024-03-10,정식,56
2024-03-11,정식,55
2024-03-12,정식,40
2024-03-13,정식,63
2024-03-14,정식,59
2024-03-15,정식,64
2024-03-16,정식,65
2024-03-17,정식,70
2024-03-18,정식,67
2024-03-19,정식,60
2024-03-20,정식,68
2024-03-21,정식,53
2024-03-22,정식,75
2024-03-23,정식,71
2024-03-24,정식,44
2024-03-25,정식,44
2024-03-26,정식,61
2024-03-27,정식,63
2024-03-28,정식,55
2024-03-29,정식,50
2024-03-30,정식,61
2024-03-31,정식,60
2024-04-01,정식,72
2024-04-02,정식,70
2024-04-03,정식,65
2024-04-04,정식,60
2024-04-05,정식,70
2024-04-06,정식,54
2024-04-07,정식,73
2024-04-08,정식,70
2024-04-09,정식,55
2024-04-10,정식,73
2024-04-11,정식,55
2024-04-12,정식,81
2024-04-13,정식,51
2024-04-14,정식,57
2024-04-15,정식,59
2024-04-16,정식,48
2024-04-17,정식,65
2024-04-18,정식,100
2024-04-19,정식,65
2024-04-20,정식,92
2024-04-21,정식,51
2024-04-22,정식,79
2024-04-23,정식,78
2024-04-24,정식,63
2024-04-25,정식,66
2024-04-26,정식,47
2024-04-27,정식,50
2024-04-28,정식,54
2024-04-29,정식,62
2024-04-30,정식,54
2024-01-01,간장게장,3
2024-01-02,간장게장,3
2024-01-03,간장게장,2
2024-01-04,간장게장,2
2024-01-05,간장게장,0
2024-01-06,간장게장,0
2024-01-07,간장게장,2
2024-01-08,간장게장,0
2024-01-09,간장게장,3
2024-01-10,간장게장,2
2024-01-11,간장게장,2
2024-01-12,간장게장,2
2024-01-13,간장게장,3
2024-01-14,간장게장,2
2024-01-15,간장게장,3
2024-01-16,간장게장,0
2024-01-17,간장게장,2
2024-01-18,간장게장,0
2024-01-19,간장게장,2
2024-01-20,간장게장,0
2024-01-21,간장게장,2
2024-01-22,간장게장,2
2024-01-23,간장게장,3
2024-01-24,간장게장,0
2024-01-25,간장게장,2
2024-01-26,간장게장,0
2024-01-27,간장게장,3
2024-01-28,간장게장,0
2024-01-29,간장게장,0
2024-01-30,간장게장,2
2024-01-31,간장게장,2
2024-02-01,간장게장,2
2024-02-02,간장게장,2
2024-02-03,간장게장,3
2024-02-04,간장게장,0
2024-02-05,간장게장,2
2024-02-06,간장게장,2
2024-02-07,간장게장,2
2024-02-08,간장게장,3
2024-02-09,간장게장,0
2024-02-10,간장게장,3
2024-02-11,간장게장,0
2024-02-12,간장게장,2
2024-02-13,간장게장,2
2024-02-14,간장게장,3
2024-02-15,간장게장,0
2024-02-16,간장게장,3
2024-02-17,간장게장,0
2024-02-18,간장게장,2
2024-02-19,간장게장,2
2024-02-20,간장게장,0
2024-02-21,간장게장,0
2024-02-22,간장게장,0
2024-02-23,간장게장,2
2024-02-24,간장게장,0
2024-02-25,간장게장,2
2024-02-26,간장게장,2
2024-02-27,간장게장,2
2024-02-28,간장게장,2
2024-02-29,간장게장,0
2024-03-01,간장게장,2
2024-03-02,간장게장,0
2024-03-03,간장게장,0
2024-03-04,간장게장,0
2024-03-05,간장게장,0
2024-03-06,간장게장,2
2024-03-07,간장게장,2
2024-03-08,간장게장,0
2024-03-09,간장게장,0
2024-03-10,간장게장,2
2024-03-11,간장게장,5
2024-03-12,간장게장,28
2024-03-13,간장게장,4
2024-03-14,간장게장,0
2024-03-15,간장게장,0
2024-03-16,간장게장,0
2024-03-17,간장게장,0
2024-03-18,간장게장,2
2024-03-19,간장게장,2
2024-03-20,간장게장,2
2024-03-21,간장게장,0
2024-03-22,간장게장,3
2024-03-23,간장게장,2
2024-03-24,간장게장,2
2024-03-25,간장게장,2
2024-03-26,간장게장,0
2024-03-27,간장게장,0
2024-03-28,간장게장,2
2024-03-29,간장게장,2
2024-03-30,간장게장,0
2024-03-31,간장게장,0
2024-04-01,간장게장,0
2024-04-02,간장게장,2
2024-04-03,간장게장,2
2024-04-04,간장게장,0
2024-04-05,간장게장,0
2024-04-06,간장게장,2
2024-04-07,간장게장,2
2024-04-08,간장게장,0
2024-04-09,간장게장,3
2024-04-10,간장게장,3
2024-04-11,간장게장,2
2024-04-12,간장게장,2
2024-04-13,간장게장,3
2024-04-14,간장게장,0
2024-04-15,간장게장,3
2024-04-16,간장게장,0
2024-04-17,간장게장,0
2024-04-18,간장게장,0
2024-04-19,간장게장,2
2024-04-20,간장게장,3
2024-04-21,간장게장,3
2024-04-22,간장게장,2
2024-04-23,간장게장,2
2024-04-24,간장게장,2
2024-04-25,간장게장,2
2024-04-26,간장게장,0
2024-04-27,간장게장,2
2024-04-28,간장게장,0
2024-04-29,간장게장,0
2024-04-30,간장게장,2
2024-01-01,탕,25
2024-01-02,탕,24
2024-01-03,탕,23
2024-01-04,탕,23
2024-01-05,탕,21
2024-01-06,탕,26
2024-01-07,탕,25
2024-01-08,탕,23
2024-01-09,탕,26
2024-01-10,탕,28
2024-01-11,탕,26
2024-01-12,탕,25
2024-01-13,탕,26
2024-01-14,탕,26
2024-01-15,탕,23
2024-01-16,탕,100
2024-01-17,탕,75
2024-01-18,탕,59
2024-01-19,탕,40
2024-01-20,탕,38
2024-01-21,탕,35
2024-01-22,탕,27
2024-01-23,탕,23
2024-01-24,탕,25
2024-01-25,탕,24
2024-01-26,탕,21
2024-01-27,탕,29
2024-01-28,탕,24
2024-01-29,탕,24
2024-01-30,탕,28
2024-01-31,탕,22
2024-02-01,탕,21
2024-02-02,탕,19
2024-02-03,탕,28
2024-02-04,탕,24
2024-02-05,탕,18
2024-02-06,탕,19
2024-02-07,탕,22
2024-02-08,탕,23
2024-02-09,탕,32
2024-02-10,탕,24
2024-02-11,탕,29
2024-02-12,탕,29
2024-02-13,탕,20
2024-02-14,탕,21
2024-02-15,탕,21
2024-02-16,탕,23
2024-02-17,탕,23
2024-02-18,탕,23
2024-02-19,탕,22
2024-02-20,탕,18
2024-02-21,탕,21
2024-02-22,탕,21
2024-02-23,탕,21
2024-02-24,탕,21
2024-02-25,탕,20
2024-02-26,탕,17
2024-02-27,탕,20
2024-02-28,탕,18
2024-02-29,탕,20
2024-03-01,탕,22
2024-03-02,탕,22
2024-03-03,탕,19
2024-03-04,탕,18
2024-03-05,탕,18
2024-03-06,탕,19
2024-03-07,탕,18
2024-03-08,탕,21
2024-03-09,탕,23
2024-03-10,탕,25
2024-03-11,탕,20
2024-03-12,탕,22
2024-03-13,탕,24
2024-03-14,탕,20
2024-03-15,탕,24
2024-03-16,탕,24
2024-03-17,탕,23
2024-03-18,탕,16
2024-03-19,탕,21
2024-03-20,탕,20
2024-03-21,탕,22
2024-03-22,탕,24
2024-03-23,탕,26
2024-03-24,탕,19
2024-03-25,탕,18
2024-03-26,탕,20
2024-03-27,탕,15
2024-03-28,탕,16
2024-03-29,탕,19
2024-03-30,탕,22
2024-03-31,탕,21
2024-04-01,탕,16
2024-04-02,탕,19
2024-04-03,탕,16
2024-04-04,탕,21
2024-04-05,탕,19
2024-04-06,탕,21
2024-04-07,탕,21
2024-04-08,탕,16
2024-04-09,탕,20
2024-04-10,탕,18
2024-04-11,탕,19
2024-04-12,탕,20
2024-04-13,탕,22
2024-04-14,탕,19
2024-04-15,탕,18
2024-04-16,탕,18
2024-04-17,탕,19
2024-04-18,탕,19
2024-04-19,탕,22
2024-04-20,탕,23
2024-04-21,탕,20
2024-04-22,탕,17
2024-04-23,탕,16
2024-04-24,탕,16
2024-04-25,탕,18
2024-04-26,탕,19
2024-04-27,탕,24
2024-04-28,탕,17
2024-04-29,탕,21
2024-04-30,탕,18
2024-01-01,제육볶음,2
2024-01-02,제육볶음,2
2024-01-03,제육볶음,2
2024-01-04,제육볶음,3
2024-01-05,제육볶음,0
2024-01-06,제육볶음,2
2024-01-07,제육볶음,3
2024-01-08,제육볶음,0
2024-01-09,제육볶음,2
2024-01-10,제육볶음,2
2024-01-11,제육볶음,0
2024-01-12,제육볶음,3
2024-01-13,제육볶음,3
2024-01-14,제육볶음,3
2024-01-15,제육볶음,0
2024-01-16,제육볶음,3
2024-01-17,제육볶음,2
2024-01-18,제육볶음,0
2024-01-19,제육볶음,2
2024-01-20,제육볶음,2
2024-01-21,제육볶음,4
2024-01-22,제육볶음,3
2024-01-23,제육볶음,2
2024-01-24,제육볶음,2
2024-01-25,제육볶음,2
2024-01-26,제육볶음,2
2024-01-27,제육볶음,2
2024-01-28,제육볶음,3
2024-01-29,제육볶음,0
2024-01-30,제육볶음,0
2024-01-31,제육볶음,0
2024-02-01,제육볶음,2
2024-02-02,제육볶음,3
2024-02-03,제육볶음,2
2024-02-04,제육볶음,0
2024-02-05,제육볶음,3
2024-02-06,제육볶음,2
2024-02-07,제육볶음,2
2024-02-08,제육볶음,0
2024-02-09,제육볶음,2
2024-02-10,제육볶음,0
2024-02-11,제육볶음,0
2024-02-12,제육볶음,0
2024-02-13,제육볶음,0
2024-02-14,제육볶음,2
2024-02-15,제육볶음,0
2024-02-16,제육볶음,2
2024-02-17,제육볶음,0
2024-02-18,제육볶음,2
2024-02-19,제육볶음,0
2024-02-20,제육볶음,2
2024-02-21,제육볶음,0
2024-02-22,제육볶음,0
2024-02-23,제육볶음,0
2024-02-24,제육볶음,0
2024-02-25,제육볶음,2
2024-02-26,제육볶음,0
2024-02-27,제육볶음,2
2024-02-28,제육볶음,2
2024-02-29,제육볶음,0
2024-03-01,제육볶음,3
2024-03-02,제육볶음,2
2024-03-03,제육볶음,0
2024-03-04,제육볶음,2
2024-03-05,제육볶음,2
2024-03-06,제육볶음,2
2024-03-07,제육볶음,0
2024-03-08,제육볶음,0
2024-03-09,제육볶음,3
2024-03-10,제육볶음,0
2024-03-11,제육볶음,0
2024-03-12,제육볶음,2
2024-03-13,제육볶음,0
2024-03-14,제육볶음,0
2024-03-15,제육볶음,2
2024-03-16,제육볶음,2
2024-03-17,제육볶음,0
2024-03-18,제육볶음,2
2024-03-19,제육볶음,2
2024-03-20,제육볶음,0
2024-03-21,제육볶음,3
2024-03-22,제육볶음,0
2024-03-23,제육볶음,0
2024-03-24,제육볶음,2
2024-03-25,제육볶음,2
2024-03-26,제육볶음,0
2024-03-27,제육볶음,0
2024-03-28,제육볶음,0
2024-03-29,제육볶음,2
2024-03-30,제육볶음,2
2024-03-31,제육볶음,2
2024-04-01,제육볶음,2
2024-04-02,제육볶음,0
2024-04-03,제육볶음,0
2024-04-04,제육볶음,3
2024-04-05,제육볶음,0
2024-04-06,제육볶음,0
2024-04-07,제육볶음,3
2024-04-08,제육볶음,2
2024-04-09,제육볶음,2
2024-04-10,제육볶음,3
2024-04-11,제육볶음,0
2024-04-12,제육볶음,0
2024-04-13,제육볶음,0
2024-04-14,제육볶음,0
2024-04-15,제육볶음,0
2024-04-16,제육볶음,2
2024-04-17,제육볶음,3
2024-04-18,제육볶음,2
2024-04-19,제육볶음,2
2024-04-20,제육볶음,4
2024-04-21,제육볶음,2
2024-04-22,제육볶음,0
2024-04-23,제육볶음,2
2024-04-24,제육볶음,2
2024-04-25,제육볶음,3
2024-04-26,제육볶음,3
2024-04-27,제육볶음,2
2024-04-28,제육볶음,0
2024-04-29,제육볶음,0
2024-04-30,제육볶음,2
2024-01-01,참치찌개,0
2024-01-02,참치찌개,0
2024-01-03,참치찌개,0
2024-01-04,참치찌개,0
2024-01-05,참치찌개,0
2024-01-06,참치찌개,0
2024-01-07,참치찌개,0
2024-01-08,참치찌개,0
2024-01-09,참치찌개,0
2024-01-10,참치찌개,0
2024-01-11,참치찌개,0
2024-01-12,참치찌개,0
2024-01-13,참치찌개,0
2024-01-14,참치찌개,0
2024-01-15,참치찌개,0
2024-01-16,참치찌개,0
2024-01-17,참치찌개,0
2024-01-18,참치찌개,0
2024-01-19,참치찌개,0
2024-01-20,참치찌개,0
2024-01-21,참치찌개,0
2024-01-22,참치찌개,0
2024-01-23,참치찌개,0
2024-01-24,참치찌개,0
2024-01-25,참치찌개,0
2024-01-26,참치찌개,0
2024-01-27,참치찌개,0
2024-01-28,참치찌개,0
2024-01-29,참치찌개,0
2024-01-30,참치찌개,0
2024-01-31,참치찌개,0
2024-02-01,참치찌개,0
2024-02-02,참치찌개,0
2024-02-03,참치찌개,0
2024-02-04,참치찌개,0
2024-02-05,참치찌개,0
2024-02-06,참치찌개,0
2024-02-07,참치찌개,0
2024-02-08,참치찌개,0
2024-02-09,참치찌개,0
2024-02-10,참치찌개,0
2024-02-11,참치찌개,0
2024-02-12,참치찌개,0
2024-02-13,참치찌개,0
2024-02-14,참치찌개,0
2024-02-15,참치찌개,0
2024-02-16,참치찌개,0
2024-02-17,참치찌개,0
2024-02-18,참치찌개,0
2024-02-19,참치찌개,0
2024-02-20,참치찌개,0
2024-02-21,참치찌개,0
2024-02-22,참치찌개,0
2024-02-23,참치찌개,0
2024-02-24,참치찌개,0
2024-02-25,참치찌개,0
2024-02-26,참치찌개,0
2024-02-27,참치찌개,0
2024-02-28,참치찌개,0
2024-02-29,참치찌개,0
2024-03-01,참치찌개,0
2024-03-02,참치찌개,0
2024-03-03,참치찌개,0
2024-03-04,참치찌개,0
2024-03-05,참치찌개,0
2024-03-06,참치찌개,0
2024-03-07,참치찌개,0
2024-03-08,참치찌개,0
2024-03-09,참치찌개,0
2024-03-10,참치찌개,0
2024-03-11,참치찌개,0
2024-03-12,참치찌개,0
2024-03-13,참치찌개,0
2024-03-14,참치찌개,0
2024-03-15,참치찌개,0
2024-03-16,참치찌개,0
2024-03-17,참치찌개,0
2024-03-18,참치찌개,0
2024-03-19,참치찌개,0
2024-03-20,참치찌개,0
2024-03-21,참치찌개,0
2024-03-22,참치찌개,0
2024-03-23,참치찌개,0
2024-03-24,참치찌개,0
2024-03-25,참치찌개,0
2024-03-26,참치찌개,0
2024-03-27,참치찌개,0
2024-03-28,참치찌개,0
2024-03-29,참치찌개,0
2024-03-30,참치찌개,0
2024-03-31,참치찌개,0
2024-04-01,참치찌개,0
2024-04-02,참치찌개,0
2024-04-03,참치찌개,0
2024-04-04,참치찌개,0
2024-04-05,참치찌개,0
2024-04-06,참치찌개,0
2024-04-07,참치찌개,0
2024-04-08,참치찌개,0
2024-04-09,참치찌개,0
2024-04-10,참치찌개,0
2024-04-11,참치찌개,0
2024-04-12,참치찌개,0
2024-04-13,참치찌개,0
2024-04-14,참치찌개,2
2024-04-15,참치찌개,0
2024-04-16,참치찌개,0
2024-04-17,참치찌개,0
2024-04-18,참치찌개,0
2024-04-19,참치찌개,0
2024-04-20,참치찌개,0
2024-04-21,참치찌개,0
2024-04-22,참치찌개,0
2024-04-23,참치찌개,0
2024-04-24,참치찌개,0
2024-04-25,참치찌개,0
2024-04-26,참치찌개,0
2024-04-27,참치찌개,0
2024-04-28,참치찌개,0
2024-04-29,참치찌개,0
2024-04-30,참치찌개,0
2024-01-01,해산물요리,0
2024-01-02,해산물요리,0
2024-01-03,해산물요리,0
2024-01-04,해산물요리,0
2024-01-05,해산물요리,0
2024-01-06,해산물요리,0
2024-01-07,해산물요리,0
2024-01-08,해산물요리,0
2024-01-09,해산물요리,0
2024-01-10,해산물요리,0
2024-01-11,해산물요리,0
2024-01-12,해산물요리,0
2024-01-13,해산물요리,0
2024-01-14,해산물요리,0
2024-01-15,해산물요리,0
2024-01-16,해산물요리,0
2024-01-17,해산물요리,0
2024-01-18,해산물요리,0
2024-01-19,해산물요리,0
2024-01-20,해산물요리,0
2024-01-21,해산물요리,0
2024-01-22,해산물요리,0
2024-01-23,해산물요리,0
2024-01-24,해산물요리,0
2024-01-25,해산물요리,0
2024-01-26,해산물요리,0
2024-01-27,해산물요리,0
2024-01-28,해산물요리,0
2024-01-29,해산물요리,0
2024-01-30,해산물요리,0
2024-01-31,해산물요리,0
2024-02-01,해산물요리,0
2024-02-02,해산물요리,0
2024-02-03,해산물요리,0
2024-02-04,해산물요리,0
2024-02-05,해산물요리,0
2024-02-06,해산물요리,0
2024-02-07,해산물요리,0
2024-02-08,해산물요리,0
2024-02-09,해산물요리,0
2024-02-10,해산물요리,0
2024-02-11,해산물요리,0
2024-02-12,해산물요리,0
2024-02-13,해산물요리,0
2024-02-14,해산물요리,0
2024-02-15,해산물요리,0
2024-02-16,해산물요리,0
2024-02-17,해산물요리,0
2024-02-18,해산물요리,0
2024-02-19,해산물요리,0
2024-02-20,해산물요리,0
2024-02-21,해산물요리,0
2024-02-22,해산물요리,0
2024-02-23,해산물요리,0
2024-02-24,해산물요리,0
2024-02-25,해산물요리,0
2024-02-26,해산물요리,0
2024-02-27,해산물요리,0
2024-02-28,해산물요리,0
2024-02-29,해산물요리,0
2024-03-01,해산물요리,0
2024-03-02,해산물요리,0
2024-03-03,해산물요리,0
2024-03-04,해산물요리,0
2024-03-05,해산물요리,0
2024-03-06,해산물요리,0
2024-03-07,해산물요리,0
2024-03-08,해산물요리,0
2024-03-09,해산물요리,0
2024-03-10,해산물요리,0
2024-03-11,해산물요리,0
2024-03-12,해산물요리,0
2024-03-13,해산물요리,0
2024-03-14,해산물요리,0
2024-03-15,해산물요리,0
2024-03-16,해산물요리,0
2024-03-17,해산물요리,0
2024-03-18,해산물요리,0
2024-03-19,해산물요리,0
2024-03-20,해산물요리,0
2024-03-21,해산물요리,0
2024-03-22,해산물요리,1
2024-03-23,해산물요리,0
2024-03-24,해산물요리,0
2024-03-25,해산물요리,0
2024-03-26,해산물요리,0
2024-03-27,해산물요리,0
2024-03-28,해산물요리,0
2024-03-29,해산물요리,0
2024-03-30,해산물요리,0
2024-03-31,해산물요리,0
2024-04-01,해산물요리,0
2024-04-02,해산물요리,0
2024-04-03,해산물요리,0
2024-04-04,해산물요리,0
2024-04-05,해산물요리,0
2024-04-06,해산물요리,0
2024-04-07,해산물요리,0
2024-04-08,해산물요리,0
2024-04-09,해산물요리,0
2024-04-10,해산물요리,0
2024-04-11,해산물요리,0
2024-04-12,해산물요리,0
2024-04-13,해산물요리,0
2024-04-14,해산물요리,0
2024-04-15,해산물요리,0
2024-04-16,해산물요리,0
2024-04-17,해산물요리,0
2024-04-18,해산물요리,0
2024-04-19,해산물요리,0
2024-04-20,해산물요리,0
2024-04-21,해산물요리,0
2024-04-22,해산물요리,0
2024-04-23,해산물요리,0
2024-04-24,해산물요리,0
2024-04-25,해산물요리,0
2024-04-26,해산물요리,0
2024-04-27,해산물요리,0
2024-04-28,해산물요리,0
2024-04-29,해산물요리,0
2024-04-30,해산물요리,0
2024-01-01,김치찌개,3
2024-01-02,김치찌개,2
2024-01-03,김치찌개,3
2024-01-04,김치찌개,3
2024-01-05,김치찌개,3
2024-01-06,김치찌개,4
2024-01-07,김치찌개,5
2024-01-08,김치찌개,5
2024-01-09,김치찌개,3
2024-01-10,김치찌개,3
2024-01-11,김치찌개,2
2024-01-12,김치찌개,2
2024-01-13,김치찌개,3
2024-01-14,김치찌개,4
2024-01-15,김치찌개,3
2024-01-16,김치찌개,3
2024-01-17,김치찌개,4
2024-01-18,김치찌개,3
2024-01-19,김치찌개,3
2024-01-20,김치찌개,3
2024-01-21,김치찌개,3
2024-01-22,김치찌개,3
2024-01-23,김치찌개,3
2024-01-24,김치찌개,3
2024-01-25,김치찌개,2
2024-01-26,김치찌개,2
2024-01-27,김치찌개,4
2024-01-28,김치찌개,4
2024-01-29,김치찌개,3
2024-01-30,김치찌개,2
2024-01-31,김치찌개,3
2024-02-01,김치찌개,2
2024-02-02,김치찌개,2
2024-02-03,김치찌개,3
2024-02-04,김치찌개,4
2024-02-05,김치찌개,3
2024-02-06,김치찌개,2
2024-02-07,김치찌개,3
2024-02-08,김치찌개,3
2024-02-09,김치찌개,2
2024-02-10,김치찌개,2
2024-02-11,김치찌개,3
2024-02-12,김치찌개,3
2024-02-13,김치찌개,4
2024-02-14,김치찌개,2
2024-02-15,김치찌개,2
2024-02-16,김치찌개,2
2024-02-17,김치찌개,2
2024-02-18,김치찌개,4
2024-02-19,김치찌개,3
2024-02-20,김치찌개,2
2024-02-21,김치찌개,3
2024-02-22,김치찌개,2
2024-02-23,김치찌개,2
2024-02-24,김치찌개,2
2024-02-25,김치찌개,3
2024-02-26,김치찌개,3
2024-02-27,김치찌개,2
2024-02-28,김치찌개,2
2024-02-29,김치찌개,3
2024-03-01,김치찌개,4
2024-03-02,김치찌개,3
2024-03-03,김치찌개,3
2024-03-04,김치찌개,3
2024-03-05,김치찌개,3
2024-03-06,김치찌개,2
2024-03-07,김치찌개,2
2024-03-08,김치찌개,3
2024-03-09,김치찌개,3
2024-03-10,김치찌개,2
2024-03-11,김치찌개,3
2024-03-12,김치찌개,3
2024-03-13,김치찌개,2
2024-03-14,김치찌개,2
2024-03-15,김치찌개,3
2024-03-16,김치찌개,4
2024-03-17,김치찌개,3
2024-03-18,김치찌개,2
2024-03-19,김치찌개,2
2024-03-20,김치찌개,2
2024-03-21,김치찌개,2
2024-03-22,김치찌개,2
2024-03-23,김치찌개,3
2024-03-24,김치찌개,3
2024-03-25,김치찌개,2
2024-03-26,김치찌개,2
2024-03-27,김치찌개,4
2024-03-28,김치찌개,3
2024-03-29,김치찌개,3
2024-03-30,김치찌개,4
2024-03-31,김치찌개,3
2024-04-01,김치찌개,3
2024-04-02,김치찌개,2
2024-04-03,김치찌개,2
2024-04-04,김치찌개,3
2024-04-05,김치찌개,3
2024-04-06,김치찌개,3
2024-04-07,김치찌개,3
2024-04-08,김치찌개,2
2024-04-09,김치찌개,3
2024-04-10,김치찌개,3
2024-04-11,김치찌개,3
2024-04-12,김치찌개,2
2024-04-13,김치찌개,2
2024-04-14,김치찌개,3
2024-04-15,김치찌개,3
2024-04-16,김치찌개,3
2024-04-17,김치찌개,2
2024-04-18,김치찌개,1
2024-04-19,김치찌개,2
2024-04-20,김치찌개,3
2024-04-21,김치찌개,2
2024-04-22,김치찌개,3
2024-04-23,김치찌개,3
2024-04-24,김치찌개,3
2024-04-25,김치찌개,2
2024-04-26,김치찌개,3
2024-04-27,김치찌개,3
2024-04-28,김치찌개,3
2024-04-29,김치찌개,3
2024-04-30,김치찌개,2
2024-01-01,국,16
2024-01-02,국,14
2024-01-03,국,14
2024-01-04,국,13
2024-01-05,국,11
2024-01-06,국,14
2024-01-07,국,16
2024-01-08,국,14
2024-01-09,국,12
2024-01-10,국,12
2024-01-11,국,13
2024-01-12,국,14
2024-01-13,국,16
2024-01-14,국,17
2024-01-15,국,14
2024-01-16,국,16
2024-01-17,국,13
2024-01-18,국,14
2024-01-19,국,10
2024-01-20,국,12
2024-01-21,국,14
2024-01-22,국,13
2024-01-23,국,12
2024-01-24,국,12
2024-01-25,국,14
2024-01-26,국,11
2024-01-27,국,14
2024-01-28,국,14
2024-01-29,국,13
2024-01-30,국,13
2024-01-31,국,11
2024-02-01,국,11
2024-02-02,국,13
2024-02-03,국,12
2024-02-04,국,14
2024-02-05,국,13
2024-02-06,국,14
2024-02-07,국,11
2024-02-08,국,13
2024-02-09,국,14
2024-02-10,국,11
2024-02-11,국,12
2024-02-12,국,12
2024-02-13,국,12
2024-02-14,국,12
2024-02-15,국,13
2024-02-16,국,11
2024-02-17,국,12
2024-02-18,국,12
2024-02-19,국,10
2024-02-20,국,11
2024-02-21,국,13
2024-02-22,국,11
2024-02-23,국,12
2024-02-24,국,11
2024-02-25,국,11
2024-02-26,국,13
2024-02-27,국,11
2024-02-28,국,13
2024-02-29,국,12
2024-03-01,국,13
2024-03-02,국,13
2024-03-03,국,13
2024-03-04,국,15
2024-03-05,국,15
2024-03-06,국,13
2024-03-07,국,12
2024-03-08,국,11
2024-03-09,국,13
2024-03-10,국,12
2024-03-11,국,13
2024-03-12,국,11
2024-03-13,국,12
2024-03-14,국,13
2024-03-15,국,15
2024-03-16,국,12
2024-03-17,국,11
2024-03-18,국,12
2024-03-19,국,13
2024-03-20,국,13
2024-03-21,국,12
2024-03-22,국,13
2024-03-23,국,14
2024-03-24,국,12
2024-03-25,국,12
2024-03-26,국,15
2024-03-27,국,11
2024-03-28,국,14
2024-03-29,국,13
2024-03-30,국,12
2024-03-31,국,13
2024-04-01,국,11
2024-04-02,국,12
2024-04-03,국,10
2024-04-04,국,14
2024-04-05,국,16
2024-04-06,국,12
2024-04-07,국,15
2024-04-08,국,14
2024-04-09,국,12
2024-04-10,국,13
2024-04-11,국,14
2024-04-12,국,18
2024-04-13,국,13
2024-04-14,국,12
2024-04-15,국,13
2024-04-16,국,14
2024-04-17,국,12
2024-04-18,국,14
2024-04-19,국,12
2024-04-20,국,12
2024-04-21,국,12
2024-04-22,국,12
2024-04-23,국,12
2024-04-24,국,13
2024-04-25,국,14
2024-04-26,국,11
2024-04-27,국,13
2024-04-28,국,12
2024-04-29,국,14
2024-04-30,국,11
2024-01-01,두루치기,0
2024-01-02,두루치기,0
2024-01-03,두루치기,0
2024-01-04,두루치기,0
2024-01-05,두루치기,0
2024-01-06,두루치기,0
2024-01-07,두루치기,0
2024-01-08,두루치기,0
2024-01-09,두루치기,0
2024-01-10,두루치기,0
2024-01-11,두루치기,0
2024-01-12,두루치기,0
2024-01-13,두루치기,0
2024-01-14,두루치기,0
2024-01-15,두루치기,0
2024-01-16,두루치기,0
2024-01-17,두루치기,0
2024-01-18,두루치기,1
2024-01-19,두루치기,0
2024-01-20,두루치기,0
2024-01-21,두루치기,0
2024-01-22,두루치기,0
2024-01-23,두루치기,0
2024-01-24,두루치기,1
2024-01-25,두루치기,0
2024-01-26,두루치기,0
2024-01-27,두루치기,1
2024-01-28,두루치기,1
2024-01-29,두루치기,0
2024-01-30,두루치기,0
2024-01-31,두루치기,0
2024-02-01,두루치기,0
2024-02-02,두루치기,0
2024-02-03,두루치기,0
2024-02-04,두루치기,0
2024-02-05,두루치기,0
2024-02-06,두루치기,0
2024-02-07,두루치기,0
2024-02-08,두루치기,0
2024-02-09,두루치기,0
2024-02-10,두루치기,0
2024-02-11,두루치기,0
2024-02-12,두루치기,0
2024-02-13,두루치기,0
2024-02-14,두루치기,0
2024-02-15,두루치기,0
2024-02-16,두루치기,0
2024-02-17,두루치기,0
2024-02-18,두루치기,0
2024-02-19,두루치기,0
2024-02-20,두루치기,0
2024-02-21,두루치기,0
2024-02-22,두루치기,0
2024-02-23,두루치기,0
2024-02-24,두루치기,0
2024-02-25,두루치기,0
2024-02-26,두루치기,0
2024-02-27,두루치기,0
2024-02-28,두루치기,0
2024-02-29,두루치기,0
2024-03-01,두루치기,0
2024-03-02,두루치기,0
2024-03-03,두루치기,0
2024-03-04,두루치기,0
2024-03-05,두루치기,0
2024-03-06,두루치기,0
2024-03-07,두루치기,0
2024-03-08,두루치기,0
2024-03-09,두루치기,0
2024-03-10,두루치기,2
2024-03-11,두루치기,0
2024-03-12,두루치기,0
2024-03-13,두루치기,0
2024-03-14,두루치기,0
2024-03-15,두루치기,1
2024-03-16,두루치기,0
2024-03-17,두루치기,0
2024-03-18,두루치기,0
2024-03-19,두루치기,0
2024-03-20,두루치기,0
2024-03-21,두루치기,0
2024-03-22,두루치기,0
2024-03-23,두루치기,0
2024-03-24,두루치기,1
2024-03-25,두루치기,0
2024-03-26,두루치기,0
2024-03-27,두루치기,0
2024-03-28,두루치기,0
2024-03-29,두루치기,0
2024-03-30,두루치기,0
2024-03-31,두루치기,0
2024-04-01,두루치기,0
2024-04-02,두루치기,0
2024-04-03,두루치기,0
2024-04-04,두루치기,0
2024-04-05,두루치기,0
2024-04-06,두루치기,0
2024-04-07,두루치기,0
2024-04-08,두루치기,0
2024-04-09,두루치기,0
2024-04-10,두루치기,0
2024-04-11,두루치기,0
2024-04-12,두루치기,0
2024-04-13,두루치기,0
2024-04-14,두루치기,0
2024-04-15,두루치기,0
2024-04-16,두루치기,0
2024-04-17,두루치기,1
2024-04-18,두루치기,0
2024-04-19,두루치기,0
2024-04-20,두루치기,0
2024-04-21,두루치기,0
2024-04-22,두루치기,0
2024-04-23,두루치기,0
2024-04-24,두루치기,0
2024-04-25,두루치기,0
2024-04-26,두루치기,0
2024-04-27,두루치기,0
2024-04-28,두루치기,0
2024-04-29,두루치기,0
2024-04-30,두루치기,0
2024-01-01,회,44
2024-01-02,회,39
2024-01-03,회,36
2024-01-04,회,36
2024-01-05,회,40
2024-01-06,회,57
2024-01-07,회,65
2024-01-08,회,48
2024-01-09,회,37
2024-01-10,회,38
2024-01-11,회,37
2024-01-12,회,41
2024-01-13,회,67
2024-01-14,회,70
2024-01-15,회,42
2024-01-16,회,42
2024-01-17,회,41
2024-01-18,회,36
2024-01-19,회,37
2024-01-20,회,45
2024-01-21,회,43
2024-01-22,회,37
2024-01-23,회,38
2024-01-24,회,33
2024-01-25,회,36
2024-01-26,회,34
2024-01-27,회,47
2024-01-28,회,58
2024-01-29,회,37
2024-01-30,회,32
2024-01-31,회,35
2024-02-01,회,32
2024-02-02,회,34
2024-02-03,회,48
2024-02-04,회,60
2024-02-05,회,41
2024-02-06,회,33
2024-02-07,회,35
2024-02-08,회,31
2024-02-09,회,34
2024-02-10,회,50
2024-02-11,회,62
2024-02-12,회,45
2024-02-13,회,40
2024-02-14,회,34
2024-02-15,회,38
2024-02-16,회,44
2024-02-17,회,59
2024-02-18,회,47
2024-02-19,회,42
2024-02-20,회,38
2024-02-21,회,38
2024-02-22,회,42
2024-02-23,회,42
2024-02-24,회,49
2024-02-25,회,40
2024-02-26,회,40
2024-02-27,회,34
2024-02-28,회,32
2024-02-29,회,34
2024-03-01,회,34
2024-03-02,회,43
2024-03-03,회,39
2024-03-04,회,36
2024-03-05,회,33
2024-03-06,회,32
2024-03-07,회,33
2024-03-08,회,35
2024-03-09,회,65
2024-03-10,회,67
2024-03-11,회,44
2024-03-12,회,36
2024-03-13,회,36
2024-03-14,회,36
2024-03-15,회,43
2024-03-16,회,71
2024-03-17,회,72
2024-03-18,회,43
2024-03-19,회,36
2024-03-20,회,38
2024-03-21,회,33
2024-03-22,회,100
2024-03-23,회,87
2024-03-24,회,74
2024-03-25,회,42
2024-03-26,회,35
2024-03-27,회,34
2024-03-28,회,34
2024-03-29,회,36
2024-03-30,회,60
2024-03-31,회,62
2024-04-01,회,41
2024-04-02,회,34
2024-04-03,회,33
2024-04-04,회,32
2024-04-05,회,36
2024-04-06,회,60
2024-04-07,회,58
2024-04-08,회,41
2024-04-09,회,34
2024-04-10,회,34
2024-04-11,회,37
2024-04-12,회,37
2024-04-13,회,58
2024-04-14,회,58
2024-04-15,회,40
2024-04-16,회,37
2024-04-17,회,36
2024-04-18,회,37
2024-04-19,회,37
2024-04-20,회,61
2024-04-21,회,70
2024-04-22,회,41
2024-04-23,회,33
2024-04-24,회,31
2024-04-25,회,34
2024-04-26,회,41
2024-04-27,회,59
2024-04-28,회,61
2024-04-29,회,46
2024-04-30,회,35
2024-01-01,불고기,60
2024-01-02,불고기,60
2024-01-03,불고기,77
2024-01-04,불고기,92
2024-01-05,불고기,75
2024-01-06,불고기,63
2024-01-07,불고기,71
2024-01-08,불고기,74
2024-01-09,불고기,66
2024-01-10,불고기,80
2024-01-11,불고기,55
2024-01-12,불고기,70
2024-01-13,불고기,83
2024-01-14,불고기,57
2024-01-15,불고기,62
2024-01-16,불고기,48
2024-01-17,불고기,69
2024-01-18,불고기,63
2024-01-19,불고기,48
2024-01-20,불고기,74
2024-01-21,불고기,70
2024-01-22,불고기,55
2024-01-23,불고기,67
2024-01-24,불고기,73
2024-01-25,불고기,56
2024-01-26,불고기,56
2024-01-27,불고기,52
2024-01-28,불고기,59
2024-01-29,불고기,66
2024-01-30,불고기,70
2024-01-31,불고기,60
2024-02-01,불고기,62
2024-02-02,불고기,65
2024-02-03,불고기,66
2024-02-04,불고기,92
2024-02-05,불고기,79
2024-02-06,불고기,60
2024-02-07,불고기,65
2024-02-08,불고기,87
2024-02-09,불고기,92
2024-02-10,불고기,69
2024-02-11,불고기,60
2024-02-12,불고기,60
2024-02-13,불고기,58
2024-02-14,불고기,63
2024-02-15,불고기,49
2024-02-16,불고기,54
2024-02-17,불고기,55
2024-02-18,불고기,72
2024-02-19,불고기,57
2024-02-20,불고기,55
2024-02-21,불고기,41
2024-02-22,불고기,61
2024-02-23,불고기,57
2024-02-24,불고기,70
2024-02-25,불고기,57
2024-02-26,불고기,71
2024-02-27,불고기,63
2024-02-28,불고기,54
2024-02-29,불고기,78
2024-03-01,불고기,76
2024-03-02,불고기,65
2024-03-03,불고기,79
2024-03-04,불고기,49
2024-03-05,불고기,72
2024-03-06,불고기,61
2024-03-07,불고기,65
2024-03-08,불고기,63
2024-03-09,불고기,64
2024-03-10,불고기,67
2024-03-11,불고기,65
2024-03-12,불고기,65
2024-03-13,불고기,75
2024-03-14,불고기,77
2024-03-15,불고기,68
2024-03-16,불고기,66
2024-03-17,불고기,87
2024-03-18,불고기,75
2024-03-19,불고기,83
2024-03-20,불고기,72
2024-03-21,불고기,76
2024-03-22,불고기,65
2024-03-23,불고기,72
2024-03-24,불고기,59
2024-03-25,불고기,74
2024-03-26,불고기,66
2024-03-27,불고기,75
2024-03-28,불고기,62
2024-03-29,불고기,72
2024-03-30,불고기,76
2024-03-31,불고기,71
2024-04-01,불고기,63
2024-04-02,불고기,61
2024-04-03,불고기,67
2024-04-04,불고기,81
2024-04-05,불고기,64
2024-04-06,불고기,70
2024-04-07,불고기,45
2024-04-08,불고기,79
2024-04-09,불고기,68
2024-04-10,불고기,70
2024-04-11,불고기,86
2024-04-12,불고기,92
2024-04-13,불고기,71
2024-04-14,불고기,55
2024-04-15,불고기,67
2024-04-16,불고기,75
2024-04-17,불고기,65
2024-04-18,불고기,100
2024-04-19,불고기,79
2024-04-20,불고기,70
2024-04-21,불고기,60
2024-04-22,불고기,86
2024-04-23,불고기,69
2024-04-24,불고기,74
2024-04-25,불고기,83
2024-04-26,불고기,75
2024-04-27,불고기,81
2024-04-28,불고기,55
2024-04-29,불고기,80
2024-04-30,불고기,69
